nta_id,nta_name,borough,food_insecure_percentage,food_insecure_percentage_rank,unemployment_rate,unemployment_rate_rank,vulnerable_population_percentage,vulnerable_population_percentage_rank,supply_gap,weighted_score,total_sites,pantry_sites,kitchen_sites,weekday_sites,weekend_sites,report_date,cdta_id,total_families_with_children_shelter,high_shelter_flag,coverage_ratio,is_high_priority,coverage_category,coverage_category_label,has_kitchen,has_weekend,log_total_sites,log_coverage_ratio,priority_normalized,is_low_coverage,is_high_coverage
BK0104,East Williamsburg,Brooklyn,35.99,1,6.38,126,12.43,146,2776626.0961,8.221,1,1,0,1,0,2023-01-31,BK01,0.0,0.0,0.027785495971103084,1,0,Low,0,0,0.6931471805599453,0.02740648375342329,1.0,1,0
BK0104,East Williamsburg,Brooklyn,35.99,1,6.38,126,12.43,146,2776626.0961,8.221,1,1,0,1,0,2023-02-28,BK01,0.0,0.0,0.027785495971103084,1,0,Low,0,0,0.6931471805599453,0.02740648375342329,1.0,1,0
BK0104,East Williamsburg,Brooklyn,35.99,1,6.38,126,12.43,146,2776626.0961,8.221,1,1,0,1,0,2023-03-31,BK01,0.0,0.0,0.027785495971103084,1,0,Low,0,0,0.6931471805599453,0.02740648375342329,1.0,1,0
BK0104,East Williamsburg,Brooklyn,35.99,1,6.38,126,12.43,146,2776626.0961,8.221,1,1,0,1,0,2023-04-30,BK01,0.0,0.0,0.027785495971103084,1,0,Low,0,0,0.6931471805599453,0.02740648375342329,1.0,1,0
BK0104,East Williamsburg,Brooklyn,35.99,1,6.38,126,12.43,146,2776626.0961,8.221,1,1,0,1,0,2023-05-31,BK01,0.0,0.0,0.027785495971103084,1,0,Low,0,0,0.6931471805599453,0.02740648375342329,1.0,1,0
BK0104,East Williamsburg,Brooklyn,35.99,1,6.38,126,12.43,146,2776626.0961,8.221,1,1,0,1,0,2023-06-30,BK01,0.0,0.0,0.027785495971103084,1,0,Low,0,0,0.6931471805599453,0.02740648375342329,1.0,1,0
BK0104,East Williamsburg,Brooklyn,35.99,1,6.38,126,12.43,146,2776626.0961,8.221,1,1,0,1,0,2023-07-31,BK01,0.0,0.0,0.027785495971103084,1,0,Low,0,0,0.6931471805599453,0.02740648375342329,1.0,1,0
BK0104,East Williamsburg,Brooklyn,35.99,1,6.38,126,12.43,146,2776626.0961,8.221,1,1,0,1,0,2023-08-31,BK01,0.0,0.0,0.027785495971103084,1,0,Low,0,0,0.6931471805599453,0.02740648375342329,1.0,1,0
BK0104,East Williamsburg,Brooklyn,35.99,1,6.38,126,12.43,146,2776626.0961,8.221,1,1,0,1,0,2023-09-30,BK01,0.0,0.0,0.027785495971103084,1,0,Low,0,0,0.6931471805599453,0.02740648375342329,1.0,1,0
BK0104,East Williamsburg,Brooklyn,35.99,1,6.38,126,12.43,146,2776626.0961,8.221,1,1,0,1,0,2023-10-31,BK01,0.0,0.0,0.027785495971103084,1,0,Low,0,0,0.6931471805599453,0.02740648375342329,1.0,1,0
BK0104,East Williamsburg,Brooklyn,35.99,1,6.38,126,12.43,146,2776626.0961,8.221,1,1,0,1,0,2023-11-30,BK01,0.0,0.0,0.027785495971103084,1,0,Low,0,0,0.6931471805599453,0.02740648375342329,1.0,1,0
BK0104,East Williamsburg,Brooklyn,35.99,1,6.38,126,12.43,146,2776626.0961,8.221,1,1,0,1,0,2023-12-31,BK01,0.0,0.0,0.027785495971103084,1,0,Low,0,0,0.6931471805599453,0.02740648375342329,1.0,1,0
BK0104,East Williamsburg,Brooklyn,35.99,1,6.38,126,12.43,146,2776626.0961,8.221,1,1,0,1,0,2024-01-31,BK01,0.0,0.0,0.027785495971103084,1,0,Low,0,0,0.6931471805599453,0.02740648375342329,1.0,1,0
BK0104,East Williamsburg,Brooklyn,35.99,1,6.38,126,12.43,146,2776626.0961,8.221,1,1,0,1,0,2024-02-29,BK01,0.0,0.0,0.027785495971103084,1,0,Low,0,0,0.6931471805599453,0.02740648375342329,1.0,1,0
BK0104,East Williamsburg,Brooklyn,35.99,1,6.38,126,12.43,146,2776626.0961,8.221,1,1,0,1,0,2024-03-31,BK01,0.0,0.0,0.027785495971103084,1,0,Low,0,0,0.6931471805599453,0.02740648375342329,1.0,1,0
BK0104,East Williamsburg,Brooklyn,35.99,1,6.38,126,12.43,146,2776626.0961,8.221,1,1,0,1,0,2024-04-30,BK01,0.0,0.0,0.027785495971103084,1,0,Low,0,0,0.6931471805599453,0.02740648375342329,1.0,1,0
BK0104,East Williamsburg,Brooklyn,35.99,1,6.38,126,12.43,146,2776626.0961,8.221,1,1,0,1,0,2024-05-31,BK01,0.0,0.0,0.027785495971103084,1,0,Low,0,0,0.6931471805599453,0.02740648375342329,1.0,1,0
BK0104,East Williamsburg,Brooklyn,35.99,1,6.38,126,12.43,146,2776626.0961,8.221,1,1,0,1,0,2024-06-30,BK01,0.0,0.0,0.027785495971103084,1,0,Low,0,0,0.6931471805599453,0.02740648375342329,1.0,1,0
BK0104,East Williamsburg,Brooklyn,35.99,1,6.38,126,12.43,146,2776626.0961,8.221,1,1,0,1,0,2024-07-31,BK01,0.0,0.0,0.027785495971103084,1,0,Low,0,0,0.6931471805599453,0.02740648375342329,1.0,1,0
BK0104,East Williamsburg,Brooklyn,35.99,1,6.38,126,12.43,146,2776626.0961,8.221,1,1,0,1,0,2024-08-31,BK01,0.0,0.0,0.027785495971103084,1,0,Low,0,0,0.6931471805599453,0.02740648375342329,1.0,1,0
BK0104,East Williamsburg,Brooklyn,35.99,1,6.38,126,12.43,146,2776626.0961,8.221,1,1,0,1,0,2024-09-30,BK01,0.0,0.0,0.027785495971103084,1,0,Low,0,0,0.6931471805599453,0.02740648375342329,1.0,1,0
BK0104,East Williamsburg,Brooklyn,35.99,1,6.38,126,12.43,146,2776626.0961,8.221,1,1,0,1,0,2024-10-31,BK01,0.0,0.0,0.027785495971103084,1,0,Low,0,0,0.6931471805599453,0.02740648375342329,1.0,1,0
BK0104,East Williamsburg,Brooklyn,35.99,1,6.38,126,12.43,146,2776626.0961,8.221,1,1,0,1,0,2024-11-30,BK01,0.0,0.0,0.027785495971103084,1,0,Low,0,0,0.6931471805599453,0.02740648375342329,1.0,1,0
BK0104,East Williamsburg,Brooklyn,35.99,1,6.38,126,12.43,146,2776626.0961,8.221,1,1,0,1,0,2024-12-31,BK01,0.0,0.0,0.027785495971103084,1,0,Low,0,0,0.6931471805599453,0.02740648375342329,1.0,1,0
BX0501,University Heights (South)-Morris Heights,Bronx,29.44,14,11.98,20,19.63,34,1669388.8684,8.0704,3,3,0,3,0,2023-01-31,BX05,1326.0,1.0,0.10190217391304347,1,0,Low,0,0,1.3862943611198906,0.09703793538653668,0.9770185103233583,1,0
BX0501,University Heights (South)-Morris Heights,Bronx,29.44,14,11.98,20,19.63,34,1669388.8684,8.0704,3,3,0,3,0,2023-02-28,BX05,1359.0,1.0,0.10190217391304347,1,0,Low,0,0,1.3862943611198906,0.09703793538653668,0.9770185103233583,1,0
BX0501,University Heights (South)-Morris Heights,Bronx,29.44,14,11.98,20,19.63,34,1669388.8684,8.0704,3,3,0,3,0,2023-03-31,BX05,1421.0,1.0,0.10190217391304347,1,0,Low,0,0,1.3862943611198906,0.09703793538653668,0.9770185103233583,1,0
BX0501,University Heights (South)-Morris Heights,Bronx,29.44,14,11.98,20,19.63,34,1669388.8684,8.0704,3,3,0,3,0,2023-04-30,BX05,1504.0,1.0,0.10190217391304347,1,0,Low,0,0,1.3862943611198906,0.09703793538653668,0.9770185103233583,1,0
BX0501,University Heights (South)-Morris Heights,Bronx,29.44,14,11.98,20,19.63,34,1669388.8684,8.0704,3,3,0,3,0,2023-05-31,BX05,1550.0,1.0,0.10190217391304347,1,0,Low,0,0,1.3862943611198906,0.09703793538653668,0.9770185103233583,1,0
BX0501,University Heights (South)-Morris Heights,Bronx,29.44,14,11.98,20,19.63,34,1669388.8684,8.0704,3,3,0,3,0,2023-06-30,BX05,1703.0,1.0,0.10190217391304347,1,0,Low,0,0,1.3862943611198906,0.09703793538653668,0.9770185103233583,1,0
BX0501,University Heights (South)-Morris Heights,Bronx,29.44,14,11.98,20,19.63,34,1669388.8684,8.0704,3,3,0,3,0,2023-07-31,BX05,1766.0,1.0,0.10190217391304347,1,0,Low,0,0,1.3862943611198906,0.09703793538653668,0.9770185103233583,1,0
BX0501,University Heights (South)-Morris Heights,Bronx,29.44,14,11.98,20,19.63,34,1669388.8684,8.0704,3,3,0,3,0,2023-08-31,BX05,1750.0,1.0,0.10190217391304347,1,0,Low,0,0,1.3862943611198906,0.09703793538653668,0.9770185103233583,1,0
BX0501,University Heights (South)-Morris Heights,Bronx,29.44,14,11.98,20,19.63,34,1669388.8684,8.0704,3,3,0,3,0,2023-09-30,BX05,1770.0,1.0,0.10190217391304347,1,0,Low,0,0,1.3862943611198906,0.09703793538653668,0.9770185103233583,1,0
BX0501,University Heights (South)-Morris Heights,Bronx,29.44,14,11.98,20,19.63,34,1669388.8684,8.0704,3,3,0,3,0,2023-10-31,BX05,1907.0,1.0,0.10190217391304347,1,0,Low,0,0,1.3862943611198906,0.09703793538653668,0.9770185103233583,1,0
BX0501,University Heights (South)-Morris Heights,Bronx,29.44,14,11.98,20,19.63,34,1669388.8684,8.0704,3,3,0,3,0,2023-11-30,BX05,1866.0,1.0,0.10190217391304347,1,0,Low,0,0,1.3862943611198906,0.09703793538653668,0.9770185103233583,1,0
BX0501,University Heights (South)-Morris Heights,Bronx,29.44,14,11.98,20,19.63,34,1669388.8684,8.0704,3,3,0,3,0,2023-12-31,BX05,1897.0,1.0,0.10190217391304347,1,0,Low,0,0,1.3862943611198906,0.09703793538653668,0.9770185103233583,1,0
BX0501,University Heights (South)-Morris Heights,Bronx,29.44,14,11.98,20,19.63,34,1669388.8684,8.0704,3,3,0,3,0,2024-01-31,BX05,1883.0,1.0,0.10190217391304347,1,0,Low,0,0,1.3862943611198906,0.09703793538653668,0.9770185103233583,1,0
BX0501,University Heights (South)-Morris Heights,Bronx,29.44,14,11.98,20,19.63,34,1669388.8684,8.0704,3,3,0,3,0,2024-02-29,BX05,1845.0,1.0,0.10190217391304347,1,0,Low,0,0,1.3862943611198906,0.09703793538653668,0.9770185103233583,1,0
BX0501,University Heights (South)-Morris Heights,Bronx,29.44,14,11.98,20,19.63,34,1669388.8684,8.0704,3,3,0,3,0,2024-03-31,BX05,1833.0,1.0,0.10190217391304347,1,0,Low,0,0,1.3862943611198906,0.09703793538653668,0.9770185103233583,1,0
BX0501,University Heights (South)-Morris Heights,Bronx,29.44,14,11.98,20,19.63,34,1669388.8684,8.0704,3,3,0,3,0,2024-04-30,BX05,1856.0,1.0,0.10190217391304347,1,0,Low,0,0,1.3862943611198906,0.09703793538653668,0.9770185103233583,1,0
BX0501,University Heights (South)-Morris Heights,Bronx,29.44,14,11.98,20,19.63,34,1669388.8684,8.0704,3,3,0,3,0,2024-05-31,BX05,1845.0,1.0,0.10190217391304347,1,0,Low,0,0,1.3862943611198906,0.09703793538653668,0.9770185103233583,1,0
BX0501,University Heights (South)-Morris Heights,Bronx,29.44,14,11.98,20,19.63,34,1669388.8684,8.0704,3,3,0,3,0,2024-06-30,BX05,1567.0,1.0,0.10190217391304347,1,0,Low,0,0,1.3862943611198906,0.09703793538653668,0.9770185103233583,1,0
BX0501,University Heights (South)-Morris Heights,Bronx,29.44,14,11.98,20,19.63,34,1669388.8684,8.0704,3,3,0,3,0,2024-07-31,BX05,1559.0,1.0,0.10190217391304347,1,0,Low,0,0,1.3862943611198906,0.09703793538653668,0.9770185103233583,1,0
BX0501,University Heights (South)-Morris Heights,Bronx,29.44,14,11.98,20,19.63,34,1669388.8684,8.0704,3,3,0,3,0,2024-08-31,BX05,1562.0,1.0,0.10190217391304347,1,0,Low,0,0,1.3862943611198906,0.09703793538653668,0.9770185103233583,1,0
BX0501,University Heights (South)-Morris Heights,Bronx,29.44,14,11.98,20,19.63,34,1669388.8684,8.0704,3,3,0,3,0,2024-09-30,BX05,1468.0,1.0,0.10190217391304347,1,0,Low,0,0,1.3862943611198906,0.09703793538653668,0.9770185103233583,1,0
BX0501,University Heights (South)-Morris Heights,Bronx,29.44,14,11.98,20,19.63,34,1669388.8684,8.0704,3,3,0,3,0,2024-10-31,BX05,1398.0,1.0,0.10190217391304347,1,0,Low,0,0,1.3862943611198906,0.09703793538653668,0.9770185103233583,1,0
BX0501,University Heights (South)-Morris Heights,Bronx,29.44,14,11.98,20,19.63,34,1669388.8684,8.0704,3,3,0,3,0,2024-11-30,BX05,1099.0,1.0,0.10190217391304347,1,0,Low,0,0,1.3862943611198906,0.09703793538653668,0.9770185103233583,1,0
BX0501,University Heights (South)-Morris Heights,Bronx,29.44,14,11.98,20,19.63,34,1669388.8684,8.0704,3,3,0,3,0,2024-12-31,BX05,1081.0,1.0,0.10190217391304347,1,0,Low,0,0,1.3862943611198906,0.09703793538653668,0.9770185103233583,1,0
BX0901,Soundview-Bruckner-Bronx River,Bronx,22.63,36,10.06,32,21.43,25,1625975.8588,7.6866,4,3,1,1,3,2023-01-31,BX09,1197.0,1.0,0.17675651789659744,1,1,High,1,1,1.6094379124341003,0.16276194018039486,0.9184508095405228,0,1
BX0901,Soundview-Bruckner-Bronx River,Bronx,22.63,36,10.06,32,21.43,25,1625975.8588,7.6866,4,3,1,1,3,2023-02-28,BX09,1216.0,1.0,0.17675651789659744,1,1,High,1,1,1.6094379124341003,0.16276194018039486,0.9184508095405228,0,1
BX0901,Soundview-Bruckner-Bronx River,Bronx,22.63,36,10.06,32,21.43,25,1625975.8588,7.6866,4,3,1,1,3,2023-03-31,BX09,1220.0,1.0,0.17675651789659744,1,1,High,1,1,1.6094379124341003,0.16276194018039486,0.9184508095405228,0,1
BX0901,Soundview-Bruckner-Bronx River,Bronx,22.63,36,10.06,32,21.43,25,1625975.8588,7.6866,4,3,1,1,3,2023-04-30,BX09,1233.0,1.0,0.17675651789659744,1,1,High,1,1,1.6094379124341003,0.16276194018039486,0.9184508095405228,0,1
BX0901,Soundview-Bruckner-Bronx River,Bronx,22.63,36,10.06,32,21.43,25,1625975.8588,7.6866,4,3,1,1,3,2023-05-31,BX09,1251.0,1.0,0.17675651789659744,1,1,High,1,1,1.6094379124341003,0.16276194018039486,0.9184508095405228,0,1
BX0901,Soundview-Bruckner-Bronx River,Bronx,22.63,36,10.06,32,21.43,25,1625975.8588,7.6866,4,3,1,1,3,2023-06-30,BX09,1231.0,1.0,0.17675651789659744,1,1,High,1,1,1.6094379124341003,0.16276194018039486,0.9184508095405228,0,1
BX0901,Soundview-Bruckner-Bronx River,Bronx,22.63,36,10.06,32,21.43,25,1625975.8588,7.6866,4,3,1,1,3,2023-07-31,BX09,1227.0,1.0,0.17675651789659744,1,1,High,1,1,1.6094379124341003,0.16276194018039486,0.9184508095405228,0,1
BX0901,Soundview-Bruckner-Bronx River,Bronx,22.63,36,10.06,32,21.43,25,1625975.8588,7.6866,4,3,1,1,3,2023-08-31,BX09,1245.0,1.0,0.17675651789659744,1,1,High,1,1,1.6094379124341003,0.16276194018039486,0.9184508095405228,0,1
BX0901,Soundview-Bruckner-Bronx River,Bronx,22.63,36,10.06,32,21.43,25,1625975.8588,7.6866,4,3,1,1,3,2023-09-30,BX09,1240.0,1.0,0.17675651789659744,1,1,High,1,1,1.6094379124341003,0.16276194018039486,0.9184508095405228,0,1
BX0901,Soundview-Bruckner-Bronx River,Bronx,22.63,36,10.06,32,21.43,25,1625975.8588,7.6866,4,3,1,1,3,2023-10-31,BX09,1211.0,1.0,0.17675651789659744,1,1,High,1,1,1.6094379124341003,0.16276194018039486,0.9184508095405228,0,1
BX0901,Soundview-Bruckner-Bronx River,Bronx,22.63,36,10.06,32,21.43,25,1625975.8588,7.6866,4,3,1,1,3,2023-11-30,BX09,1196.0,1.0,0.17675651789659744,1,1,High,1,1,1.6094379124341003,0.16276194018039486,0.9184508095405228,0,1
BX0901,Soundview-Bruckner-Bronx River,Bronx,22.63,36,10.06,32,21.43,25,1625975.8588,7.6866,4,3,1,1,3,2023-12-31,BX09,1140.0,1.0,0.17675651789659744,1,1,High,1,1,1.6094379124341003,0.16276194018039486,0.9184508095405228,0,1
BX0901,Soundview-Bruckner-Bronx River,Bronx,22.63,36,10.06,32,21.43,25,1625975.8588,7.6866,4,3,1,1,3,2024-01-31,BX09,1166.0,1.0,0.17675651789659744,1,1,High,1,1,1.6094379124341003,0.16276194018039486,0.9184508095405228,0,1
BX0901,Soundview-Bruckner-Bronx River,Bronx,22.63,36,10.06,32,21.43,25,1625975.8588,7.6866,4,3,1,1,3,2024-02-29,BX09,1166.0,1.0,0.17675651789659744,1,1,High,1,1,1.6094379124341003,0.16276194018039486,0.9184508095405228,0,1
BX0901,Soundview-Bruckner-Bronx River,Bronx,22.63,36,10.06,32,21.43,25,1625975.8588,7.6866,4,3,1,1,3,2024-03-31,BX09,1173.0,1.0,0.17675651789659744,1,1,High,1,1,1.6094379124341003,0.16276194018039486,0.9184508095405228,0,1
BX0901,Soundview-Bruckner-Bronx River,Bronx,22.63,36,10.06,32,21.43,25,1625975.8588,7.6866,4,3,1,1,3,2024-04-30,BX09,1279.0,1.0,0.17675651789659744,1,1,High,1,1,1.6094379124341003,0.16276194018039486,0.9184508095405228,0,1
BX0901,Soundview-Bruckner-Bronx River,Bronx,22.63,36,10.06,32,21.43,25,1625975.8588,7.6866,4,3,1,1,3,2024-05-31,BX09,1366.0,1.0,0.17675651789659744,1,1,High,1,1,1.6094379124341003,0.16276194018039486,0.9184508095405228,0,1
BX0901,Soundview-Bruckner-Bronx River,Bronx,22.63,36,10.06,32,21.43,25,1625975.8588,7.6866,4,3,1,1,3,2024-06-30,BX09,1532.0,1.0,0.17675651789659744,1,1,High,1,1,1.6094379124341003,0.16276194018039486,0.9184508095405228,0,1
BX0901,Soundview-Bruckner-Bronx River,Bronx,22.63,36,10.06,32,21.43,25,1625975.8588,7.6866,4,3,1,1,3,2024-07-31,BX09,1548.0,1.0,0.17675651789659744,1,1,High,1,1,1.6094379124341003,0.16276194018039486,0.9184508095405228,0,1
BX0901,Soundview-Bruckner-Bronx River,Bronx,22.63,36,10.06,32,21.43,25,1625975.8588,7.6866,4,3,1,1,3,2024-08-31,BX09,1568.0,1.0,0.17675651789659744,1,1,High,1,1,1.6094379124341003,0.16276194018039486,0.9184508095405228,0,1
BX0901,Soundview-Bruckner-Bronx River,Bronx,22.63,36,10.06,32,21.43,25,1625975.8588,7.6866,4,3,1,1,3,2024-09-30,BX09,1518.0,1.0,0.17675651789659744,1,1,High,1,1,1.6094379124341003,0.16276194018039486,0.9184508095405228,0,1
BX0901,Soundview-Bruckner-Bronx River,Bronx,22.63,36,10.06,32,21.43,25,1625975.8588,7.6866,4,3,1,1,3,2024-10-31,BX09,1535.0,1.0,0.17675651789659744,1,1,High,1,1,1.6094379124341003,0.16276194018039486,0.9184508095405228,0,1
BX0901,Soundview-Bruckner-Bronx River,Bronx,22.63,36,10.06,32,21.43,25,1625975.8588,7.6866,4,3,1,1,3,2024-11-30,BX09,1528.0,1.0,0.17675651789659744,1,1,High,1,1,1.6094379124341003,0.16276194018039486,0.9184508095405228,0,1
BX0901,Soundview-Bruckner-Bronx River,Bronx,22.63,36,10.06,32,21.43,25,1625975.8588,7.6866,4,3,1,1,3,2024-12-31,BX09,1550.0,1.0,0.17675651789659744,1,1,High,1,1,1.6094379124341003,0.16276194018039486,0.9184508095405228,0,1
MN1202,Washington Heights (North),Manhattan,24.29,28,12.25,19,18.57,41,1463457.0199,7.3895,2,2,1,2,0,2023-01-31,MN12,0.0,0.0,0.08233841086867023,1,0,Low,1,0,1.0986122886681098,0.07912389572770871,0.8731134882727258,1,0
MN1202,Washington Heights (North),Manhattan,24.29,28,12.25,19,18.57,41,1463457.0199,7.3895,2,2,1,2,0,2023-02-28,MN12,0.0,0.0,0.08233841086867023,1,0,Low,1,0,1.0986122886681098,0.07912389572770871,0.8731134882727258,1,0
MN1202,Washington Heights (North),Manhattan,24.29,28,12.25,19,18.57,41,1463457.0199,7.3895,2,2,1,2,0,2023-03-31,MN12,0.0,0.0,0.08233841086867023,1,0,Low,1,0,1.0986122886681098,0.07912389572770871,0.8731134882727258,1,0
MN1202,Washington Heights (North),Manhattan,24.29,28,12.25,19,18.57,41,1463457.0199,7.3895,2,2,1,2,0,2023-04-30,MN12,0.0,0.0,0.08233841086867023,1,0,Low,1,0,1.0986122886681098,0.07912389572770871,0.8731134882727258,1,0
MN1202,Washington Heights (North),Manhattan,24.29,28,12.25,19,18.57,41,1463457.0199,7.3895,2,2,1,2,0,2023-05-31,MN12,0.0,0.0,0.08233841086867023,1,0,Low,1,0,1.0986122886681098,0.07912389572770871,0.8731134882727258,1,0
MN1202,Washington Heights (North),Manhattan,24.29,28,12.25,19,18.57,41,1463457.0199,7.3895,2,2,1,2,0,2023-06-30,MN12,0.0,0.0,0.08233841086867023,1,0,Low,1,0,1.0986122886681098,0.07912389572770871,0.8731134882727258,1,0
MN1202,Washington Heights (North),Manhattan,24.29,28,12.25,19,18.57,41,1463457.0199,7.3895,2,2,1,2,0,2023-07-31,MN12,0.0,0.0,0.08233841086867023,1,0,Low,1,0,1.0986122886681098,0.07912389572770871,0.8731134882727258,1,0
MN1202,Washington Heights (North),Manhattan,24.29,28,12.25,19,18.57,41,1463457.0199,7.3895,2,2,1,2,0,2023-08-31,MN12,0.0,0.0,0.08233841086867023,1,0,Low,1,0,1.0986122886681098,0.07912389572770871,0.8731134882727258,1,0
MN1202,Washington Heights (North),Manhattan,24.29,28,12.25,19,18.57,41,1463457.0199,7.3895,2,2,1,2,0,2023-09-30,MN12,0.0,0.0,0.08233841086867023,1,0,Low,1,0,1.0986122886681098,0.07912389572770871,0.8731134882727258,1,0
MN1202,Washington Heights (North),Manhattan,24.29,28,12.25,19,18.57,41,1463457.0199,7.3895,2,2,1,2,0,2023-10-31,MN12,0.0,0.0,0.08233841086867023,1,0,Low,1,0,1.0986122886681098,0.07912389572770871,0.8731134882727258,1,0
MN1202,Washington Heights (North),Manhattan,24.29,28,12.25,19,18.57,41,1463457.0199,7.3895,2,2,1,2,0,2023-11-30,MN12,0.0,0.0,0.08233841086867023,1,0,Low,1,0,1.0986122886681098,0.07912389572770871,0.8731134882727258,1,0
MN1202,Washington Heights (North),Manhattan,24.29,28,12.25,19,18.57,41,1463457.0199,7.3895,2,2,1,2,0,2023-12-31,MN12,0.0,0.0,0.08233841086867023,1,0,Low,1,0,1.0986122886681098,0.07912389572770871,0.8731134882727258,1,0
MN1202,Washington Heights (North),Manhattan,24.29,28,12.25,19,18.57,41,1463457.0199,7.3895,2,2,1,2,0,2024-01-31,MN12,0.0,0.0,0.08233841086867023,1,0,Low,1,0,1.0986122886681098,0.07912389572770871,0.8731134882727258,1,0
MN1202,Washington Heights (North),Manhattan,24.29,28,12.25,19,18.57,41,1463457.0199,7.3895,2,2,1,2,0,2024-02-29,MN12,0.0,0.0,0.08233841086867023,1,0,Low,1,0,1.0986122886681098,0.07912389572770871,0.8731134882727258,1,0
MN1202,Washington Heights (North),Manhattan,24.29,28,12.25,19,18.57,41,1463457.0199,7.3895,2,2,1,2,0,2024-03-31,MN12,0.0,0.0,0.08233841086867023,1,0,Low,1,0,1.0986122886681098,0.07912389572770871,0.8731134882727258,1,0
MN1202,Washington Heights (North),Manhattan,24.29,28,12.25,19,18.57,41,1463457.0199,7.3895,2,2,1,2,0,2024-04-30,MN12,0.0,0.0,0.08233841086867023,1,0,Low,1,0,1.0986122886681098,0.07912389572770871,0.8731134882727258,1,0
MN1202,Washington Heights (North),Manhattan,24.29,28,12.25,19,18.57,41,1463457.0199,7.3895,2,2,1,2,0,2024-05-31,MN12,0.0,0.0,0.08233841086867023,1,0,Low,1,0,1.0986122886681098,0.07912389572770871,0.8731134882727258,1,0
MN1202,Washington Heights (North),Manhattan,24.29,28,12.25,19,18.57,41,1463457.0199,7.3895,2,2,1,2,0,2024-06-30,MN12,0.0,0.0,0.08233841086867023,1,0,Low,1,0,1.0986122886681098,0.07912389572770871,0.8731134882727258,1,0
MN1202,Washington Heights (North),Manhattan,24.29,28,12.25,19,18.57,41,1463457.0199,7.3895,2,2,1,2,0,2024-07-31,MN12,0.0,0.0,0.08233841086867023,1,0,Low,1,0,1.0986122886681098,0.07912389572770871,0.8731134882727258,1,0
MN1202,Washington Heights (North),Manhattan,24.29,28,12.25,19,18.57,41,1463457.0199,7.3895,2,2,1,2,0,2024-08-31,MN12,0.0,0.0,0.08233841086867023,1,0,Low,1,0,1.0986122886681098,0.07912389572770871,0.8731134882727258,1,0
MN1202,Washington Heights (North),Manhattan,24.29,28,12.25,19,18.57,41,1463457.0199,7.3895,2,2,1,2,0,2024-09-30,MN12,0.0,0.0,0.08233841086867023,1,0,Low,1,0,1.0986122886681098,0.07912389572770871,0.8731134882727258,1,0
MN1202,Washington Heights (North),Manhattan,24.29,28,12.25,19,18.57,41,1463457.0199,7.3895,2,2,1,2,0,2024-10-31,MN12,0.0,0.0,0.08233841086867023,1,0,Low,1,0,1.0986122886681098,0.07912389572770871,0.8731134882727258,1,0
MN1202,Washington Heights (North),Manhattan,24.29,28,12.25,19,18.57,41,1463457.0199,7.3895,2,2,1,2,0,2024-11-30,MN12,0.0,0.0,0.08233841086867023,1,0,Low,1,0,1.0986122886681098,0.07912389572770871,0.8731134882727258,1,0
MN1202,Washington Heights (North),Manhattan,24.29,28,12.25,19,18.57,41,1463457.0199,7.3895,2,2,1,2,0,2024-12-31,MN12,0.0,0.0,0.08233841086867023,1,0,Low,1,0,1.0986122886681098,0.07912389572770871,0.8731134882727258,1,0
BK1503,Sheepshead Bay-Manhattan Beach-Gerritsen Beach,Brooklyn,21.11,42,4.91,170,15.95,81,1907055.7504,7.2775,1,1,1,1,0,2023-01-31,BK15,204.0,0.0,0.047370914258645196,1,0,Low,1,0,0.6931471805599453,0.04628313300912569,0.8560223405716378,1,0
BK1503,Sheepshead Bay-Manhattan Beach-Gerritsen Beach,Brooklyn,21.11,42,4.91,170,15.95,81,1907055.7504,7.2775,1,1,1,1,0,2023-02-28,BK15,204.0,0.0,0.047370914258645196,1,0,Low,1,0,0.6931471805599453,0.04628313300912569,0.8560223405716378,1,0
BK1503,Sheepshead Bay-Manhattan Beach-Gerritsen Beach,Brooklyn,21.11,42,4.91,170,15.95,81,1907055.7504,7.2775,1,1,1,1,0,2023-03-31,BK15,191.0,0.0,0.047370914258645196,1,0,Low,1,0,0.6931471805599453,0.04628313300912569,0.8560223405716378,1,0
BK1503,Sheepshead Bay-Manhattan Beach-Gerritsen Beach,Brooklyn,21.11,42,4.91,170,15.95,81,1907055.7504,7.2775,1,1,1,1,0,2023-04-30,BK15,196.0,0.0,0.047370914258645196,1,0,Low,1,0,0.6931471805599453,0.04628313300912569,0.8560223405716378,1,0
BK1503,Sheepshead Bay-Manhattan Beach-Gerritsen Beach,Brooklyn,21.11,42,4.91,170,15.95,81,1907055.7504,7.2775,1,1,1,1,0,2023-05-31,BK15,368.0,0.0,0.047370914258645196,1,0,Low,1,0,0.6931471805599453,0.04628313300912569,0.8560223405716378,1,0
BK1503,Sheepshead Bay-Manhattan Beach-Gerritsen Beach,Brooklyn,21.11,42,4.91,170,15.95,81,1907055.7504,7.2775,1,1,1,1,0,2023-06-30,BK15,363.0,0.0,0.047370914258645196,1,0,Low,1,0,0.6931471805599453,0.04628313300912569,0.8560223405716378,1,0
BK1503,Sheepshead Bay-Manhattan Beach-Gerritsen Beach,Brooklyn,21.11,42,4.91,170,15.95,81,1907055.7504,7.2775,1,1,1,1,0,2023-07-31,BK15,346.0,0.0,0.047370914258645196,1,0,Low,1,0,0.6931471805599453,0.04628313300912569,0.8560223405716378,1,0
BK1503,Sheepshead Bay-Manhattan Beach-Gerritsen Beach,Brooklyn,21.11,42,4.91,170,15.95,81,1907055.7504,7.2775,1,1,1,1,0,2023-08-31,BK15,335.0,0.0,0.047370914258645196,1,0,Low,1,0,0.6931471805599453,0.04628313300912569,0.8560223405716378,1,0
BK1503,Sheepshead Bay-Manhattan Beach-Gerritsen Beach,Brooklyn,21.11,42,4.91,170,15.95,81,1907055.7504,7.2775,1,1,1,1,0,2023-09-30,BK15,347.0,0.0,0.047370914258645196,1,0,Low,1,0,0.6931471805599453,0.04628313300912569,0.8560223405716378,1,0
BK1503,Sheepshead Bay-Manhattan Beach-Gerritsen Beach,Brooklyn,21.11,42,4.91,170,15.95,81,1907055.7504,7.2775,1,1,1,1,0,2023-10-31,BK15,529.0,0.0,0.047370914258645196,1,0,Low,1,0,0.6931471805599453,0.04628313300912569,0.8560223405716378,1,0
BK1503,Sheepshead Bay-Manhattan Beach-Gerritsen Beach,Brooklyn,21.11,42,4.91,170,15.95,81,1907055.7504,7.2775,1,1,1,1,0,2023-11-30,BK15,519.0,0.0,0.047370914258645196,1,0,Low,1,0,0.6931471805599453,0.04628313300912569,0.8560223405716378,1,0
BK1503,Sheepshead Bay-Manhattan Beach-Gerritsen Beach,Brooklyn,21.11,42,4.91,170,15.95,81,1907055.7504,7.2775,1,1,1,1,0,2023-12-31,BK15,496.0,0.0,0.047370914258645196,1,0,Low,1,0,0.6931471805599453,0.04628313300912569,0.8560223405716378,1,0
BK1503,Sheepshead Bay-Manhattan Beach-Gerritsen Beach,Brooklyn,21.11,42,4.91,170,15.95,81,1907055.7504,7.2775,1,1,1,1,0,2024-01-31,BK15,499.0,0.0,0.047370914258645196,1,0,Low,1,0,0.6931471805599453,0.04628313300912569,0.8560223405716378,1,0
BK1503,Sheepshead Bay-Manhattan Beach-Gerritsen Beach,Brooklyn,21.11,42,4.91,170,15.95,81,1907055.7504,7.2775,1,1,1,1,0,2024-02-29,BK15,499.0,0.0,0.047370914258645196,1,0,Low,1,0,0.6931471805599453,0.04628313300912569,0.8560223405716378,1,0
BK1503,Sheepshead Bay-Manhattan Beach-Gerritsen Beach,Brooklyn,21.11,42,4.91,170,15.95,81,1907055.7504,7.2775,1,1,1,1,0,2024-03-31,BK15,469.0,0.0,0.047370914258645196,1,0,Low,1,0,0.6931471805599453,0.04628313300912569,0.8560223405716378,1,0
BK1503,Sheepshead Bay-Manhattan Beach-Gerritsen Beach,Brooklyn,21.11,42,4.91,170,15.95,81,1907055.7504,7.2775,1,1,1,1,0,2024-04-30,BK15,471.0,0.0,0.047370914258645196,1,0,Low,1,0,0.6931471805599453,0.04628313300912569,0.8560223405716378,1,0
BK1503,Sheepshead Bay-Manhattan Beach-Gerritsen Beach,Brooklyn,21.11,42,4.91,170,15.95,81,1907055.7504,7.2775,1,1,1,1,0,2024-05-31,BK15,468.0,0.0,0.047370914258645196,1,0,Low,1,0,0.6931471805599453,0.04628313300912569,0.8560223405716378,1,0
BK1503,Sheepshead Bay-Manhattan Beach-Gerritsen Beach,Brooklyn,21.11,42,4.91,170,15.95,81,1907055.7504,7.2775,1,1,1,1,0,2024-06-30,BK15,191.0,0.0,0.047370914258645196,1,0,Low,1,0,0.6931471805599453,0.04628313300912569,0.8560223405716378,1,0
BK1503,Sheepshead Bay-Manhattan Beach-Gerritsen Beach,Brooklyn,21.11,42,4.91,170,15.95,81,1907055.7504,7.2775,1,1,1,1,0,2024-07-31,BK15,204.0,0.0,0.047370914258645196,1,0,Low,1,0,0.6931471805599453,0.04628313300912569,0.8560223405716378,1,0
BK1503,Sheepshead Bay-Manhattan Beach-Gerritsen Beach,Brooklyn,21.11,42,4.91,170,15.95,81,1907055.7504,7.2775,1,1,1,1,0,2024-08-31,BK15,189.0,0.0,0.047370914258645196,1,0,Low,1,0,0.6931471805599453,0.04628313300912569,0.8560223405716378,1,0
BK1503,Sheepshead Bay-Manhattan Beach-Gerritsen Beach,Brooklyn,21.11,42,4.91,170,15.95,81,1907055.7504,7.2775,1,1,1,1,0,2024-09-30,BK15,196.0,0.0,0.047370914258645196,1,0,Low,1,0,0.6931471805599453,0.04628313300912569,0.8560223405716378,1,0
BK1503,Sheepshead Bay-Manhattan Beach-Gerritsen Beach,Brooklyn,21.11,42,4.91,170,15.95,81,1907055.7504,7.2775,1,1,1,1,0,2024-10-31,BK15,194.0,0.0,0.047370914258645196,1,0,Low,1,0,0.6931471805599453,0.04628313300912569,0.8560223405716378,1,0
BK1503,Sheepshead Bay-Manhattan Beach-Gerritsen Beach,Brooklyn,21.11,42,4.91,170,15.95,81,1907055.7504,7.2775,1,1,1,1,0,2024-11-30,BK15,187.0,0.0,0.047370914258645196,1,0,Low,1,0,0.6931471805599453,0.04628313300912569,0.8560223405716378,1,0
BK1503,Sheepshead Bay-Manhattan Beach-Gerritsen Beach,Brooklyn,21.11,42,4.91,170,15.95,81,1907055.7504,7.2775,1,1,1,1,0,2024-12-31,BK15,182.0,0.0,0.047370914258645196,1,0,Low,1,0,0.6931471805599453,0.04628313300912569,0.8560223405716378,1,0
BX0403,Mount Eden-Claremont (West),Bronx,19.88,50,14.42,8,21.27,27,616739.6518,7.2076,3,3,0,3,1,2023-01-31,BX04,2238.0,1.0,0.15090543259557346,1,1,High,0,1,1.3862943611198906,0.14054896528316918,0.8453556332117623,0,1
BX0403,Mount Eden-Claremont (West),Bronx,19.88,50,14.42,8,21.27,27,616739.6518,7.2076,3,3,0,3,1,2023-02-28,BX04,2200.0,1.0,0.15090543259557346,1,1,High,0,1,1.3862943611198906,0.14054896528316918,0.8453556332117623,0,1
BX0403,Mount Eden-Claremont (West),Bronx,19.88,50,14.42,8,21.27,27,616739.6518,7.2076,3,3,0,3,1,2023-03-31,BX04,2177.0,1.0,0.15090543259557346,1,1,High,0,1,1.3862943611198906,0.14054896528316918,0.8453556332117623,0,1
BX0403,Mount Eden-Claremont (West),Bronx,19.88,50,14.42,8,21.27,27,616739.6518,7.2076,3,3,0,3,1,2023-04-30,BX04,2189.0,1.0,0.15090543259557346,1,1,High,0,1,1.3862943611198906,0.14054896528316918,0.8453556332117623,0,1
BX0403,Mount Eden-Claremont (West),Bronx,19.88,50,14.42,8,21.27,27,616739.6518,7.2076,3,3,0,3,1,2023-05-31,BX04,2243.0,1.0,0.15090543259557346,1,1,High,0,1,1.3862943611198906,0.14054896528316918,0.8453556332117623,0,1
BX0403,Mount Eden-Claremont (West),Bronx,19.88,50,14.42,8,21.27,27,616739.6518,7.2076,3,3,0,3,1,2023-06-30,BX04,2262.0,1.0,0.15090543259557346,1,1,High,0,1,1.3862943611198906,0.14054896528316918,0.8453556332117623,0,1
BX0403,Mount Eden-Claremont (West),Bronx,19.88,50,14.42,8,21.27,27,616739.6518,7.2076,3,3,0,3,1,2023-07-31,BX04,2221.0,1.0,0.15090543259557346,1,1,High,0,1,1.3862943611198906,0.14054896528316918,0.8453556332117623,0,1
BX0403,Mount Eden-Claremont (West),Bronx,19.88,50,14.42,8,21.27,27,616739.6518,7.2076,3,3,0,3,1,2023-08-31,BX04,2186.0,1.0,0.15090543259557346,1,1,High,0,1,1.3862943611198906,0.14054896528316918,0.8453556332117623,0,1
BX0403,Mount Eden-Claremont (West),Bronx,19.88,50,14.42,8,21.27,27,616739.6518,7.2076,3,3,0,3,1,2023-09-30,BX04,2226.0,1.0,0.15090543259557346,1,1,High,0,1,1.3862943611198906,0.14054896528316918,0.8453556332117623,0,1
BX0403,Mount Eden-Claremont (West),Bronx,19.88,50,14.42,8,21.27,27,616739.6518,7.2076,3,3,0,3,1,2023-10-31,BX04,2214.0,1.0,0.15090543259557346,1,1,High,0,1,1.3862943611198906,0.14054896528316918,0.8453556332117623,0,1
BX0403,Mount Eden-Claremont (West),Bronx,19.88,50,14.42,8,21.27,27,616739.6518,7.2076,3,3,0,3,1,2023-11-30,BX04,2198.0,1.0,0.15090543259557346,1,1,High,0,1,1.3862943611198906,0.14054896528316918,0.8453556332117623,0,1
BX0403,Mount Eden-Claremont (West),Bronx,19.88,50,14.42,8,21.27,27,616739.6518,7.2076,3,3,0,3,1,2023-12-31,BX04,2198.0,1.0,0.15090543259557346,1,1,High,0,1,1.3862943611198906,0.14054896528316918,0.8453556332117623,0,1
BX0403,Mount Eden-Claremont (West),Bronx,19.88,50,14.42,8,21.27,27,616739.6518,7.2076,3,3,0,3,1,2024-01-31,BX04,2169.0,1.0,0.15090543259557346,1,1,High,0,1,1.3862943611198906,0.14054896528316918,0.8453556332117623,0,1
BX0403,Mount Eden-Claremont (West),Bronx,19.88,50,14.42,8,21.27,27,616739.6518,7.2076,3,3,0,3,1,2024-02-29,BX04,2167.0,1.0,0.15090543259557346,1,1,High,0,1,1.3862943611198906,0.14054896528316918,0.8453556332117623,0,1
BX0403,Mount Eden-Claremont (West),Bronx,19.88,50,14.42,8,21.27,27,616739.6518,7.2076,3,3,0,3,1,2024-03-31,BX04,2149.0,1.0,0.15090543259557346,1,1,High,0,1,1.3862943611198906,0.14054896528316918,0.8453556332117623,0,1
BX0403,Mount Eden-Claremont (West),Bronx,19.88,50,14.42,8,21.27,27,616739.6518,7.2076,3,3,0,3,1,2024-04-30,BX04,2134.0,1.0,0.15090543259557346,1,1,High,0,1,1.3862943611198906,0.14054896528316918,0.8453556332117623,0,1
BX0403,Mount Eden-Claremont (West),Bronx,19.88,50,14.42,8,21.27,27,616739.6518,7.2076,3,3,0,3,1,2024-05-31,BX04,2120.0,1.0,0.15090543259557346,1,1,High,0,1,1.3862943611198906,0.14054896528316918,0.8453556332117623,0,1
BX0403,Mount Eden-Claremont (West),Bronx,19.88,50,14.42,8,21.27,27,616739.6518,7.2076,3,3,0,3,1,2024-06-30,BX04,2115.0,1.0,0.15090543259557346,1,1,High,0,1,1.3862943611198906,0.14054896528316918,0.8453556332117623,0,1
BX0403,Mount Eden-Claremont (West),Bronx,19.88,50,14.42,8,21.27,27,616739.6518,7.2076,3,3,0,3,1,2024-07-31,BX04,2124.0,1.0,0.15090543259557346,1,1,High,0,1,1.3862943611198906,0.14054896528316918,0.8453556332117623,0,1
BX0403,Mount Eden-Claremont (West),Bronx,19.88,50,14.42,8,21.27,27,616739.6518,7.2076,3,3,0,3,1,2024-08-31,BX04,2122.0,1.0,0.15090543259557346,1,1,High,0,1,1.3862943611198906,0.14054896528316918,0.8453556332117623,0,1
BX0403,Mount Eden-Claremont (West),Bronx,19.88,50,14.42,8,21.27,27,616739.6518,7.2076,3,3,0,3,1,2024-09-30,BX04,2169.0,1.0,0.15090543259557346,1,1,High,0,1,1.3862943611198906,0.14054896528316918,0.8453556332117623,0,1
BX0403,Mount Eden-Claremont (West),Bronx,19.88,50,14.42,8,21.27,27,616739.6518,7.2076,3,3,0,3,1,2024-10-31,BX04,2222.0,1.0,0.15090543259557346,1,1,High,0,1,1.3862943611198906,0.14054896528316918,0.8453556332117623,0,1
BX0403,Mount Eden-Claremont (West),Bronx,19.88,50,14.42,8,21.27,27,616739.6518,7.2076,3,3,0,3,1,2024-11-30,BX04,2133.0,1.0,0.15090543259557346,1,1,High,0,1,1.3862943611198906,0.14054896528316918,0.8453556332117623,0,1
BX0403,Mount Eden-Claremont (West),Bronx,19.88,50,14.42,8,21.27,27,616739.6518,7.2076,3,3,0,3,1,2024-12-31,BX04,2143.0,1.0,0.15090543259557346,1,1,High,0,1,1.3862943611198906,0.14054896528316918,0.8453556332117623,0,1
BX0702,Bedford Park,Bronx,30.06,12,13.33,13,24.55,17,640922.4202,7.1887,3,2,1,3,1,2023-01-31,BX07,450.0,0.0,0.0998003992015968,1,0,Low,1,1,1.3862943611198906,0.09512870806804968,0.8424715020372036,1,0
BX0702,Bedford Park,Bronx,30.06,12,13.33,13,24.55,17,640922.4202,7.1887,3,2,1,3,1,2023-02-28,BX07,452.0,0.0,0.0998003992015968,1,0,Low,1,1,1.3862943611198906,0.09512870806804968,0.8424715020372036,1,0
BX0702,Bedford Park,Bronx,30.06,12,13.33,13,24.55,17,640922.4202,7.1887,3,2,1,3,1,2023-03-31,BX07,464.0,0.0,0.0998003992015968,1,0,Low,1,1,1.3862943611198906,0.09512870806804968,0.8424715020372036,1,0
BX0702,Bedford Park,Bronx,30.06,12,13.33,13,24.55,17,640922.4202,7.1887,3,2,1,3,1,2023-04-30,BX07,482.0,0.0,0.0998003992015968,1,0,Low,1,1,1.3862943611198906,0.09512870806804968,0.8424715020372036,1,0
BX0702,Bedford Park,Bronx,30.06,12,13.33,13,24.55,17,640922.4202,7.1887,3,2,1,3,1,2023-05-31,BX07,478.0,0.0,0.0998003992015968,1,0,Low,1,1,1.3862943611198906,0.09512870806804968,0.8424715020372036,1,0
BX0702,Bedford Park,Bronx,30.06,12,13.33,13,24.55,17,640922.4202,7.1887,3,2,1,3,1,2023-06-30,BX07,476.0,0.0,0.0998003992015968,1,0,Low,1,1,1.3862943611198906,0.09512870806804968,0.8424715020372036,1,0
BX0702,Bedford Park,Bronx,30.06,12,13.33,13,24.55,17,640922.4202,7.1887,3,2,1,3,1,2023-07-31,BX07,474.0,0.0,0.0998003992015968,1,0,Low,1,1,1.3862943611198906,0.09512870806804968,0.8424715020372036,1,0
BX0702,Bedford Park,Bronx,30.06,12,13.33,13,24.55,17,640922.4202,7.1887,3,2,1,3,1,2023-08-31,BX07,488.0,0.0,0.0998003992015968,1,0,Low,1,1,1.3862943611198906,0.09512870806804968,0.8424715020372036,1,0
BX0702,Bedford Park,Bronx,30.06,12,13.33,13,24.55,17,640922.4202,7.1887,3,2,1,3,1,2023-09-30,BX07,493.0,0.0,0.0998003992015968,1,0,Low,1,1,1.3862943611198906,0.09512870806804968,0.8424715020372036,1,0
BX0702,Bedford Park,Bronx,30.06,12,13.33,13,24.55,17,640922.4202,7.1887,3,2,1,3,1,2023-10-31,BX07,489.0,0.0,0.0998003992015968,1,0,Low,1,1,1.3862943611198906,0.09512870806804968,0.8424715020372036,1,0
BX0702,Bedford Park,Bronx,30.06,12,13.33,13,24.55,17,640922.4202,7.1887,3,2,1,3,1,2023-11-30,BX07,476.0,0.0,0.0998003992015968,1,0,Low,1,1,1.3862943611198906,0.09512870806804968,0.8424715020372036,1,0
BX0702,Bedford Park,Bronx,30.06,12,13.33,13,24.55,17,640922.4202,7.1887,3,2,1,3,1,2023-12-31,BX07,456.0,0.0,0.0998003992015968,1,0,Low,1,1,1.3862943611198906,0.09512870806804968,0.8424715020372036,1,0
BX0702,Bedford Park,Bronx,30.06,12,13.33,13,24.55,17,640922.4202,7.1887,3,2,1,3,1,2024-01-31,BX07,451.0,0.0,0.0998003992015968,1,0,Low,1,1,1.3862943611198906,0.09512870806804968,0.8424715020372036,1,0
BX0702,Bedford Park,Bronx,30.06,12,13.33,13,24.55,17,640922.4202,7.1887,3,2,1,3,1,2024-02-29,BX07,457.0,0.0,0.0998003992015968,1,0,Low,1,1,1.3862943611198906,0.09512870806804968,0.8424715020372036,1,0
BX0702,Bedford Park,Bronx,30.06,12,13.33,13,24.55,17,640922.4202,7.1887,3,2,1,3,1,2024-03-31,BX07,441.0,0.0,0.0998003992015968,1,0,Low,1,1,1.3862943611198906,0.09512870806804968,0.8424715020372036,1,0
BX0702,Bedford Park,Bronx,30.06,12,13.33,13,24.55,17,640922.4202,7.1887,3,2,1,3,1,2024-04-30,BX07,438.0,0.0,0.0998003992015968,1,0,Low,1,1,1.3862943611198906,0.09512870806804968,0.8424715020372036,1,0
BX0702,Bedford Park,Bronx,30.06,12,13.33,13,24.55,17,640922.4202,7.1887,3,2,1,3,1,2024-05-31,BX07,439.0,0.0,0.0998003992015968,1,0,Low,1,1,1.3862943611198906,0.09512870806804968,0.8424715020372036,1,0
BX0702,Bedford Park,Bronx,30.06,12,13.33,13,24.55,17,640922.4202,7.1887,3,2,1,3,1,2024-06-30,BX07,439.0,0.0,0.0998003992015968,1,0,Low,1,1,1.3862943611198906,0.09512870806804968,0.8424715020372036,1,0
BX0702,Bedford Park,Bronx,30.06,12,13.33,13,24.55,17,640922.4202,7.1887,3,2,1,3,1,2024-07-31,BX07,434.0,0.0,0.0998003992015968,1,0,Low,1,1,1.3862943611198906,0.09512870806804968,0.8424715020372036,1,0
BX0702,Bedford Park,Bronx,30.06,12,13.33,13,24.55,17,640922.4202,7.1887,3,2,1,3,1,2024-08-31,BX07,418.0,0.0,0.0998003992015968,1,0,Low,1,1,1.3862943611198906,0.09512870806804968,0.8424715020372036,1,0
BX0702,Bedford Park,Bronx,30.06,12,13.33,13,24.55,17,640922.4202,7.1887,3,2,1,3,1,2024-09-30,BX07,408.0,0.0,0.0998003992015968,1,0,Low,1,1,1.3862943611198906,0.09512870806804968,0.8424715020372036,1,0
BX0702,Bedford Park,Bronx,30.06,12,13.33,13,24.55,17,640922.4202,7.1887,3,2,1,3,1,2024-10-31,BX07,433.0,0.0,0.0998003992015968,1,0,Low,1,1,1.3862943611198906,0.09512870806804968,0.8424715020372036,1,0
BX0702,Bedford Park,Bronx,30.06,12,13.33,13,24.55,17,640922.4202,7.1887,3,2,1,3,1,2024-11-30,BX07,569.0,0.0,0.0998003992015968,1,0,Low,1,1,1.3862943611198906,0.09512870806804968,0.8424715020372036,1,0
BX0702,Bedford Park,Bronx,30.06,12,13.33,13,24.55,17,640922.4202,7.1887,3,2,1,3,1,2024-12-31,BX07,569.0,0.0,0.0998003992015968,1,0,Low,1,1,1.3862943611198906,0.09512870806804968,0.8424715020372036,1,0
BX0601,West Farms,Bronx,34.35,2,16.58,2,16.67,64,464644.5264,7.1209,3,2,1,2,1,2023-01-31,BX06,2057.0,1.0,0.08733624454148471,1,0,Low,1,1,1.3862943611198906,0.08373089291046797,0.8321252536967235,1,0
BX0601,West Farms,Bronx,34.35,2,16.58,2,16.67,64,464644.5264,7.1209,3,2,1,2,1,2023-02-28,BX06,2136.0,1.0,0.08733624454148471,1,0,Low,1,1,1.3862943611198906,0.08373089291046797,0.8321252536967235,1,0
BX0601,West Farms,Bronx,34.35,2,16.58,2,16.67,64,464644.5264,7.1209,3,2,1,2,1,2023-03-31,BX06,2076.0,1.0,0.08733624454148471,1,0,Low,1,1,1.3862943611198906,0.08373089291046797,0.8321252536967235,1,0
BX0601,West Farms,Bronx,34.35,2,16.58,2,16.67,64,464644.5264,7.1209,3,2,1,2,1,2023-04-30,BX06,2086.0,1.0,0.08733624454148471,1,0,Low,1,1,1.3862943611198906,0.08373089291046797,0.8321252536967235,1,0
BX0601,West Farms,Bronx,34.35,2,16.58,2,16.67,64,464644.5264,7.1209,3,2,1,2,1,2023-05-31,BX06,2097.0,1.0,0.08733624454148471,1,0,Low,1,1,1.3862943611198906,0.08373089291046797,0.8321252536967235,1,0
BX0601,West Farms,Bronx,34.35,2,16.58,2,16.67,64,464644.5264,7.1209,3,2,1,2,1,2023-06-30,BX06,2067.0,1.0,0.08733624454148471,1,0,Low,1,1,1.3862943611198906,0.08373089291046797,0.8321252536967235,1,0
BX0601,West Farms,Bronx,34.35,2,16.58,2,16.67,64,464644.5264,7.1209,3,2,1,2,1,2023-07-31,BX06,2067.0,1.0,0.08733624454148471,1,0,Low,1,1,1.3862943611198906,0.08373089291046797,0.8321252536967235,1,0
BX0601,West Farms,Bronx,34.35,2,16.58,2,16.67,64,464644.5264,7.1209,3,2,1,2,1,2023-08-31,BX06,2089.0,1.0,0.08733624454148471,1,0,Low,1,1,1.3862943611198906,0.08373089291046797,0.8321252536967235,1,0
BX0601,West Farms,Bronx,34.35,2,16.58,2,16.67,64,464644.5264,7.1209,3,2,1,2,1,2023-09-30,BX06,2115.0,1.0,0.08733624454148471,1,0,Low,1,1,1.3862943611198906,0.08373089291046797,0.8321252536967235,1,0
BX0601,West Farms,Bronx,34.35,2,16.58,2,16.67,64,464644.5264,7.1209,3,2,1,2,1,2023-10-31,BX06,2076.0,1.0,0.08733624454148471,1,0,Low,1,1,1.3862943611198906,0.08373089291046797,0.8321252536967235,1,0
BX0601,West Farms,Bronx,34.35,2,16.58,2,16.67,64,464644.5264,7.1209,3,2,1,2,1,2023-11-30,BX06,2042.0,1.0,0.08733624454148471,1,0,Low,1,1,1.3862943611198906,0.08373089291046797,0.8321252536967235,1,0
BX0601,West Farms,Bronx,34.35,2,16.58,2,16.67,64,464644.5264,7.1209,3,2,1,2,1,2023-12-31,BX06,2044.0,1.0,0.08733624454148471,1,0,Low,1,1,1.3862943611198906,0.08373089291046797,0.8321252536967235,1,0
BX0601,West Farms,Bronx,34.35,2,16.58,2,16.67,64,464644.5264,7.1209,3,2,1,2,1,2024-01-31,BX06,2080.0,1.0,0.08733624454148471,1,0,Low,1,1,1.3862943611198906,0.08373089291046797,0.8321252536967235,1,0
BX0601,West Farms,Bronx,34.35,2,16.58,2,16.67,64,464644.5264,7.1209,3,2,1,2,1,2024-02-29,BX06,2034.0,1.0,0.08733624454148471,1,0,Low,1,1,1.3862943611198906,0.08373089291046797,0.8321252536967235,1,0
BX0601,West Farms,Bronx,34.35,2,16.58,2,16.67,64,464644.5264,7.1209,3,2,1,2,1,2024-03-31,BX06,1985.0,1.0,0.08733624454148471,1,0,Low,1,1,1.3862943611198906,0.08373089291046797,0.8321252536967235,1,0
BX0601,West Farms,Bronx,34.35,2,16.58,2,16.67,64,464644.5264,7.1209,3,2,1,2,1,2024-04-30,BX06,1988.0,1.0,0.08733624454148471,1,0,Low,1,1,1.3862943611198906,0.08373089291046797,0.8321252536967235,1,0
BX0601,West Farms,Bronx,34.35,2,16.58,2,16.67,64,464644.5264,7.1209,3,2,1,2,1,2024-05-31,BX06,1962.0,1.0,0.08733624454148471,1,0,Low,1,1,1.3862943611198906,0.08373089291046797,0.8321252536967235,1,0
BX0601,West Farms,Bronx,34.35,2,16.58,2,16.67,64,464644.5264,7.1209,3,2,1,2,1,2024-06-30,BX06,2008.0,1.0,0.08733624454148471,1,0,Low,1,1,1.3862943611198906,0.08373089291046797,0.8321252536967235,1,0
BX0601,West Farms,Bronx,34.35,2,16.58,2,16.67,64,464644.5264,7.1209,3,2,1,2,1,2024-07-31,BX06,2014.0,1.0,0.08733624454148471,1,0,Low,1,1,1.3862943611198906,0.08373089291046797,0.8321252536967235,1,0
BX0601,West Farms,Bronx,34.35,2,16.58,2,16.67,64,464644.5264,7.1209,3,2,1,2,1,2024-08-31,BX06,1986.0,1.0,0.08733624454148471,1,0,Low,1,1,1.3862943611198906,0.08373089291046797,0.8321252536967235,1,0
BX0601,West Farms,Bronx,34.35,2,16.58,2,16.67,64,464644.5264,7.1209,3,2,1,2,1,2024-09-30,BX06,1948.0,1.0,0.08733624454148471,1,0,Low,1,1,1.3862943611198906,0.08373089291046797,0.8321252536967235,1,0
BX0601,West Farms,Bronx,34.35,2,16.58,2,16.67,64,464644.5264,7.1209,3,2,1,2,1,2024-10-31,BX06,2015.0,1.0,0.08733624454148471,1,0,Low,1,1,1.3862943611198906,0.08373089291046797,0.8321252536967235,1,0
BX0601,West Farms,Bronx,34.35,2,16.58,2,16.67,64,464644.5264,7.1209,3,2,1,2,1,2024-11-30,BX06,1828.0,1.0,0.08733624454148471,1,0,Low,1,1,1.3862943611198906,0.08373089291046797,0.8321252536967235,1,0
BX0601,West Farms,Bronx,34.35,2,16.58,2,16.67,64,464644.5264,7.1209,3,2,1,2,1,2024-12-31,BX06,1801.0,1.0,0.08733624454148471,1,0,Low,1,1,1.3862943611198906,0.08373089291046797,0.8321252536967235,1,0
MN1201,Washington Heights (South),Manhattan,20.29,47,13.6,12,19.32,37,992331.3375,7.0871,2,2,0,2,1,2023-01-31,MN12,0.0,0.0,0.09857072449482504,1,0,Low,0,1,1.0986122886681098,0.09400999356005411,0.8269673894797881,1,0
MN1201,Washington Heights (South),Manhattan,20.29,47,13.6,12,19.32,37,992331.3375,7.0871,2,2,0,2,1,2023-02-28,MN12,0.0,0.0,0.09857072449482504,1,0,Low,0,1,1.0986122886681098,0.09400999356005411,0.8269673894797881,1,0
MN1201,Washington Heights (South),Manhattan,20.29,47,13.6,12,19.32,37,992331.3375,7.0871,2,2,0,2,1,2023-03-31,MN12,0.0,0.0,0.09857072449482504,1,0,Low,0,1,1.0986122886681098,0.09400999356005411,0.8269673894797881,1,0
MN1201,Washington Heights (South),Manhattan,20.29,47,13.6,12,19.32,37,992331.3375,7.0871,2,2,0,2,1,2023-04-30,MN12,0.0,0.0,0.09857072449482504,1,0,Low,0,1,1.0986122886681098,0.09400999356005411,0.8269673894797881,1,0
MN1201,Washington Heights (South),Manhattan,20.29,47,13.6,12,19.32,37,992331.3375,7.0871,2,2,0,2,1,2023-05-31,MN12,0.0,0.0,0.09857072449482504,1,0,Low,0,1,1.0986122886681098,0.09400999356005411,0.8269673894797881,1,0
MN1201,Washington Heights (South),Manhattan,20.29,47,13.6,12,19.32,37,992331.3375,7.0871,2,2,0,2,1,2023-06-30,MN12,0.0,0.0,0.09857072449482504,1,0,Low,0,1,1.0986122886681098,0.09400999356005411,0.8269673894797881,1,0
MN1201,Washington Heights (South),Manhattan,20.29,47,13.6,12,19.32,37,992331.3375,7.0871,2,2,0,2,1,2023-07-31,MN12,0.0,0.0,0.09857072449482504,1,0,Low,0,1,1.0986122886681098,0.09400999356005411,0.8269673894797881,1,0
MN1201,Washington Heights (South),Manhattan,20.29,47,13.6,12,19.32,37,992331.3375,7.0871,2,2,0,2,1,2023-08-31,MN12,0.0,0.0,0.09857072449482504,1,0,Low,0,1,1.0986122886681098,0.09400999356005411,0.8269673894797881,1,0
MN1201,Washington Heights (South),Manhattan,20.29,47,13.6,12,19.32,37,992331.3375,7.0871,2,2,0,2,1,2023-09-30,MN12,0.0,0.0,0.09857072449482504,1,0,Low,0,1,1.0986122886681098,0.09400999356005411,0.8269673894797881,1,0
MN1201,Washington Heights (South),Manhattan,20.29,47,13.6,12,19.32,37,992331.3375,7.0871,2,2,0,2,1,2023-10-31,MN12,0.0,0.0,0.09857072449482504,1,0,Low,0,1,1.0986122886681098,0.09400999356005411,0.8269673894797881,1,0
MN1201,Washington Heights (South),Manhattan,20.29,47,13.6,12,19.32,37,992331.3375,7.0871,2,2,0,2,1,2023-11-30,MN12,0.0,0.0,0.09857072449482504,1,0,Low,0,1,1.0986122886681098,0.09400999356005411,0.8269673894797881,1,0
MN1201,Washington Heights (South),Manhattan,20.29,47,13.6,12,19.32,37,992331.3375,7.0871,2,2,0,2,1,2023-12-31,MN12,0.0,0.0,0.09857072449482504,1,0,Low,0,1,1.0986122886681098,0.09400999356005411,0.8269673894797881,1,0
MN1201,Washington Heights (South),Manhattan,20.29,47,13.6,12,19.32,37,992331.3375,7.0871,2,2,0,2,1,2024-01-31,MN12,0.0,0.0,0.09857072449482504,1,0,Low,0,1,1.0986122886681098,0.09400999356005411,0.8269673894797881,1,0
MN1201,Washington Heights (South),Manhattan,20.29,47,13.6,12,19.32,37,992331.3375,7.0871,2,2,0,2,1,2024-02-29,MN12,0.0,0.0,0.09857072449482504,1,0,Low,0,1,1.0986122886681098,0.09400999356005411,0.8269673894797881,1,0
MN1201,Washington Heights (South),Manhattan,20.29,47,13.6,12,19.32,37,992331.3375,7.0871,2,2,0,2,1,2024-03-31,MN12,0.0,0.0,0.09857072449482504,1,0,Low,0,1,1.0986122886681098,0.09400999356005411,0.8269673894797881,1,0
MN1201,Washington Heights (South),Manhattan,20.29,47,13.6,12,19.32,37,992331.3375,7.0871,2,2,0,2,1,2024-04-30,MN12,0.0,0.0,0.09857072449482504,1,0,Low,0,1,1.0986122886681098,0.09400999356005411,0.8269673894797881,1,0
MN1201,Washington Heights (South),Manhattan,20.29,47,13.6,12,19.32,37,992331.3375,7.0871,2,2,0,2,1,2024-05-31,MN12,0.0,0.0,0.09857072449482504,1,0,Low,0,1,1.0986122886681098,0.09400999356005411,0.8269673894797881,1,0
MN1201,Washington Heights (South),Manhattan,20.29,47,13.6,12,19.32,37,992331.3375,7.0871,2,2,0,2,1,2024-06-30,MN12,0.0,0.0,0.09857072449482504,1,0,Low,0,1,1.0986122886681098,0.09400999356005411,0.8269673894797881,1,0
MN1201,Washington Heights (South),Manhattan,20.29,47,13.6,12,19.32,37,992331.3375,7.0871,2,2,0,2,1,2024-07-31,MN12,0.0,0.0,0.09857072449482504,1,0,Low,0,1,1.0986122886681098,0.09400999356005411,0.8269673894797881,1,0
MN1201,Washington Heights (South),Manhattan,20.29,47,13.6,12,19.32,37,992331.3375,7.0871,2,2,0,2,1,2024-08-31,MN12,0.0,0.0,0.09857072449482504,1,0,Low,0,1,1.0986122886681098,0.09400999356005411,0.8269673894797881,1,0
MN1201,Washington Heights (South),Manhattan,20.29,47,13.6,12,19.32,37,992331.3375,7.0871,2,2,0,2,1,2024-09-30,MN12,0.0,0.0,0.09857072449482504,1,0,Low,0,1,1.0986122886681098,0.09400999356005411,0.8269673894797881,1,0
MN1201,Washington Heights (South),Manhattan,20.29,47,13.6,12,19.32,37,992331.3375,7.0871,2,2,0,2,1,2024-10-31,MN12,0.0,0.0,0.09857072449482504,1,0,Low,0,1,1.0986122886681098,0.09400999356005411,0.8269673894797881,1,0
MN1201,Washington Heights (South),Manhattan,20.29,47,13.6,12,19.32,37,992331.3375,7.0871,2,2,0,2,1,2024-11-30,MN12,0.0,0.0,0.09857072449482504,1,0,Low,0,1,1.0986122886681098,0.09400999356005411,0.8269673894797881,1,0
MN1201,Washington Heights (South),Manhattan,20.29,47,13.6,12,19.32,37,992331.3375,7.0871,2,2,0,2,1,2024-12-31,MN12,0.0,0.0,0.09857072449482504,1,0,Low,0,1,1.0986122886681098,0.09400999356005411,0.8269673894797881,1,0
QN0301,Jackson Heights,Queens,17.62,68,9.09,49,26.41,12,1730635.8198,7.0706,4,3,1,4,0,2023-01-31,QN03,871.0,1.0,0.22701475595913734,1,1,High,1,0,1.6094379124341003,0.20458419170302877,0.8244494971845384,0,1
QN0301,Jackson Heights,Queens,17.62,68,9.09,49,26.41,12,1730635.8198,7.0706,4,3,1,4,0,2023-02-28,QN03,863.0,1.0,0.22701475595913734,1,1,High,1,0,1.6094379124341003,0.20458419170302877,0.8244494971845384,0,1
QN0301,Jackson Heights,Queens,17.62,68,9.09,49,26.41,12,1730635.8198,7.0706,4,3,1,4,0,2023-03-31,QN03,855.0,1.0,0.22701475595913734,1,1,High,1,0,1.6094379124341003,0.20458419170302877,0.8244494971845384,0,1
QN0301,Jackson Heights,Queens,17.62,68,9.09,49,26.41,12,1730635.8198,7.0706,4,3,1,4,0,2023-04-30,QN03,876.0,1.0,0.22701475595913734,1,1,High,1,0,1.6094379124341003,0.20458419170302877,0.8244494971845384,0,1
QN0301,Jackson Heights,Queens,17.62,68,9.09,49,26.41,12,1730635.8198,7.0706,4,3,1,4,0,2023-05-31,QN03,857.0,1.0,0.22701475595913734,1,1,High,1,0,1.6094379124341003,0.20458419170302877,0.8244494971845384,0,1
QN0301,Jackson Heights,Queens,17.62,68,9.09,49,26.41,12,1730635.8198,7.0706,4,3,1,4,0,2023-06-30,QN03,886.0,1.0,0.22701475595913734,1,1,High,1,0,1.6094379124341003,0.20458419170302877,0.8244494971845384,0,1
QN0301,Jackson Heights,Queens,17.62,68,9.09,49,26.41,12,1730635.8198,7.0706,4,3,1,4,0,2023-07-31,QN03,882.0,1.0,0.22701475595913734,1,1,High,1,0,1.6094379124341003,0.20458419170302877,0.8244494971845384,0,1
QN0301,Jackson Heights,Queens,17.62,68,9.09,49,26.41,12,1730635.8198,7.0706,4,3,1,4,0,2023-08-31,QN03,899.0,1.0,0.22701475595913734,1,1,High,1,0,1.6094379124341003,0.20458419170302877,0.8244494971845384,0,1
QN0301,Jackson Heights,Queens,17.62,68,9.09,49,26.41,12,1730635.8198,7.0706,4,3,1,4,0,2023-09-30,QN03,877.0,1.0,0.22701475595913734,1,1,High,1,0,1.6094379124341003,0.20458419170302877,0.8244494971845384,0,1
QN0301,Jackson Heights,Queens,17.62,68,9.09,49,26.41,12,1730635.8198,7.0706,4,3,1,4,0,2023-10-31,QN03,871.0,1.0,0.22701475595913734,1,1,High,1,0,1.6094379124341003,0.20458419170302877,0.8244494971845384,0,1
QN0301,Jackson Heights,Queens,17.62,68,9.09,49,26.41,12,1730635.8198,7.0706,4,3,1,4,0,2023-11-30,QN03,863.0,1.0,0.22701475595913734,1,1,High,1,0,1.6094379124341003,0.20458419170302877,0.8244494971845384,0,1
QN0301,Jackson Heights,Queens,17.62,68,9.09,49,26.41,12,1730635.8198,7.0706,4,3,1,4,0,2023-12-31,QN03,866.0,1.0,0.22701475595913734,1,1,High,1,0,1.6094379124341003,0.20458419170302877,0.8244494971845384,0,1
QN0301,Jackson Heights,Queens,17.62,68,9.09,49,26.41,12,1730635.8198,7.0706,4,3,1,4,0,2024-01-31,QN03,850.0,1.0,0.22701475595913734,1,1,High,1,0,1.6094379124341003,0.20458419170302877,0.8244494971845384,0,1
QN0301,Jackson Heights,Queens,17.62,68,9.09,49,26.41,12,1730635.8198,7.0706,4,3,1,4,0,2024-02-29,QN03,857.0,1.0,0.22701475595913734,1,1,High,1,0,1.6094379124341003,0.20458419170302877,0.8244494971845384,0,1
QN0301,Jackson Heights,Queens,17.62,68,9.09,49,26.41,12,1730635.8198,7.0706,4,3,1,4,0,2024-03-31,QN03,821.0,1.0,0.22701475595913734,1,1,High,1,0,1.6094379124341003,0.20458419170302877,0.8244494971845384,0,1
QN0301,Jackson Heights,Queens,17.62,68,9.09,49,26.41,12,1730635.8198,7.0706,4,3,1,4,0,2024-04-30,QN03,790.0,1.0,0.22701475595913734,1,1,High,1,0,1.6094379124341003,0.20458419170302877,0.8244494971845384,0,1
QN0301,Jackson Heights,Queens,17.62,68,9.09,49,26.41,12,1730635.8198,7.0706,4,3,1,4,0,2024-05-31,QN03,760.0,0.0,0.22701475595913734,1,1,High,1,0,1.6094379124341003,0.20458419170302877,0.8244494971845384,0,1
QN0301,Jackson Heights,Queens,17.62,68,9.09,49,26.41,12,1730635.8198,7.0706,4,3,1,4,0,2024-06-30,QN03,743.0,0.0,0.22701475595913734,1,1,High,1,0,1.6094379124341003,0.20458419170302877,0.8244494971845384,0,1
QN0301,Jackson Heights,Queens,17.62,68,9.09,49,26.41,12,1730635.8198,7.0706,4,3,1,4,0,2024-07-31,QN03,730.0,0.0,0.22701475595913734,1,1,High,1,0,1.6094379124341003,0.20458419170302877,0.8244494971845384,0,1
QN0301,Jackson Heights,Queens,17.62,68,9.09,49,26.41,12,1730635.8198,7.0706,4,3,1,4,0,2024-08-31,QN03,744.0,0.0,0.22701475595913734,1,1,High,1,0,1.6094379124341003,0.20458419170302877,0.8244494971845384,0,1
QN0301,Jackson Heights,Queens,17.62,68,9.09,49,26.41,12,1730635.8198,7.0706,4,3,1,4,0,2024-09-30,QN03,787.0,1.0,0.22701475595913734,1,1,High,1,0,1.6094379124341003,0.20458419170302877,0.8244494971845384,0,1
QN0301,Jackson Heights,Queens,17.62,68,9.09,49,26.41,12,1730635.8198,7.0706,4,3,1,4,0,2024-10-31,QN03,763.0,0.0,0.22701475595913734,1,1,High,1,0,1.6094379124341003,0.20458419170302877,0.8244494971845384,0,1
QN0301,Jackson Heights,Queens,17.62,68,9.09,49,26.41,12,1730635.8198,7.0706,4,3,1,4,0,2024-11-30,QN03,749.0,0.0,0.22701475595913734,1,1,High,1,0,1.6094379124341003,0.20458419170302877,0.8244494971845384,0,1
QN0301,Jackson Heights,Queens,17.62,68,9.09,49,26.41,12,1730635.8198,7.0706,4,3,1,4,0,2024-12-31,QN03,739.0,0.0,0.22701475595913734,1,1,High,1,0,1.6094379124341003,0.20458419170302877,0.8244494971845384,0,1
BX0101,Mott Haven-Port Morris,Bronx,31.43,7,13.11,15,15.27,90,189799.9432,6.903,7,6,1,5,2,2023-01-31,BX01,1122.0,1.0,0.22271714922049,1,1,High,1,1,2.0794415416798357,0.20107555376727634,0.7988738154461246,0,1
BX0101,Mott Haven-Port Morris,Bronx,31.43,7,13.11,15,15.27,90,189799.9432,6.903,7,6,1,5,2,2023-02-28,BX01,1136.0,1.0,0.22271714922049,1,1,High,1,1,2.0794415416798357,0.20107555376727634,0.7988738154461246,0,1
BX0101,Mott Haven-Port Morris,Bronx,31.43,7,13.11,15,15.27,90,189799.9432,6.903,7,6,1,5,2,2023-03-31,BX01,1119.0,1.0,0.22271714922049,1,1,High,1,1,2.0794415416798357,0.20107555376727634,0.7988738154461246,0,1
BX0101,Mott Haven-Port Morris,Bronx,31.43,7,13.11,15,15.27,90,189799.9432,6.903,7,6,1,5,2,2023-04-30,BX01,1104.0,1.0,0.22271714922049,1,1,High,1,1,2.0794415416798357,0.20107555376727634,0.7988738154461246,0,1
BX0101,Mott Haven-Port Morris,Bronx,31.43,7,13.11,15,15.27,90,189799.9432,6.903,7,6,1,5,2,2023-05-31,BX01,1112.0,1.0,0.22271714922049,1,1,High,1,1,2.0794415416798357,0.20107555376727634,0.7988738154461246,0,1
BX0101,Mott Haven-Port Morris,Bronx,31.43,7,13.11,15,15.27,90,189799.9432,6.903,7,6,1,5,2,2023-06-30,BX01,1092.0,1.0,0.22271714922049,1,1,High,1,1,2.0794415416798357,0.20107555376727634,0.7988738154461246,0,1
BX0101,Mott Haven-Port Morris,Bronx,31.43,7,13.11,15,15.27,90,189799.9432,6.903,7,6,1,5,2,2023-07-31,BX01,1161.0,1.0,0.22271714922049,1,1,High,1,1,2.0794415416798357,0.20107555376727634,0.7988738154461246,0,1
BX0101,Mott Haven-Port Morris,Bronx,31.43,7,13.11,15,15.27,90,189799.9432,6.903,7,6,1,5,2,2023-08-31,BX01,1257.0,1.0,0.22271714922049,1,1,High,1,1,2.0794415416798357,0.20107555376727634,0.7988738154461246,0,1
BX0101,Mott Haven-Port Morris,Bronx,31.43,7,13.11,15,15.27,90,189799.9432,6.903,7,6,1,5,2,2023-09-30,BX01,1271.0,1.0,0.22271714922049,1,1,High,1,1,2.0794415416798357,0.20107555376727634,0.7988738154461246,0,1
BX0101,Mott Haven-Port Morris,Bronx,31.43,7,13.11,15,15.27,90,189799.9432,6.903,7,6,1,5,2,2023-10-31,BX01,1270.0,1.0,0.22271714922049,1,1,High,1,1,2.0794415416798357,0.20107555376727634,0.7988738154461246,0,1
BX0101,Mott Haven-Port Morris,Bronx,31.43,7,13.11,15,15.27,90,189799.9432,6.903,7,6,1,5,2,2023-11-30,BX01,1241.0,1.0,0.22271714922049,1,1,High,1,1,2.0794415416798357,0.20107555376727634,0.7988738154461246,0,1
BX0101,Mott Haven-Port Morris,Bronx,31.43,7,13.11,15,15.27,90,189799.9432,6.903,7,6,1,5,2,2023-12-31,BX01,1249.0,1.0,0.22271714922049,1,1,High,1,1,2.0794415416798357,0.20107555376727634,0.7988738154461246,0,1
BX0101,Mott Haven-Port Morris,Bronx,31.43,7,13.11,15,15.27,90,189799.9432,6.903,7,6,1,5,2,2024-01-31,BX01,1268.0,1.0,0.22271714922049,1,1,High,1,1,2.0794415416798357,0.20107555376727634,0.7988738154461246,0,1
BX0101,Mott Haven-Port Morris,Bronx,31.43,7,13.11,15,15.27,90,189799.9432,6.903,7,6,1,5,2,2024-02-29,BX01,1245.0,1.0,0.22271714922049,1,1,High,1,1,2.0794415416798357,0.20107555376727634,0.7988738154461246,0,1
BX0101,Mott Haven-Port Morris,Bronx,31.43,7,13.11,15,15.27,90,189799.9432,6.903,7,6,1,5,2,2024-03-31,BX01,1206.0,1.0,0.22271714922049,1,1,High,1,1,2.0794415416798357,0.20107555376727634,0.7988738154461246,0,1
BX0101,Mott Haven-Port Morris,Bronx,31.43,7,13.11,15,15.27,90,189799.9432,6.903,7,6,1,5,2,2024-04-30,BX01,1239.0,1.0,0.22271714922049,1,1,High,1,1,2.0794415416798357,0.20107555376727634,0.7988738154461246,0,1
BX0101,Mott Haven-Port Morris,Bronx,31.43,7,13.11,15,15.27,90,189799.9432,6.903,7,6,1,5,2,2024-05-31,BX01,1237.0,1.0,0.22271714922049,1,1,High,1,1,2.0794415416798357,0.20107555376727634,0.7988738154461246,0,1
BX0101,Mott Haven-Port Morris,Bronx,31.43,7,13.11,15,15.27,90,189799.9432,6.903,7,6,1,5,2,2024-06-30,BX01,1237.0,1.0,0.22271714922049,1,1,High,1,1,2.0794415416798357,0.20107555376727634,0.7988738154461246,0,1
BX0101,Mott Haven-Port Morris,Bronx,31.43,7,13.11,15,15.27,90,189799.9432,6.903,7,6,1,5,2,2024-07-31,BX01,1215.0,1.0,0.22271714922049,1,1,High,1,1,2.0794415416798357,0.20107555376727634,0.7988738154461246,0,1
BX0101,Mott Haven-Port Morris,Bronx,31.43,7,13.11,15,15.27,90,189799.9432,6.903,7,6,1,5,2,2024-08-31,BX01,1238.0,1.0,0.22271714922049,1,1,High,1,1,2.0794415416798357,0.20107555376727634,0.7988738154461246,0,1
BX0101,Mott Haven-Port Morris,Bronx,31.43,7,13.11,15,15.27,90,189799.9432,6.903,7,6,1,5,2,2024-09-30,BX01,1231.0,1.0,0.22271714922049,1,1,High,1,1,2.0794415416798357,0.20107555376727634,0.7988738154461246,0,1
BX0101,Mott Haven-Port Morris,Bronx,31.43,7,13.11,15,15.27,90,189799.9432,6.903,7,6,1,5,2,2024-10-31,BX01,1241.0,1.0,0.22271714922049,1,1,High,1,1,2.0794415416798357,0.20107555376727634,0.7988738154461246,0,1
BX0101,Mott Haven-Port Morris,Bronx,31.43,7,13.11,15,15.27,90,189799.9432,6.903,7,6,1,5,2,2024-11-30,BX01,1243.0,1.0,0.22271714922049,1,1,High,1,1,2.0794415416798357,0.20107555376727634,0.7988738154461246,0,1
BX0101,Mott Haven-Port Morris,Bronx,31.43,7,13.11,15,15.27,90,189799.9432,6.903,7,6,1,5,2,2024-12-31,BX01,1213.0,1.0,0.22271714922049,1,1,High,1,1,2.0794415416798357,0.20107555376727634,0.7988738154461246,0,1
BX0603,Belmont,Bronx,33.87,3,15.03,5,22.36,23,227731.8694,6.8898,2,2,0,2,0,2023-01-31,BX06,2057.0,1.0,0.0590493061706525,1,0,Low,0,0,1.0986122886681098,0.05737162471451088,0.7968595016099249,1,0
BX0603,Belmont,Bronx,33.87,3,15.03,5,22.36,23,227731.8694,6.8898,2,2,0,2,0,2023-02-28,BX06,2136.0,1.0,0.0590493061706525,1,0,Low,0,0,1.0986122886681098,0.05737162471451088,0.7968595016099249,1,0
BX0603,Belmont,Bronx,33.87,3,15.03,5,22.36,23,227731.8694,6.8898,2,2,0,2,0,2023-03-31,BX06,2076.0,1.0,0.0590493061706525,1,0,Low,0,0,1.0986122886681098,0.05737162471451088,0.7968595016099249,1,0
BX0603,Belmont,Bronx,33.87,3,15.03,5,22.36,23,227731.8694,6.8898,2,2,0,2,0,2023-04-30,BX06,2086.0,1.0,0.0590493061706525,1,0,Low,0,0,1.0986122886681098,0.05737162471451088,0.7968595016099249,1,0
BX0603,Belmont,Bronx,33.87,3,15.03,5,22.36,23,227731.8694,6.8898,2,2,0,2,0,2023-05-31,BX06,2097.0,1.0,0.0590493061706525,1,0,Low,0,0,1.0986122886681098,0.05737162471451088,0.7968595016099249,1,0
BX0603,Belmont,Bronx,33.87,3,15.03,5,22.36,23,227731.8694,6.8898,2,2,0,2,0,2023-06-30,BX06,2067.0,1.0,0.0590493061706525,1,0,Low,0,0,1.0986122886681098,0.05737162471451088,0.7968595016099249,1,0
BX0603,Belmont,Bronx,33.87,3,15.03,5,22.36,23,227731.8694,6.8898,2,2,0,2,0,2023-07-31,BX06,2067.0,1.0,0.0590493061706525,1,0,Low,0,0,1.0986122886681098,0.05737162471451088,0.7968595016099249,1,0
BX0603,Belmont,Bronx,33.87,3,15.03,5,22.36,23,227731.8694,6.8898,2,2,0,2,0,2023-08-31,BX06,2089.0,1.0,0.0590493061706525,1,0,Low,0,0,1.0986122886681098,0.05737162471451088,0.7968595016099249,1,0
BX0603,Belmont,Bronx,33.87,3,15.03,5,22.36,23,227731.8694,6.8898,2,2,0,2,0,2023-09-30,BX06,2115.0,1.0,0.0590493061706525,1,0,Low,0,0,1.0986122886681098,0.05737162471451088,0.7968595016099249,1,0
BX0603,Belmont,Bronx,33.87,3,15.03,5,22.36,23,227731.8694,6.8898,2,2,0,2,0,2023-10-31,BX06,2076.0,1.0,0.0590493061706525,1,0,Low,0,0,1.0986122886681098,0.05737162471451088,0.7968595016099249,1,0
BX0603,Belmont,Bronx,33.87,3,15.03,5,22.36,23,227731.8694,6.8898,2,2,0,2,0,2023-11-30,BX06,2042.0,1.0,0.0590493061706525,1,0,Low,0,0,1.0986122886681098,0.05737162471451088,0.7968595016099249,1,0
BX0603,Belmont,Bronx,33.87,3,15.03,5,22.36,23,227731.8694,6.8898,2,2,0,2,0,2023-12-31,BX06,2044.0,1.0,0.0590493061706525,1,0,Low,0,0,1.0986122886681098,0.05737162471451088,0.7968595016099249,1,0
BX0603,Belmont,Bronx,33.87,3,15.03,5,22.36,23,227731.8694,6.8898,2,2,0,2,0,2024-01-31,BX06,2080.0,1.0,0.0590493061706525,1,0,Low,0,0,1.0986122886681098,0.05737162471451088,0.7968595016099249,1,0
BX0603,Belmont,Bronx,33.87,3,15.03,5,22.36,23,227731.8694,6.8898,2,2,0,2,0,2024-02-29,BX06,2034.0,1.0,0.0590493061706525,1,0,Low,0,0,1.0986122886681098,0.05737162471451088,0.7968595016099249,1,0
BX0603,Belmont,Bronx,33.87,3,15.03,5,22.36,23,227731.8694,6.8898,2,2,0,2,0,2024-03-31,BX06,1985.0,1.0,0.0590493061706525,1,0,Low,0,0,1.0986122886681098,0.05737162471451088,0.7968595016099249,1,0
BX0603,Belmont,Bronx,33.87,3,15.03,5,22.36,23,227731.8694,6.8898,2,2,0,2,0,2024-04-30,BX06,1988.0,1.0,0.0590493061706525,1,0,Low,0,0,1.0986122886681098,0.05737162471451088,0.7968595016099249,1,0
BX0603,Belmont,Bronx,33.87,3,15.03,5,22.36,23,227731.8694,6.8898,2,2,0,2,0,2024-05-31,BX06,1962.0,1.0,0.0590493061706525,1,0,Low,0,0,1.0986122886681098,0.05737162471451088,0.7968595016099249,1,0
BX0603,Belmont,Bronx,33.87,3,15.03,5,22.36,23,227731.8694,6.8898,2,2,0,2,0,2024-06-30,BX06,2008.0,1.0,0.0590493061706525,1,0,Low,0,0,1.0986122886681098,0.05737162471451088,0.7968595016099249,1,0
BX0603,Belmont,Bronx,33.87,3,15.03,5,22.36,23,227731.8694,6.8898,2,2,0,2,0,2024-07-31,BX06,2014.0,1.0,0.0590493061706525,1,0,Low,0,0,1.0986122886681098,0.05737162471451088,0.7968595016099249,1,0
BX0603,Belmont,Bronx,33.87,3,15.03,5,22.36,23,227731.8694,6.8898,2,2,0,2,0,2024-08-31,BX06,1986.0,1.0,0.0590493061706525,1,0,Low,0,0,1.0986122886681098,0.05737162471451088,0.7968595016099249,1,0
BX0603,Belmont,Bronx,33.87,3,15.03,5,22.36,23,227731.8694,6.8898,2,2,0,2,0,2024-09-30,BX06,1948.0,1.0,0.0590493061706525,1,0,Low,0,0,1.0986122886681098,0.05737162471451088,0.7968595016099249,1,0
BX0603,Belmont,Bronx,33.87,3,15.03,5,22.36,23,227731.8694,6.8898,2,2,0,2,0,2024-10-31,BX06,2015.0,1.0,0.0590493061706525,1,0,Low,0,0,1.0986122886681098,0.05737162471451088,0.7968595016099249,1,0
BX0603,Belmont,Bronx,33.87,3,15.03,5,22.36,23,227731.8694,6.8898,2,2,0,2,0,2024-11-30,BX06,1828.0,1.0,0.0590493061706525,1,0,Low,0,0,1.0986122886681098,0.05737162471451088,0.7968595016099249,1,0
BX0603,Belmont,Bronx,33.87,3,15.03,5,22.36,23,227731.8694,6.8898,2,2,0,2,0,2024-12-31,BX06,1801.0,1.0,0.0590493061706525,1,0,Low,0,0,1.0986122886681098,0.05737162471451088,0.7968595016099249,1,0
BK0702,Sunset Park (West),Brooklyn,21.51,41,6.28,130,21.33,26,1242983.0474,6.8246,3,3,0,1,2,2023-01-31,BK07,368.0,0.0,0.1394700139470014,1,1,High,0,1,1.3862943611198906,0.13056325426038254,0.7869100120553632,0,1
BK0702,Sunset Park (West),Brooklyn,21.51,41,6.28,130,21.33,26,1242983.0474,6.8246,3,3,0,1,2,2023-02-28,BK07,379.0,0.0,0.1394700139470014,1,1,High,0,1,1.3862943611198906,0.13056325426038254,0.7869100120553632,0,1
BK0702,Sunset Park (West),Brooklyn,21.51,41,6.28,130,21.33,26,1242983.0474,6.8246,3,3,0,1,2,2023-03-31,BK07,379.0,0.0,0.1394700139470014,1,1,High,0,1,1.3862943611198906,0.13056325426038254,0.7869100120553632,0,1
BK0702,Sunset Park (West),Brooklyn,21.51,41,6.28,130,21.33,26,1242983.0474,6.8246,3,3,0,1,2,2023-04-30,BK07,374.0,0.0,0.1394700139470014,1,1,High,0,1,1.3862943611198906,0.13056325426038254,0.7869100120553632,0,1
BK0702,Sunset Park (West),Brooklyn,21.51,41,6.28,130,21.33,26,1242983.0474,6.8246,3,3,0,1,2,2023-05-31,BK07,378.0,0.0,0.1394700139470014,1,1,High,0,1,1.3862943611198906,0.13056325426038254,0.7869100120553632,0,1
BK0702,Sunset Park (West),Brooklyn,21.51,41,6.28,130,21.33,26,1242983.0474,6.8246,3,3,0,1,2,2023-06-30,BK07,377.0,0.0,0.1394700139470014,1,1,High,0,1,1.3862943611198906,0.13056325426038254,0.7869100120553632,0,1
BK0702,Sunset Park (West),Brooklyn,21.51,41,6.28,130,21.33,26,1242983.0474,6.8246,3,3,0,1,2,2023-07-31,BK07,379.0,0.0,0.1394700139470014,1,1,High,0,1,1.3862943611198906,0.13056325426038254,0.7869100120553632,0,1
BK0702,Sunset Park (West),Brooklyn,21.51,41,6.28,130,21.33,26,1242983.0474,6.8246,3,3,0,1,2,2023-08-31,BK07,373.0,0.0,0.1394700139470014,1,1,High,0,1,1.3862943611198906,0.13056325426038254,0.7869100120553632,0,1
BK0702,Sunset Park (West),Brooklyn,21.51,41,6.28,130,21.33,26,1242983.0474,6.8246,3,3,0,1,2,2023-09-30,BK07,383.0,0.0,0.1394700139470014,1,1,High,0,1,1.3862943611198906,0.13056325426038254,0.7869100120553632,0,1
BK0702,Sunset Park (West),Brooklyn,21.51,41,6.28,130,21.33,26,1242983.0474,6.8246,3,3,0,1,2,2023-10-31,BK07,359.0,0.0,0.1394700139470014,1,1,High,0,1,1.3862943611198906,0.13056325426038254,0.7869100120553632,0,1
BK0702,Sunset Park (West),Brooklyn,21.51,41,6.28,130,21.33,26,1242983.0474,6.8246,3,3,0,1,2,2023-11-30,BK07,364.0,0.0,0.1394700139470014,1,1,High,0,1,1.3862943611198906,0.13056325426038254,0.7869100120553632,0,1
BK0702,Sunset Park (West),Brooklyn,21.51,41,6.28,130,21.33,26,1242983.0474,6.8246,3,3,0,1,2,2023-12-31,BK07,354.0,0.0,0.1394700139470014,1,1,High,0,1,1.3862943611198906,0.13056325426038254,0.7869100120553632,0,1
BK0702,Sunset Park (West),Brooklyn,21.51,41,6.28,130,21.33,26,1242983.0474,6.8246,3,3,0,1,2,2024-01-31,BK07,348.0,0.0,0.1394700139470014,1,1,High,0,1,1.3862943611198906,0.13056325426038254,0.7869100120553632,0,1
BK0702,Sunset Park (West),Brooklyn,21.51,41,6.28,130,21.33,26,1242983.0474,6.8246,3,3,0,1,2,2024-02-29,BK07,350.0,0.0,0.1394700139470014,1,1,High,0,1,1.3862943611198906,0.13056325426038254,0.7869100120553632,0,1
BK0702,Sunset Park (West),Brooklyn,21.51,41,6.28,130,21.33,26,1242983.0474,6.8246,3,3,0,1,2,2024-03-31,BK07,333.0,0.0,0.1394700139470014,1,1,High,0,1,1.3862943611198906,0.13056325426038254,0.7869100120553632,0,1
BK0702,Sunset Park (West),Brooklyn,21.51,41,6.28,130,21.33,26,1242983.0474,6.8246,3,3,0,1,2,2024-04-30,BK07,331.0,0.0,0.1394700139470014,1,1,High,0,1,1.3862943611198906,0.13056325426038254,0.7869100120553632,0,1
BK0702,Sunset Park (West),Brooklyn,21.51,41,6.28,130,21.33,26,1242983.0474,6.8246,3,3,0,1,2,2024-05-31,BK07,330.0,0.0,0.1394700139470014,1,1,High,0,1,1.3862943611198906,0.13056325426038254,0.7869100120553632,0,1
BK0702,Sunset Park (West),Brooklyn,21.51,41,6.28,130,21.33,26,1242983.0474,6.8246,3,3,0,1,2,2024-06-30,BK07,329.0,0.0,0.1394700139470014,1,1,High,0,1,1.3862943611198906,0.13056325426038254,0.7869100120553632,0,1
BK0702,Sunset Park (West),Brooklyn,21.51,41,6.28,130,21.33,26,1242983.0474,6.8246,3,3,0,1,2,2024-07-31,BK07,332.0,0.0,0.1394700139470014,1,1,High,0,1,1.3862943611198906,0.13056325426038254,0.7869100120553632,0,1
BK0702,Sunset Park (West),Brooklyn,21.51,41,6.28,130,21.33,26,1242983.0474,6.8246,3,3,0,1,2,2024-08-31,BK07,363.0,0.0,0.1394700139470014,1,1,High,0,1,1.3862943611198906,0.13056325426038254,0.7869100120553632,0,1
BK0702,Sunset Park (West),Brooklyn,21.51,41,6.28,130,21.33,26,1242983.0474,6.8246,3,3,0,1,2,2024-09-30,BK07,349.0,0.0,0.1394700139470014,1,1,High,0,1,1.3862943611198906,0.13056325426038254,0.7869100120553632,0,1
BK0702,Sunset Park (West),Brooklyn,21.51,41,6.28,130,21.33,26,1242983.0474,6.8246,3,3,0,1,2,2024-10-31,BK07,387.0,0.0,0.1394700139470014,1,1,High,0,1,1.3862943611198906,0.13056325426038254,0.7869100120553632,0,1
BK0702,Sunset Park (West),Brooklyn,21.51,41,6.28,130,21.33,26,1242983.0474,6.8246,3,3,0,1,2,2024-11-30,BK07,378.0,0.0,0.1394700139470014,1,1,High,0,1,1.3862943611198906,0.13056325426038254,0.7869100120553632,0,1
BK0702,Sunset Park (West),Brooklyn,21.51,41,6.28,130,21.33,26,1242983.0474,6.8246,3,3,0,1,2,2024-12-31,BK07,389.0,0.0,0.1394700139470014,1,1,High,0,1,1.3862943611198906,0.13056325426038254,0.7869100120553632,0,1
MN0301,Chinatown-Two Bridges,Manhattan,17.43,70,11.55,24,18.02,46,714859.1279,6.804,0,0,0,0,0,2023-01-31,MN03,318.0,0.0,0.0,1,0,Low,0,0,0.0,0.0,0.7837664616746273,1,0
MN0301,Chinatown-Two Bridges,Manhattan,17.43,70,11.55,24,18.02,46,714859.1279,6.804,0,0,0,0,0,2023-02-28,MN03,185.0,0.0,0.0,1,0,Low,0,0,0.0,0.0,0.7837664616746273,1,0
MN0301,Chinatown-Two Bridges,Manhattan,17.43,70,11.55,24,18.02,46,714859.1279,6.804,0,0,0,0,0,2023-03-31,MN03,201.0,0.0,0.0,1,0,Low,0,0,0.0,0.0,0.7837664616746273,1,0
MN0301,Chinatown-Two Bridges,Manhattan,17.43,70,11.55,24,18.02,46,714859.1279,6.804,0,0,0,0,0,2023-04-30,MN03,271.0,0.0,0.0,1,0,Low,0,0,0.0,0.0,0.7837664616746273,1,0
MN0301,Chinatown-Two Bridges,Manhattan,17.43,70,11.55,24,18.02,46,714859.1279,6.804,0,0,0,0,0,2023-05-31,MN03,266.0,0.0,0.0,1,0,Low,0,0,0.0,0.0,0.7837664616746273,1,0
MN0301,Chinatown-Two Bridges,Manhattan,17.43,70,11.55,24,18.02,46,714859.1279,6.804,0,0,0,0,0,2023-06-30,MN03,234.0,0.0,0.0,1,0,Low,0,0,0.0,0.0,0.7837664616746273,1,0
MN0301,Chinatown-Two Bridges,Manhattan,17.43,70,11.55,24,18.02,46,714859.1279,6.804,0,0,0,0,0,2023-07-31,MN03,206.0,0.0,0.0,1,0,Low,0,0,0.0,0.0,0.7837664616746273,1,0
MN0301,Chinatown-Two Bridges,Manhattan,17.43,70,11.55,24,18.02,46,714859.1279,6.804,0,0,0,0,0,2023-08-31,MN03,305.0,0.0,0.0,1,0,Low,0,0,0.0,0.0,0.7837664616746273,1,0
MN0301,Chinatown-Two Bridges,Manhattan,17.43,70,11.55,24,18.02,46,714859.1279,6.804,0,0,0,0,0,2023-09-30,MN03,256.0,0.0,0.0,1,0,Low,0,0,0.0,0.0,0.7837664616746273,1,0
MN0301,Chinatown-Two Bridges,Manhattan,17.43,70,11.55,24,18.02,46,714859.1279,6.804,0,0,0,0,0,2023-10-31,MN03,218.0,0.0,0.0,1,0,Low,0,0,0.0,0.0,0.7837664616746273,1,0
MN0301,Chinatown-Two Bridges,Manhattan,17.43,70,11.55,24,18.02,46,714859.1279,6.804,0,0,0,0,0,2023-11-30,MN03,220.0,0.0,0.0,1,0,Low,0,0,0.0,0.0,0.7837664616746273,1,0
MN0301,Chinatown-Two Bridges,Manhattan,17.43,70,11.55,24,18.02,46,714859.1279,6.804,0,0,0,0,0,2023-12-31,MN03,205.0,0.0,0.0,1,0,Low,0,0,0.0,0.0,0.7837664616746273,1,0
MN0301,Chinatown-Two Bridges,Manhattan,17.43,70,11.55,24,18.02,46,714859.1279,6.804,0,0,0,0,0,2024-01-31,MN03,110.0,0.0,0.0,1,0,Low,0,0,0.0,0.0,0.7837664616746273,1,0
MN0301,Chinatown-Two Bridges,Manhattan,17.43,70,11.55,24,18.02,46,714859.1279,6.804,0,0,0,0,0,2024-02-29,MN03,110.0,0.0,0.0,1,0,Low,0,0,0.0,0.0,0.7837664616746273,1,0
MN0301,Chinatown-Two Bridges,Manhattan,17.43,70,11.55,24,18.02,46,714859.1279,6.804,0,0,0,0,0,2024-03-31,MN03,105.0,0.0,0.0,1,0,Low,0,0,0.0,0.0,0.7837664616746273,1,0
MN0301,Chinatown-Two Bridges,Manhattan,17.43,70,11.55,24,18.02,46,714859.1279,6.804,0,0,0,0,0,2024-04-30,MN03,99.0,0.0,0.0,1,0,Low,0,0,0.0,0.0,0.7837664616746273,1,0
MN0301,Chinatown-Two Bridges,Manhattan,17.43,70,11.55,24,18.02,46,714859.1279,6.804,0,0,0,0,0,2024-05-31,MN03,106.0,0.0,0.0,1,0,Low,0,0,0.0,0.0,0.7837664616746273,1,0
MN0301,Chinatown-Two Bridges,Manhattan,17.43,70,11.55,24,18.02,46,714859.1279,6.804,0,0,0,0,0,2024-06-30,MN03,101.0,0.0,0.0,1,0,Low,0,0,0.0,0.0,0.7837664616746273,1,0
MN0301,Chinatown-Two Bridges,Manhattan,17.43,70,11.55,24,18.02,46,714859.1279,6.804,0,0,0,0,0,2024-07-31,MN03,110.0,0.0,0.0,1,0,Low,0,0,0.0,0.0,0.7837664616746273,1,0
MN0301,Chinatown-Two Bridges,Manhattan,17.43,70,11.55,24,18.02,46,714859.1279,6.804,0,0,0,0,0,2024-08-31,MN03,111.0,0.0,0.0,1,0,Low,0,0,0.0,0.0,0.7837664616746273,1,0
MN0301,Chinatown-Two Bridges,Manhattan,17.43,70,11.55,24,18.02,46,714859.1279,6.804,0,0,0,0,0,2024-09-30,MN03,107.0,0.0,0.0,1,0,Low,0,0,0.0,0.0,0.7837664616746273,1,0
MN0301,Chinatown-Two Bridges,Manhattan,17.43,70,11.55,24,18.02,46,714859.1279,6.804,0,0,0,0,0,2024-10-31,MN03,99.0,0.0,0.0,1,0,Low,0,0,0.0,0.0,0.7837664616746273,1,0
MN0301,Chinatown-Two Bridges,Manhattan,17.43,70,11.55,24,18.02,46,714859.1279,6.804,0,0,0,0,0,2024-11-30,MN03,107.0,0.0,0.0,1,0,Low,0,0,0.0,0.0,0.7837664616746273,1,0
MN0301,Chinatown-Two Bridges,Manhattan,17.43,70,11.55,24,18.02,46,714859.1279,6.804,0,0,0,0,0,2024-12-31,MN03,92.0,0.0,0.0,1,0,Low,0,0,0.0,0.0,0.7837664616746273,1,0
MN1101,East Harlem (South),Manhattan,21.65,40,8.97,54,12.97,135,884649.9346,6.7968,4,3,1,4,1,2023-01-31,MN11,593.0,0.0,0.18475750577367206,1,1,High,1,1,1.6094379124341003,0.16953811716827968,0.7826677450367001,0,1
MN1101,East Harlem (South),Manhattan,21.65,40,8.97,54,12.97,135,884649.9346,6.7968,4,3,1,4,1,2023-02-28,MN11,568.0,0.0,0.18475750577367206,1,1,High,1,1,1.6094379124341003,0.16953811716827968,0.7826677450367001,0,1
MN1101,East Harlem (South),Manhattan,21.65,40,8.97,54,12.97,135,884649.9346,6.7968,4,3,1,4,1,2023-03-31,MN11,559.0,0.0,0.18475750577367206,1,1,High,1,1,1.6094379124341003,0.16953811716827968,0.7826677450367001,0,1
MN1101,East Harlem (South),Manhattan,21.65,40,8.97,54,12.97,135,884649.9346,6.7968,4,3,1,4,1,2023-04-30,MN11,552.0,0.0,0.18475750577367206,1,1,High,1,1,1.6094379124341003,0.16953811716827968,0.7826677450367001,0,1
MN1101,East Harlem (South),Manhattan,21.65,40,8.97,54,12.97,135,884649.9346,6.7968,4,3,1,4,1,2023-05-31,MN11,544.0,0.0,0.18475750577367206,1,1,High,1,1,1.6094379124341003,0.16953811716827968,0.7826677450367001,0,1
MN1101,East Harlem (South),Manhattan,21.65,40,8.97,54,12.97,135,884649.9346,6.7968,4,3,1,4,1,2023-06-30,MN11,533.0,0.0,0.18475750577367206,1,1,High,1,1,1.6094379124341003,0.16953811716827968,0.7826677450367001,0,1
MN1101,East Harlem (South),Manhattan,21.65,40,8.97,54,12.97,135,884649.9346,6.7968,4,3,1,4,1,2023-07-31,MN11,535.0,0.0,0.18475750577367206,1,1,High,1,1,1.6094379124341003,0.16953811716827968,0.7826677450367001,0,1
MN1101,East Harlem (South),Manhattan,21.65,40,8.97,54,12.97,135,884649.9346,6.7968,4,3,1,4,1,2023-08-31,MN11,555.0,0.0,0.18475750577367206,1,1,High,1,1,1.6094379124341003,0.16953811716827968,0.7826677450367001,0,1
MN1101,East Harlem (South),Manhattan,21.65,40,8.97,54,12.97,135,884649.9346,6.7968,4,3,1,4,1,2023-09-30,MN11,564.0,0.0,0.18475750577367206,1,1,High,1,1,1.6094379124341003,0.16953811716827968,0.7826677450367001,0,1
MN1101,East Harlem (South),Manhattan,21.65,40,8.97,54,12.97,135,884649.9346,6.7968,4,3,1,4,1,2023-10-31,MN11,575.0,0.0,0.18475750577367206,1,1,High,1,1,1.6094379124341003,0.16953811716827968,0.7826677450367001,0,1
MN1101,East Harlem (South),Manhattan,21.65,40,8.97,54,12.97,135,884649.9346,6.7968,4,3,1,4,1,2023-11-30,MN11,560.0,0.0,0.18475750577367206,1,1,High,1,1,1.6094379124341003,0.16953811716827968,0.7826677450367001,0,1
MN1101,East Harlem (South),Manhattan,21.65,40,8.97,54,12.97,135,884649.9346,6.7968,4,3,1,4,1,2023-12-31,MN11,563.0,0.0,0.18475750577367206,1,1,High,1,1,1.6094379124341003,0.16953811716827968,0.7826677450367001,0,1
MN1101,East Harlem (South),Manhattan,21.65,40,8.97,54,12.97,135,884649.9346,6.7968,4,3,1,4,1,2024-01-31,MN11,526.0,0.0,0.18475750577367206,1,1,High,1,1,1.6094379124341003,0.16953811716827968,0.7826677450367001,0,1
MN1101,East Harlem (South),Manhattan,21.65,40,8.97,54,12.97,135,884649.9346,6.7968,4,3,1,4,1,2024-02-29,MN11,509.0,0.0,0.18475750577367206,1,1,High,1,1,1.6094379124341003,0.16953811716827968,0.7826677450367001,0,1
MN1101,East Harlem (South),Manhattan,21.65,40,8.97,54,12.97,135,884649.9346,6.7968,4,3,1,4,1,2024-03-31,MN11,512.0,0.0,0.18475750577367206,1,1,High,1,1,1.6094379124341003,0.16953811716827968,0.7826677450367001,0,1
MN1101,East Harlem (South),Manhattan,21.65,40,8.97,54,12.97,135,884649.9346,6.7968,4,3,1,4,1,2024-04-30,MN11,508.0,0.0,0.18475750577367206,1,1,High,1,1,1.6094379124341003,0.16953811716827968,0.7826677450367001,0,1
MN1101,East Harlem (South),Manhattan,21.65,40,8.97,54,12.97,135,884649.9346,6.7968,4,3,1,4,1,2024-05-31,MN11,501.0,0.0,0.18475750577367206,1,1,High,1,1,1.6094379124341003,0.16953811716827968,0.7826677450367001,0,1
MN1101,East Harlem (South),Manhattan,21.65,40,8.97,54,12.97,135,884649.9346,6.7968,4,3,1,4,1,2024-06-30,MN11,502.0,0.0,0.18475750577367206,1,1,High,1,1,1.6094379124341003,0.16953811716827968,0.7826677450367001,0,1
MN1101,East Harlem (South),Manhattan,21.65,40,8.97,54,12.97,135,884649.9346,6.7968,4,3,1,4,1,2024-07-31,MN11,534.0,0.0,0.18475750577367206,1,1,High,1,1,1.6094379124341003,0.16953811716827968,0.7826677450367001,0,1
MN1101,East Harlem (South),Manhattan,21.65,40,8.97,54,12.97,135,884649.9346,6.7968,4,3,1,4,1,2024-08-31,MN11,551.0,0.0,0.18475750577367206,1,1,High,1,1,1.6094379124341003,0.16953811716827968,0.7826677450367001,0,1
MN1101,East Harlem (South),Manhattan,21.65,40,8.97,54,12.97,135,884649.9346,6.7968,4,3,1,4,1,2024-09-30,MN11,557.0,0.0,0.18475750577367206,1,1,High,1,1,1.6094379124341003,0.16953811716827968,0.7826677450367001,0,1
MN1101,East Harlem (South),Manhattan,21.65,40,8.97,54,12.97,135,884649.9346,6.7968,4,3,1,4,1,2024-10-31,MN11,529.0,0.0,0.18475750577367206,1,1,High,1,1,1.6094379124341003,0.16953811716827968,0.7826677450367001,0,1
MN1101,East Harlem (South),Manhattan,21.65,40,8.97,54,12.97,135,884649.9346,6.7968,4,3,1,4,1,2024-11-30,MN11,537.0,0.0,0.18475750577367206,1,1,High,1,1,1.6094379124341003,0.16953811716827968,0.7826677450367001,0,1
MN1101,East Harlem (South),Manhattan,21.65,40,8.97,54,12.97,135,884649.9346,6.7968,4,3,1,4,1,2024-12-31,MN11,529.0,0.0,0.18475750577367206,1,1,High,1,1,1.6094379124341003,0.16953811716827968,0.7826677450367001,0,1
BX0502,Mount Hope,Bronx,19.38,56,13.86,11,23.94,19,101509.5768,6.7318,4,4,0,3,1,2023-01-31,BX05,1326.0,1.0,0.2063983488132095,1,1,High,0,1,1.6094379124341003,0.18763934958130218,0.7727487753887473,0,1
BX0502,Mount Hope,Bronx,19.38,56,13.86,11,23.94,19,101509.5768,6.7318,4,4,0,3,1,2023-02-28,BX05,1359.0,1.0,0.2063983488132095,1,1,High,0,1,1.6094379124341003,0.18763934958130218,0.7727487753887473,0,1
BX0502,Mount Hope,Bronx,19.38,56,13.86,11,23.94,19,101509.5768,6.7318,4,4,0,3,1,2023-03-31,BX05,1421.0,1.0,0.2063983488132095,1,1,High,0,1,1.6094379124341003,0.18763934958130218,0.7727487753887473,0,1
BX0502,Mount Hope,Bronx,19.38,56,13.86,11,23.94,19,101509.5768,6.7318,4,4,0,3,1,2023-04-30,BX05,1504.0,1.0,0.2063983488132095,1,1,High,0,1,1.6094379124341003,0.18763934958130218,0.7727487753887473,0,1
BX0502,Mount Hope,Bronx,19.38,56,13.86,11,23.94,19,101509.5768,6.7318,4,4,0,3,1,2023-05-31,BX05,1550.0,1.0,0.2063983488132095,1,1,High,0,1,1.6094379124341003,0.18763934958130218,0.7727487753887473,0,1
BX0502,Mount Hope,Bronx,19.38,56,13.86,11,23.94,19,101509.5768,6.7318,4,4,0,3,1,2023-06-30,BX05,1703.0,1.0,0.2063983488132095,1,1,High,0,1,1.6094379124341003,0.18763934958130218,0.7727487753887473,0,1
BX0502,Mount Hope,Bronx,19.38,56,13.86,11,23.94,19,101509.5768,6.7318,4,4,0,3,1,2023-07-31,BX05,1766.0,1.0,0.2063983488132095,1,1,High,0,1,1.6094379124341003,0.18763934958130218,0.7727487753887473,0,1
BX0502,Mount Hope,Bronx,19.38,56,13.86,11,23.94,19,101509.5768,6.7318,4,4,0,3,1,2023-08-31,BX05,1750.0,1.0,0.2063983488132095,1,1,High,0,1,1.6094379124341003,0.18763934958130218,0.7727487753887473,0,1
BX0502,Mount Hope,Bronx,19.38,56,13.86,11,23.94,19,101509.5768,6.7318,4,4,0,3,1,2023-09-30,BX05,1770.0,1.0,0.2063983488132095,1,1,High,0,1,1.6094379124341003,0.18763934958130218,0.7727487753887473,0,1
BX0502,Mount Hope,Bronx,19.38,56,13.86,11,23.94,19,101509.5768,6.7318,4,4,0,3,1,2023-10-31,BX05,1907.0,1.0,0.2063983488132095,1,1,High,0,1,1.6094379124341003,0.18763934958130218,0.7727487753887473,0,1
BX0502,Mount Hope,Bronx,19.38,56,13.86,11,23.94,19,101509.5768,6.7318,4,4,0,3,1,2023-11-30,BX05,1866.0,1.0,0.2063983488132095,1,1,High,0,1,1.6094379124341003,0.18763934958130218,0.7727487753887473,0,1
BX0502,Mount Hope,Bronx,19.38,56,13.86,11,23.94,19,101509.5768,6.7318,4,4,0,3,1,2023-12-31,BX05,1897.0,1.0,0.2063983488132095,1,1,High,0,1,1.6094379124341003,0.18763934958130218,0.7727487753887473,0,1
BX0502,Mount Hope,Bronx,19.38,56,13.86,11,23.94,19,101509.5768,6.7318,4,4,0,3,1,2024-01-31,BX05,1883.0,1.0,0.2063983488132095,1,1,High,0,1,1.6094379124341003,0.18763934958130218,0.7727487753887473,0,1
BX0502,Mount Hope,Bronx,19.38,56,13.86,11,23.94,19,101509.5768,6.7318,4,4,0,3,1,2024-02-29,BX05,1845.0,1.0,0.2063983488132095,1,1,High,0,1,1.6094379124341003,0.18763934958130218,0.7727487753887473,0,1
BX0502,Mount Hope,Bronx,19.38,56,13.86,11,23.94,19,101509.5768,6.7318,4,4,0,3,1,2024-03-31,BX05,1833.0,1.0,0.2063983488132095,1,1,High,0,1,1.6094379124341003,0.18763934958130218,0.7727487753887473,0,1
BX0502,Mount Hope,Bronx,19.38,56,13.86,11,23.94,19,101509.5768,6.7318,4,4,0,3,1,2024-04-30,BX05,1856.0,1.0,0.2063983488132095,1,1,High,0,1,1.6094379124341003,0.18763934958130218,0.7727487753887473,0,1
BX0502,Mount Hope,Bronx,19.38,56,13.86,11,23.94,19,101509.5768,6.7318,4,4,0,3,1,2024-05-31,BX05,1845.0,1.0,0.2063983488132095,1,1,High,0,1,1.6094379124341003,0.18763934958130218,0.7727487753887473,0,1
BX0502,Mount Hope,Bronx,19.38,56,13.86,11,23.94,19,101509.5768,6.7318,4,4,0,3,1,2024-06-30,BX05,1567.0,1.0,0.2063983488132095,1,1,High,0,1,1.6094379124341003,0.18763934958130218,0.7727487753887473,0,1
BX0502,Mount Hope,Bronx,19.38,56,13.86,11,23.94,19,101509.5768,6.7318,4,4,0,3,1,2024-07-31,BX05,1559.0,1.0,0.2063983488132095,1,1,High,0,1,1.6094379124341003,0.18763934958130218,0.7727487753887473,0,1
BX0502,Mount Hope,Bronx,19.38,56,13.86,11,23.94,19,101509.5768,6.7318,4,4,0,3,1,2024-08-31,BX05,1562.0,1.0,0.2063983488132095,1,1,High,0,1,1.6094379124341003,0.18763934958130218,0.7727487753887473,0,1
BX0502,Mount Hope,Bronx,19.38,56,13.86,11,23.94,19,101509.5768,6.7318,4,4,0,3,1,2024-09-30,BX05,1468.0,1.0,0.2063983488132095,1,1,High,0,1,1.6094379124341003,0.18763934958130218,0.7727487753887473,0,1
BX0502,Mount Hope,Bronx,19.38,56,13.86,11,23.94,19,101509.5768,6.7318,4,4,0,3,1,2024-10-31,BX05,1398.0,1.0,0.2063983488132095,1,1,High,0,1,1.6094379124341003,0.18763934958130218,0.7727487753887473,0,1
BX0502,Mount Hope,Bronx,19.38,56,13.86,11,23.94,19,101509.5768,6.7318,4,4,0,3,1,2024-11-30,BX05,1099.0,1.0,0.2063983488132095,1,1,High,0,1,1.6094379124341003,0.18763934958130218,0.7727487753887473,0,1
BX0502,Mount Hope,Bronx,19.38,56,13.86,11,23.94,19,101509.5768,6.7318,4,4,0,3,1,2024-12-31,BX05,1081.0,1.0,0.2063983488132095,1,1,High,0,1,1.6094379124341003,0.18763934958130218,0.7727487753887473,0,1
BX0402,Highbridge,Bronx,32.07,5,9.79,39,15.18,92,755612.1808,6.7024,3,2,1,3,1,2023-01-31,BX04,2238.0,1.0,0.09354536950420954,1,0,Low,1,1,1.3862943611198906,0.08942505044702319,0.7682623491172116,1,0
BX0402,Highbridge,Bronx,32.07,5,9.79,39,15.18,92,755612.1808,6.7024,3,2,1,3,1,2023-02-28,BX04,2200.0,1.0,0.09354536950420954,1,0,Low,1,1,1.3862943611198906,0.08942505044702319,0.7682623491172116,1,0
BX0402,Highbridge,Bronx,32.07,5,9.79,39,15.18,92,755612.1808,6.7024,3,2,1,3,1,2023-03-31,BX04,2177.0,1.0,0.09354536950420954,1,0,Low,1,1,1.3862943611198906,0.08942505044702319,0.7682623491172116,1,0
BX0402,Highbridge,Bronx,32.07,5,9.79,39,15.18,92,755612.1808,6.7024,3,2,1,3,1,2023-04-30,BX04,2189.0,1.0,0.09354536950420954,1,0,Low,1,1,1.3862943611198906,0.08942505044702319,0.7682623491172116,1,0
BX0402,Highbridge,Bronx,32.07,5,9.79,39,15.18,92,755612.1808,6.7024,3,2,1,3,1,2023-05-31,BX04,2243.0,1.0,0.09354536950420954,1,0,Low,1,1,1.3862943611198906,0.08942505044702319,0.7682623491172116,1,0
BX0402,Highbridge,Bronx,32.07,5,9.79,39,15.18,92,755612.1808,6.7024,3,2,1,3,1,2023-06-30,BX04,2262.0,1.0,0.09354536950420954,1,0,Low,1,1,1.3862943611198906,0.08942505044702319,0.7682623491172116,1,0
BX0402,Highbridge,Bronx,32.07,5,9.79,39,15.18,92,755612.1808,6.7024,3,2,1,3,1,2023-07-31,BX04,2221.0,1.0,0.09354536950420954,1,0,Low,1,1,1.3862943611198906,0.08942505044702319,0.7682623491172116,1,0
BX0402,Highbridge,Bronx,32.07,5,9.79,39,15.18,92,755612.1808,6.7024,3,2,1,3,1,2023-08-31,BX04,2186.0,1.0,0.09354536950420954,1,0,Low,1,1,1.3862943611198906,0.08942505044702319,0.7682623491172116,1,0
BX0402,Highbridge,Bronx,32.07,5,9.79,39,15.18,92,755612.1808,6.7024,3,2,1,3,1,2023-09-30,BX04,2226.0,1.0,0.09354536950420954,1,0,Low,1,1,1.3862943611198906,0.08942505044702319,0.7682623491172116,1,0
BX0402,Highbridge,Bronx,32.07,5,9.79,39,15.18,92,755612.1808,6.7024,3,2,1,3,1,2023-10-31,BX04,2214.0,1.0,0.09354536950420954,1,0,Low,1,1,1.3862943611198906,0.08942505044702319,0.7682623491172116,1,0
BX0402,Highbridge,Bronx,32.07,5,9.79,39,15.18,92,755612.1808,6.7024,3,2,1,3,1,2023-11-30,BX04,2198.0,1.0,0.09354536950420954,1,0,Low,1,1,1.3862943611198906,0.08942505044702319,0.7682623491172116,1,0
BX0402,Highbridge,Bronx,32.07,5,9.79,39,15.18,92,755612.1808,6.7024,3,2,1,3,1,2023-12-31,BX04,2198.0,1.0,0.09354536950420954,1,0,Low,1,1,1.3862943611198906,0.08942505044702319,0.7682623491172116,1,0
BX0402,Highbridge,Bronx,32.07,5,9.79,39,15.18,92,755612.1808,6.7024,3,2,1,3,1,2024-01-31,BX04,2169.0,1.0,0.09354536950420954,1,0,Low,1,1,1.3862943611198906,0.08942505044702319,0.7682623491172116,1,0
BX0402,Highbridge,Bronx,32.07,5,9.79,39,15.18,92,755612.1808,6.7024,3,2,1,3,1,2024-02-29,BX04,2167.0,1.0,0.09354536950420954,1,0,Low,1,1,1.3862943611198906,0.08942505044702319,0.7682623491172116,1,0
BX0402,Highbridge,Bronx,32.07,5,9.79,39,15.18,92,755612.1808,6.7024,3,2,1,3,1,2024-03-31,BX04,2149.0,1.0,0.09354536950420954,1,0,Low,1,1,1.3862943611198906,0.08942505044702319,0.7682623491172116,1,0
BX0402,Highbridge,Bronx,32.07,5,9.79,39,15.18,92,755612.1808,6.7024,3,2,1,3,1,2024-04-30,BX04,2134.0,1.0,0.09354536950420954,1,0,Low,1,1,1.3862943611198906,0.08942505044702319,0.7682623491172116,1,0
BX0402,Highbridge,Bronx,32.07,5,9.79,39,15.18,92,755612.1808,6.7024,3,2,1,3,1,2024-05-31,BX04,2120.0,1.0,0.09354536950420954,1,0,Low,1,1,1.3862943611198906,0.08942505044702319,0.7682623491172116,1,0
BX0402,Highbridge,Bronx,32.07,5,9.79,39,15.18,92,755612.1808,6.7024,3,2,1,3,1,2024-06-30,BX04,2115.0,1.0,0.09354536950420954,1,0,Low,1,1,1.3862943611198906,0.08942505044702319,0.7682623491172116,1,0
BX0402,Highbridge,Bronx,32.07,5,9.79,39,15.18,92,755612.1808,6.7024,3,2,1,3,1,2024-07-31,BX04,2124.0,1.0,0.09354536950420954,1,0,Low,1,1,1.3862943611198906,0.08942505044702319,0.7682623491172116,1,0
BX0402,Highbridge,Bronx,32.07,5,9.79,39,15.18,92,755612.1808,6.7024,3,2,1,3,1,2024-08-31,BX04,2122.0,1.0,0.09354536950420954,1,0,Low,1,1,1.3862943611198906,0.08942505044702319,0.7682623491172116,1,0
BX0402,Highbridge,Bronx,32.07,5,9.79,39,15.18,92,755612.1808,6.7024,3,2,1,3,1,2024-09-30,BX04,2169.0,1.0,0.09354536950420954,1,0,Low,1,1,1.3862943611198906,0.08942505044702319,0.7682623491172116,1,0
BX0402,Highbridge,Bronx,32.07,5,9.79,39,15.18,92,755612.1808,6.7024,3,2,1,3,1,2024-10-31,BX04,2222.0,1.0,0.09354536950420954,1,0,Low,1,1,1.3862943611198906,0.08942505044702319,0.7682623491172116,1,0
BX0402,Highbridge,Bronx,32.07,5,9.79,39,15.18,92,755612.1808,6.7024,3,2,1,3,1,2024-11-30,BX04,2133.0,1.0,0.09354536950420954,1,0,Low,1,1,1.3862943611198906,0.08942505044702319,0.7682623491172116,1,0
BX0402,Highbridge,Bronx,32.07,5,9.79,39,15.18,92,755612.1808,6.7024,3,2,1,3,1,2024-12-31,BX04,2143.0,1.0,0.09354536950420954,1,0,Low,1,1,1.3862943611198906,0.08942505044702319,0.7682623491172116,1,0
BX0803,Riverdale-Spuyten Duyvil,Bronx,27.11,17,5.62,141,10.73,170,2022029.1425,6.6493,0,0,0,0,0,2023-01-31,BX08,222.0,0.0,0.0,1,0,Low,0,0,0.0,0.0,0.7601593139124995,1,0
BX0803,Riverdale-Spuyten Duyvil,Bronx,27.11,17,5.62,141,10.73,170,2022029.1425,6.6493,0,0,0,0,0,2023-02-28,BX08,221.0,0.0,0.0,1,0,Low,0,0,0.0,0.0,0.7601593139124995,1,0
BX0803,Riverdale-Spuyten Duyvil,Bronx,27.11,17,5.62,141,10.73,170,2022029.1425,6.6493,0,0,0,0,0,2023-03-31,BX08,214.0,0.0,0.0,1,0,Low,0,0,0.0,0.0,0.7601593139124995,1,0
BX0803,Riverdale-Spuyten Duyvil,Bronx,27.11,17,5.62,141,10.73,170,2022029.1425,6.6493,0,0,0,0,0,2023-04-30,BX08,212.0,0.0,0.0,1,0,Low,0,0,0.0,0.0,0.7601593139124995,1,0
BX0803,Riverdale-Spuyten Duyvil,Bronx,27.11,17,5.62,141,10.73,170,2022029.1425,6.6493,0,0,0,0,0,2023-05-31,BX08,210.0,0.0,0.0,1,0,Low,0,0,0.0,0.0,0.7601593139124995,1,0
BX0803,Riverdale-Spuyten Duyvil,Bronx,27.11,17,5.62,141,10.73,170,2022029.1425,6.6493,0,0,0,0,0,2023-06-30,BX08,217.0,0.0,0.0,1,0,Low,0,0,0.0,0.0,0.7601593139124995,1,0
BX0803,Riverdale-Spuyten Duyvil,Bronx,27.11,17,5.62,141,10.73,170,2022029.1425,6.6493,0,0,0,0,0,2023-07-31,BX08,216.0,0.0,0.0,1,0,Low,0,0,0.0,0.0,0.7601593139124995,1,0
BX0803,Riverdale-Spuyten Duyvil,Bronx,27.11,17,5.62,141,10.73,170,2022029.1425,6.6493,0,0,0,0,0,2023-08-31,BX08,222.0,0.0,0.0,1,0,Low,0,0,0.0,0.0,0.7601593139124995,1,0
BX0803,Riverdale-Spuyten Duyvil,Bronx,27.11,17,5.62,141,10.73,170,2022029.1425,6.6493,0,0,0,0,0,2023-09-30,BX08,216.0,0.0,0.0,1,0,Low,0,0,0.0,0.0,0.7601593139124995,1,0
BX0803,Riverdale-Spuyten Duyvil,Bronx,27.11,17,5.62,141,10.73,170,2022029.1425,6.6493,0,0,0,0,0,2023-10-31,BX08,211.0,0.0,0.0,1,0,Low,0,0,0.0,0.0,0.7601593139124995,1,0
BX0803,Riverdale-Spuyten Duyvil,Bronx,27.11,17,5.62,141,10.73,170,2022029.1425,6.6493,0,0,0,0,0,2023-11-30,BX08,202.0,0.0,0.0,1,0,Low,0,0,0.0,0.0,0.7601593139124995,1,0
BX0803,Riverdale-Spuyten Duyvil,Bronx,27.11,17,5.62,141,10.73,170,2022029.1425,6.6493,0,0,0,0,0,2023-12-31,BX08,192.0,0.0,0.0,1,0,Low,0,0,0.0,0.0,0.7601593139124995,1,0
BX0803,Riverdale-Spuyten Duyvil,Bronx,27.11,17,5.62,141,10.73,170,2022029.1425,6.6493,0,0,0,0,0,2024-01-31,BX08,200.0,0.0,0.0,1,0,Low,0,0,0.0,0.0,0.7601593139124995,1,0
BX0803,Riverdale-Spuyten Duyvil,Bronx,27.11,17,5.62,141,10.73,170,2022029.1425,6.6493,0,0,0,0,0,2024-02-29,BX08,204.0,0.0,0.0,1,0,Low,0,0,0.0,0.0,0.7601593139124995,1,0
BX0803,Riverdale-Spuyten Duyvil,Bronx,27.11,17,5.62,141,10.73,170,2022029.1425,6.6493,0,0,0,0,0,2024-03-31,BX08,213.0,0.0,0.0,1,0,Low,0,0,0.0,0.0,0.7601593139124995,1,0
BX0803,Riverdale-Spuyten Duyvil,Bronx,27.11,17,5.62,141,10.73,170,2022029.1425,6.6493,0,0,0,0,0,2024-04-30,BX08,203.0,0.0,0.0,1,0,Low,0,0,0.0,0.0,0.7601593139124995,1,0
BX0803,Riverdale-Spuyten Duyvil,Bronx,27.11,17,5.62,141,10.73,170,2022029.1425,6.6493,0,0,0,0,0,2024-05-31,BX08,185.0,0.0,0.0,1,0,Low,0,0,0.0,0.0,0.7601593139124995,1,0
BX0803,Riverdale-Spuyten Duyvil,Bronx,27.11,17,5.62,141,10.73,170,2022029.1425,6.6493,0,0,0,0,0,2024-06-30,BX08,190.0,0.0,0.0,1,0,Low,0,0,0.0,0.0,0.7601593139124995,1,0
BX0803,Riverdale-Spuyten Duyvil,Bronx,27.11,17,5.62,141,10.73,170,2022029.1425,6.6493,0,0,0,0,0,2024-07-31,BX08,180.0,0.0,0.0,1,0,Low,0,0,0.0,0.0,0.7601593139124995,1,0
BX0803,Riverdale-Spuyten Duyvil,Bronx,27.11,17,5.62,141,10.73,170,2022029.1425,6.6493,0,0,0,0,0,2024-08-31,BX08,183.0,0.0,0.0,1,0,Low,0,0,0.0,0.0,0.7601593139124995,1,0
BX0803,Riverdale-Spuyten Duyvil,Bronx,27.11,17,5.62,141,10.73,170,2022029.1425,6.6493,0,0,0,0,0,2024-09-30,BX08,380.0,0.0,0.0,1,0,Low,0,0,0.0,0.0,0.7601593139124995,1,0
BX0803,Riverdale-Spuyten Duyvil,Bronx,27.11,17,5.62,141,10.73,170,2022029.1425,6.6493,0,0,0,0,0,2024-10-31,BX08,394.0,0.0,0.0,1,0,Low,0,0,0.0,0.0,0.7601593139124995,1,0
BX0803,Riverdale-Spuyten Duyvil,Bronx,27.11,17,5.62,141,10.73,170,2022029.1425,6.6493,0,0,0,0,0,2024-11-30,BX08,421.0,0.0,0.0,1,0,Low,0,0,0.0,0.0,0.7601593139124995,1,0
BX0803,Riverdale-Spuyten Duyvil,Bronx,27.11,17,5.62,141,10.73,170,2022029.1425,6.6493,0,0,0,0,0,2024-12-31,BX08,406.0,0.0,0.0,1,0,Low,0,0,0.0,0.0,0.7601593139124995,1,0
BK1302,Coney Island-Sea Gate,Brooklyn,24.17,30,10.17,31,13.46,119,994956.76,6.6135,4,3,1,3,1,2023-01-31,BK13,463.0,0.0,0.16549441456350847,1,1,High,1,1,1.6094379124341003,0.15314538717288959,0.7546962506294731,0,1
BK1302,Coney Island-Sea Gate,Brooklyn,24.17,30,10.17,31,13.46,119,994956.76,6.6135,4,3,1,3,1,2023-02-28,BK13,436.0,0.0,0.16549441456350847,1,1,High,1,1,1.6094379124341003,0.15314538717288959,0.7546962506294731,0,1
BK1302,Coney Island-Sea Gate,Brooklyn,24.17,30,10.17,31,13.46,119,994956.76,6.6135,4,3,1,3,1,2023-03-31,BK13,454.0,0.0,0.16549441456350847,1,1,High,1,1,1.6094379124341003,0.15314538717288959,0.7546962506294731,0,1
BK1302,Coney Island-Sea Gate,Brooklyn,24.17,30,10.17,31,13.46,119,994956.76,6.6135,4,3,1,3,1,2023-04-30,BK13,461.0,0.0,0.16549441456350847,1,1,High,1,1,1.6094379124341003,0.15314538717288959,0.7546962506294731,0,1
BK1302,Coney Island-Sea Gate,Brooklyn,24.17,30,10.17,31,13.46,119,994956.76,6.6135,4,3,1,3,1,2023-05-31,BK13,456.0,0.0,0.16549441456350847,1,1,High,1,1,1.6094379124341003,0.15314538717288959,0.7546962506294731,0,1
BK1302,Coney Island-Sea Gate,Brooklyn,24.17,30,10.17,31,13.46,119,994956.76,6.6135,4,3,1,3,1,2023-06-30,BK13,458.0,0.0,0.16549441456350847,1,1,High,1,1,1.6094379124341003,0.15314538717288959,0.7546962506294731,0,1
BK1302,Coney Island-Sea Gate,Brooklyn,24.17,30,10.17,31,13.46,119,994956.76,6.6135,4,3,1,3,1,2023-07-31,BK13,457.0,0.0,0.16549441456350847,1,1,High,1,1,1.6094379124341003,0.15314538717288959,0.7546962506294731,0,1
BK1302,Coney Island-Sea Gate,Brooklyn,24.17,30,10.17,31,13.46,119,994956.76,6.6135,4,3,1,3,1,2023-08-31,BK13,452.0,0.0,0.16549441456350847,1,1,High,1,1,1.6094379124341003,0.15314538717288959,0.7546962506294731,0,1
BK1302,Coney Island-Sea Gate,Brooklyn,24.17,30,10.17,31,13.46,119,994956.76,6.6135,4,3,1,3,1,2023-09-30,BK13,459.0,0.0,0.16549441456350847,1,1,High,1,1,1.6094379124341003,0.15314538717288959,0.7546962506294731,0,1
BK1302,Coney Island-Sea Gate,Brooklyn,24.17,30,10.17,31,13.46,119,994956.76,6.6135,4,3,1,3,1,2023-10-31,BK13,447.0,0.0,0.16549441456350847,1,1,High,1,1,1.6094379124341003,0.15314538717288959,0.7546962506294731,0,1
BK1302,Coney Island-Sea Gate,Brooklyn,24.17,30,10.17,31,13.46,119,994956.76,6.6135,4,3,1,3,1,2023-11-30,BK13,439.0,0.0,0.16549441456350847,1,1,High,1,1,1.6094379124341003,0.15314538717288959,0.7546962506294731,0,1
BK1302,Coney Island-Sea Gate,Brooklyn,24.17,30,10.17,31,13.46,119,994956.76,6.6135,4,3,1,3,1,2023-12-31,BK13,442.0,0.0,0.16549441456350847,1,1,High,1,1,1.6094379124341003,0.15314538717288959,0.7546962506294731,0,1
BK1302,Coney Island-Sea Gate,Brooklyn,24.17,30,10.17,31,13.46,119,994956.76,6.6135,4,3,1,3,1,2024-01-31,BK13,430.0,0.0,0.16549441456350847,1,1,High,1,1,1.6094379124341003,0.15314538717288959,0.7546962506294731,0,1
BK1302,Coney Island-Sea Gate,Brooklyn,24.17,30,10.17,31,13.46,119,994956.76,6.6135,4,3,1,3,1,2024-02-29,BK13,429.0,0.0,0.16549441456350847,1,1,High,1,1,1.6094379124341003,0.15314538717288959,0.7546962506294731,0,1
BK1302,Coney Island-Sea Gate,Brooklyn,24.17,30,10.17,31,13.46,119,994956.76,6.6135,4,3,1,3,1,2024-03-31,BK13,405.0,0.0,0.16549441456350847,1,1,High,1,1,1.6094379124341003,0.15314538717288959,0.7546962506294731,0,1
BK1302,Coney Island-Sea Gate,Brooklyn,24.17,30,10.17,31,13.46,119,994956.76,6.6135,4,3,1,3,1,2024-04-30,BK13,396.0,0.0,0.16549441456350847,1,1,High,1,1,1.6094379124341003,0.15314538717288959,0.7546962506294731,0,1
BK1302,Coney Island-Sea Gate,Brooklyn,24.17,30,10.17,31,13.46,119,994956.76,6.6135,4,3,1,3,1,2024-05-31,BK13,365.0,0.0,0.16549441456350847,1,1,High,1,1,1.6094379124341003,0.15314538717288959,0.7546962506294731,0,1
BK1302,Coney Island-Sea Gate,Brooklyn,24.17,30,10.17,31,13.46,119,994956.76,6.6135,4,3,1,3,1,2024-06-30,BK13,377.0,0.0,0.16549441456350847,1,1,High,1,1,1.6094379124341003,0.15314538717288959,0.7546962506294731,0,1
BK1302,Coney Island-Sea Gate,Brooklyn,24.17,30,10.17,31,13.46,119,994956.76,6.6135,4,3,1,3,1,2024-07-31,BK13,363.0,0.0,0.16549441456350847,1,1,High,1,1,1.6094379124341003,0.15314538717288959,0.7546962506294731,0,1
BK1302,Coney Island-Sea Gate,Brooklyn,24.17,30,10.17,31,13.46,119,994956.76,6.6135,4,3,1,3,1,2024-08-31,BK13,363.0,0.0,0.16549441456350847,1,1,High,1,1,1.6094379124341003,0.15314538717288959,0.7546962506294731,0,1
BK1302,Coney Island-Sea Gate,Brooklyn,24.17,30,10.17,31,13.46,119,994956.76,6.6135,4,3,1,3,1,2024-09-30,BK13,407.0,0.0,0.16549441456350847,1,1,High,1,1,1.6094379124341003,0.15314538717288959,0.7546962506294731,0,1
BK1302,Coney Island-Sea Gate,Brooklyn,24.17,30,10.17,31,13.46,119,994956.76,6.6135,4,3,1,3,1,2024-10-31,BK13,424.0,0.0,0.16549441456350847,1,1,High,1,1,1.6094379124341003,0.15314538717288959,0.7546962506294731,0,1
BK1302,Coney Island-Sea Gate,Brooklyn,24.17,30,10.17,31,13.46,119,994956.76,6.6135,4,3,1,3,1,2024-11-30,BK13,411.0,0.0,0.16549441456350847,1,1,High,1,1,1.6094379124341003,0.15314538717288959,0.7546962506294731,0,1
BK1302,Coney Island-Sea Gate,Brooklyn,24.17,30,10.17,31,13.46,119,994956.76,6.6135,4,3,1,3,1,2024-12-31,BK13,417.0,0.0,0.16549441456350847,1,1,High,1,1,1.6094379124341003,0.15314538717288959,0.7546962506294731,0,1
BX1104,Allerton,Bronx,15.94,89,10.64,30,17.57,54,693814.7977,6.5994,0,0,0,0,0,2023-01-31,BX11,0.0,0.0,0.0,1,0,Low,0,0,0.0,0.0,0.7525445972135324,1,0
BX1104,Allerton,Bronx,15.94,89,10.64,30,17.57,54,693814.7977,6.5994,0,0,0,0,0,2023-02-28,BX11,0.0,0.0,0.0,1,0,Low,0,0,0.0,0.0,0.7525445972135324,1,0
BX1104,Allerton,Bronx,15.94,89,10.64,30,17.57,54,693814.7977,6.5994,0,0,0,0,0,2023-03-31,BX11,0.0,0.0,0.0,1,0,Low,0,0,0.0,0.0,0.7525445972135324,1,0
BX1104,Allerton,Bronx,15.94,89,10.64,30,17.57,54,693814.7977,6.5994,0,0,0,0,0,2023-04-30,BX11,0.0,0.0,0.0,1,0,Low,0,0,0.0,0.0,0.7525445972135324,1,0
BX1104,Allerton,Bronx,15.94,89,10.64,30,17.57,54,693814.7977,6.5994,0,0,0,0,0,2023-05-31,BX11,0.0,0.0,0.0,1,0,Low,0,0,0.0,0.0,0.7525445972135324,1,0
BX1104,Allerton,Bronx,15.94,89,10.64,30,17.57,54,693814.7977,6.5994,0,0,0,0,0,2023-06-30,BX11,0.0,0.0,0.0,1,0,Low,0,0,0.0,0.0,0.7525445972135324,1,0
BX1104,Allerton,Bronx,15.94,89,10.64,30,17.57,54,693814.7977,6.5994,0,0,0,0,0,2023-07-31,BX11,0.0,0.0,0.0,1,0,Low,0,0,0.0,0.0,0.7525445972135324,1,0
BX1104,Allerton,Bronx,15.94,89,10.64,30,17.57,54,693814.7977,6.5994,0,0,0,0,0,2023-08-31,BX11,0.0,0.0,0.0,1,0,Low,0,0,0.0,0.0,0.7525445972135324,1,0
BX1104,Allerton,Bronx,15.94,89,10.64,30,17.57,54,693814.7977,6.5994,0,0,0,0,0,2023-09-30,BX11,0.0,0.0,0.0,1,0,Low,0,0,0.0,0.0,0.7525445972135324,1,0
BX1104,Allerton,Bronx,15.94,89,10.64,30,17.57,54,693814.7977,6.5994,0,0,0,0,0,2023-10-31,BX11,0.0,0.0,0.0,1,0,Low,0,0,0.0,0.0,0.7525445972135324,1,0
BX1104,Allerton,Bronx,15.94,89,10.64,30,17.57,54,693814.7977,6.5994,0,0,0,0,0,2023-11-30,BX11,0.0,0.0,0.0,1,0,Low,0,0,0.0,0.0,0.7525445972135324,1,0
BX1104,Allerton,Bronx,15.94,89,10.64,30,17.57,54,693814.7977,6.5994,0,0,0,0,0,2023-12-31,BX11,0.0,0.0,0.0,1,0,Low,0,0,0.0,0.0,0.7525445972135324,1,0
BX1104,Allerton,Bronx,15.94,89,10.64,30,17.57,54,693814.7977,6.5994,0,0,0,0,0,2024-01-31,BX11,0.0,0.0,0.0,1,0,Low,0,0,0.0,0.0,0.7525445972135324,1,0
BX1104,Allerton,Bronx,15.94,89,10.64,30,17.57,54,693814.7977,6.5994,0,0,0,0,0,2024-02-29,BX11,0.0,0.0,0.0,1,0,Low,0,0,0.0,0.0,0.7525445972135324,1,0
BX1104,Allerton,Bronx,15.94,89,10.64,30,17.57,54,693814.7977,6.5994,0,0,0,0,0,2024-03-31,BX11,0.0,0.0,0.0,1,0,Low,0,0,0.0,0.0,0.7525445972135324,1,0
BX1104,Allerton,Bronx,15.94,89,10.64,30,17.57,54,693814.7977,6.5994,0,0,0,0,0,2024-04-30,BX11,0.0,0.0,0.0,1,0,Low,0,0,0.0,0.0,0.7525445972135324,1,0
BX1104,Allerton,Bronx,15.94,89,10.64,30,17.57,54,693814.7977,6.5994,0,0,0,0,0,2024-05-31,BX11,0.0,0.0,0.0,1,0,Low,0,0,0.0,0.0,0.7525445972135324,1,0
BX1104,Allerton,Bronx,15.94,89,10.64,30,17.57,54,693814.7977,6.5994,0,0,0,0,0,2024-06-30,BX11,0.0,0.0,0.0,1,0,Low,0,0,0.0,0.0,0.7525445972135324,1,0
BX1104,Allerton,Bronx,15.94,89,10.64,30,17.57,54,693814.7977,6.5994,0,0,0,0,0,2024-07-31,BX11,0.0,0.0,0.0,1,0,Low,0,0,0.0,0.0,0.7525445972135324,1,0
BX1104,Allerton,Bronx,15.94,89,10.64,30,17.57,54,693814.7977,6.5994,0,0,0,0,0,2024-08-31,BX11,0.0,0.0,0.0,1,0,Low,0,0,0.0,0.0,0.7525445972135324,1,0
BX1104,Allerton,Bronx,15.94,89,10.64,30,17.57,54,693814.7977,6.5994,0,0,0,0,0,2024-09-30,BX11,0.0,0.0,0.0,1,0,Low,0,0,0.0,0.0,0.7525445972135324,1,0
BX1104,Allerton,Bronx,15.94,89,10.64,30,17.57,54,693814.7977,6.5994,0,0,0,0,0,2024-10-31,BX11,0.0,0.0,0.0,1,0,Low,0,0,0.0,0.0,0.7525445972135324,1,0
BX1104,Allerton,Bronx,15.94,89,10.64,30,17.57,54,693814.7977,6.5994,0,0,0,0,0,2024-11-30,BX11,0.0,0.0,0.0,1,0,Low,0,0,0.0,0.0,0.7525445972135324,1,0
BX1104,Allerton,Bronx,15.94,89,10.64,30,17.57,54,693814.7977,6.5994,0,0,0,0,0,2024-12-31,BX11,0.0,0.0,0.0,1,0,Low,0,0,0.0,0.0,0.7525445972135324,1,0
BK1001,Bay Ridge,Brooklyn,17.16,74,6.07,134,13.66,117,1760897.7134,6.5749,2,2,0,1,1,2023-01-31,BK10,0.0,0.0,0.11655011655011654,1,0,Low,0,1,1.0986122886681098,0.11024367848289826,0.7488059086539195,1,0
BK1001,Bay Ridge,Brooklyn,17.16,74,6.07,134,13.66,117,1760897.7134,6.5749,2,2,0,1,1,2023-02-28,BK10,0.0,0.0,0.11655011655011654,1,0,Low,0,1,1.0986122886681098,0.11024367848289826,0.7488059086539195,1,0
BK1001,Bay Ridge,Brooklyn,17.16,74,6.07,134,13.66,117,1760897.7134,6.5749,2,2,0,1,1,2023-03-31,BK10,0.0,0.0,0.11655011655011654,1,0,Low,0,1,1.0986122886681098,0.11024367848289826,0.7488059086539195,1,0
BK1001,Bay Ridge,Brooklyn,17.16,74,6.07,134,13.66,117,1760897.7134,6.5749,2,2,0,1,1,2023-04-30,BK10,0.0,0.0,0.11655011655011654,1,0,Low,0,1,1.0986122886681098,0.11024367848289826,0.7488059086539195,1,0
BK1001,Bay Ridge,Brooklyn,17.16,74,6.07,134,13.66,117,1760897.7134,6.5749,2,2,0,1,1,2023-05-31,BK10,0.0,0.0,0.11655011655011654,1,0,Low,0,1,1.0986122886681098,0.11024367848289826,0.7488059086539195,1,0
BK1001,Bay Ridge,Brooklyn,17.16,74,6.07,134,13.66,117,1760897.7134,6.5749,2,2,0,1,1,2023-06-30,BK10,0.0,0.0,0.11655011655011654,1,0,Low,0,1,1.0986122886681098,0.11024367848289826,0.7488059086539195,1,0
BK1001,Bay Ridge,Brooklyn,17.16,74,6.07,134,13.66,117,1760897.7134,6.5749,2,2,0,1,1,2023-07-31,BK10,0.0,0.0,0.11655011655011654,1,0,Low,0,1,1.0986122886681098,0.11024367848289826,0.7488059086539195,1,0
BK1001,Bay Ridge,Brooklyn,17.16,74,6.07,134,13.66,117,1760897.7134,6.5749,2,2,0,1,1,2023-08-31,BK10,0.0,0.0,0.11655011655011654,1,0,Low,0,1,1.0986122886681098,0.11024367848289826,0.7488059086539195,1,0
BK1001,Bay Ridge,Brooklyn,17.16,74,6.07,134,13.66,117,1760897.7134,6.5749,2,2,0,1,1,2023-09-30,BK10,0.0,0.0,0.11655011655011654,1,0,Low,0,1,1.0986122886681098,0.11024367848289826,0.7488059086539195,1,0
BK1001,Bay Ridge,Brooklyn,17.16,74,6.07,134,13.66,117,1760897.7134,6.5749,2,2,0,1,1,2023-10-31,BK10,0.0,0.0,0.11655011655011654,1,0,Low,0,1,1.0986122886681098,0.11024367848289826,0.7488059086539195,1,0
BK1001,Bay Ridge,Brooklyn,17.16,74,6.07,134,13.66,117,1760897.7134,6.5749,2,2,0,1,1,2023-11-30,BK10,0.0,0.0,0.11655011655011654,1,0,Low,0,1,1.0986122886681098,0.11024367848289826,0.7488059086539195,1,0
BK1001,Bay Ridge,Brooklyn,17.16,74,6.07,134,13.66,117,1760897.7134,6.5749,2,2,0,1,1,2023-12-31,BK10,0.0,0.0,0.11655011655011654,1,0,Low,0,1,1.0986122886681098,0.11024367848289826,0.7488059086539195,1,0
BK1001,Bay Ridge,Brooklyn,17.16,74,6.07,134,13.66,117,1760897.7134,6.5749,2,2,0,1,1,2024-01-31,BK10,0.0,0.0,0.11655011655011654,1,0,Low,0,1,1.0986122886681098,0.11024367848289826,0.7488059086539195,1,0
BK1001,Bay Ridge,Brooklyn,17.16,74,6.07,134,13.66,117,1760897.7134,6.5749,2,2,0,1,1,2024-02-29,BK10,0.0,0.0,0.11655011655011654,1,0,Low,0,1,1.0986122886681098,0.11024367848289826,0.7488059086539195,1,0
BK1001,Bay Ridge,Brooklyn,17.16,74,6.07,134,13.66,117,1760897.7134,6.5749,2,2,0,1,1,2024-03-31,BK10,0.0,0.0,0.11655011655011654,1,0,Low,0,1,1.0986122886681098,0.11024367848289826,0.7488059086539195,1,0
BK1001,Bay Ridge,Brooklyn,17.16,74,6.07,134,13.66,117,1760897.7134,6.5749,2,2,0,1,1,2024-04-30,BK10,0.0,0.0,0.11655011655011654,1,0,Low,0,1,1.0986122886681098,0.11024367848289826,0.7488059086539195,1,0
BK1001,Bay Ridge,Brooklyn,17.16,74,6.07,134,13.66,117,1760897.7134,6.5749,2,2,0,1,1,2024-05-31,BK10,0.0,0.0,0.11655011655011654,1,0,Low,0,1,1.0986122886681098,0.11024367848289826,0.7488059086539195,1,0
BK1001,Bay Ridge,Brooklyn,17.16,74,6.07,134,13.66,117,1760897.7134,6.5749,2,2,0,1,1,2024-06-30,BK10,0.0,0.0,0.11655011655011654,1,0,Low,0,1,1.0986122886681098,0.11024367848289826,0.7488059086539195,1,0
BK1001,Bay Ridge,Brooklyn,17.16,74,6.07,134,13.66,117,1760897.7134,6.5749,2,2,0,1,1,2024-07-31,BK10,0.0,0.0,0.11655011655011654,1,0,Low,0,1,1.0986122886681098,0.11024367848289826,0.7488059086539195,1,0
BK1001,Bay Ridge,Brooklyn,17.16,74,6.07,134,13.66,117,1760897.7134,6.5749,2,2,0,1,1,2024-08-31,BK10,0.0,0.0,0.11655011655011654,1,0,Low,0,1,1.0986122886681098,0.11024367848289826,0.7488059086539195,1,0
BK1001,Bay Ridge,Brooklyn,17.16,74,6.07,134,13.66,117,1760897.7134,6.5749,2,2,0,1,1,2024-09-30,BK10,0.0,0.0,0.11655011655011654,1,0,Low,0,1,1.0986122886681098,0.11024367848289826,0.7488059086539195,1,0
BK1001,Bay Ridge,Brooklyn,17.16,74,6.07,134,13.66,117,1760897.7134,6.5749,2,2,0,1,1,2024-10-31,BK10,0.0,0.0,0.11655011655011654,1,0,Low,0,1,1.0986122886681098,0.11024367848289826,0.7488059086539195,1,0
BK1001,Bay Ridge,Brooklyn,17.16,74,6.07,134,13.66,117,1760897.7134,6.5749,2,2,0,1,1,2024-11-30,BK10,0.0,0.0,0.11655011655011654,1,0,Low,0,1,1.0986122886681098,0.11024367848289826,0.7488059086539195,1,0
BK1001,Bay Ridge,Brooklyn,17.16,74,6.07,134,13.66,117,1760897.7134,6.5749,2,2,0,1,1,2024-12-31,BK10,0.0,0.0,0.11655011655011654,1,0,Low,0,1,1.0986122886681098,0.11024367848289826,0.7488059086539195,1,0
QN0402,Corona,Queens,14.1,113,6.68,117,32.09,6,679291.5649,6.4885,0,0,0,0,0,2023-01-31,QN04,544.0,0.0,0.0,1,0,Low,0,0,0.0,0.0,0.7356213089987945,1,0
QN0402,Corona,Queens,14.1,113,6.68,117,32.09,6,679291.5649,6.4885,0,0,0,0,0,2023-02-28,QN04,558.0,0.0,0.0,1,0,Low,0,0,0.0,0.0,0.7356213089987945,1,0
QN0402,Corona,Queens,14.1,113,6.68,117,32.09,6,679291.5649,6.4885,0,0,0,0,0,2023-03-31,QN04,554.0,0.0,0.0,1,0,Low,0,0,0.0,0.0,0.7356213089987945,1,0
QN0402,Corona,Queens,14.1,113,6.68,117,32.09,6,679291.5649,6.4885,0,0,0,0,0,2023-04-30,QN04,540.0,0.0,0.0,1,0,Low,0,0,0.0,0.0,0.7356213089987945,1,0
QN0402,Corona,Queens,14.1,113,6.68,117,32.09,6,679291.5649,6.4885,0,0,0,0,0,2023-05-31,QN04,541.0,0.0,0.0,1,0,Low,0,0,0.0,0.0,0.7356213089987945,1,0
QN0402,Corona,Queens,14.1,113,6.68,117,32.09,6,679291.5649,6.4885,0,0,0,0,0,2023-06-30,QN04,545.0,0.0,0.0,1,0,Low,0,0,0.0,0.0,0.7356213089987945,1,0
QN0402,Corona,Queens,14.1,113,6.68,117,32.09,6,679291.5649,6.4885,0,0,0,0,0,2023-07-31,QN04,551.0,0.0,0.0,1,0,Low,0,0,0.0,0.0,0.7356213089987945,1,0
QN0402,Corona,Queens,14.1,113,6.68,117,32.09,6,679291.5649,6.4885,0,0,0,0,0,2023-08-31,QN04,552.0,0.0,0.0,1,0,Low,0,0,0.0,0.0,0.7356213089987945,1,0
QN0402,Corona,Queens,14.1,113,6.68,117,32.09,6,679291.5649,6.4885,0,0,0,0,0,2023-09-30,QN04,551.0,0.0,0.0,1,0,Low,0,0,0.0,0.0,0.7356213089987945,1,0
QN0402,Corona,Queens,14.1,113,6.68,117,32.09,6,679291.5649,6.4885,0,0,0,0,0,2023-10-31,QN04,540.0,0.0,0.0,1,0,Low,0,0,0.0,0.0,0.7356213089987945,1,0
QN0402,Corona,Queens,14.1,113,6.68,117,32.09,6,679291.5649,6.4885,0,0,0,0,0,2023-11-30,QN04,544.0,0.0,0.0,1,0,Low,0,0,0.0,0.0,0.7356213089987945,1,0
QN0402,Corona,Queens,14.1,113,6.68,117,32.09,6,679291.5649,6.4885,0,0,0,0,0,2023-12-31,QN04,550.0,0.0,0.0,1,0,Low,0,0,0.0,0.0,0.7356213089987945,1,0
QN0402,Corona,Queens,14.1,113,6.68,117,32.09,6,679291.5649,6.4885,0,0,0,0,0,2024-01-31,QN04,536.0,0.0,0.0,1,0,Low,0,0,0.0,0.0,0.7356213089987945,1,0
QN0402,Corona,Queens,14.1,113,6.68,117,32.09,6,679291.5649,6.4885,0,0,0,0,0,2024-02-29,QN04,525.0,0.0,0.0,1,0,Low,0,0,0.0,0.0,0.7356213089987945,1,0
QN0402,Corona,Queens,14.1,113,6.68,117,32.09,6,679291.5649,6.4885,0,0,0,0,0,2024-03-31,QN04,521.0,0.0,0.0,1,0,Low,0,0,0.0,0.0,0.7356213089987945,1,0
QN0402,Corona,Queens,14.1,113,6.68,117,32.09,6,679291.5649,6.4885,0,0,0,0,0,2024-04-30,QN04,541.0,0.0,0.0,1,0,Low,0,0,0.0,0.0,0.7356213089987945,1,0
QN0402,Corona,Queens,14.1,113,6.68,117,32.09,6,679291.5649,6.4885,0,0,0,0,0,2024-05-31,QN04,507.0,0.0,0.0,1,0,Low,0,0,0.0,0.0,0.7356213089987945,1,0
QN0402,Corona,Queens,14.1,113,6.68,117,32.09,6,679291.5649,6.4885,0,0,0,0,0,2024-06-30,QN04,514.0,0.0,0.0,1,0,Low,0,0,0.0,0.0,0.7356213089987945,1,0
QN0402,Corona,Queens,14.1,113,6.68,117,32.09,6,679291.5649,6.4885,0,0,0,0,0,2024-07-31,QN04,510.0,0.0,0.0,1,0,Low,0,0,0.0,0.0,0.7356213089987945,1,0
QN0402,Corona,Queens,14.1,113,6.68,117,32.09,6,679291.5649,6.4885,0,0,0,0,0,2024-08-31,QN04,517.0,0.0,0.0,1,0,Low,0,0,0.0,0.0,0.7356213089987945,1,0
QN0402,Corona,Queens,14.1,113,6.68,117,32.09,6,679291.5649,6.4885,0,0,0,0,0,2024-09-30,QN04,542.0,0.0,0.0,1,0,Low,0,0,0.0,0.0,0.7356213089987945,1,0
QN0402,Corona,Queens,14.1,113,6.68,117,32.09,6,679291.5649,6.4885,0,0,0,0,0,2024-10-31,QN04,524.0,0.0,0.0,1,0,Low,0,0,0.0,0.0,0.7356213089987945,1,0
QN0402,Corona,Queens,14.1,113,6.68,117,32.09,6,679291.5649,6.4885,0,0,0,0,0,2024-11-30,QN04,508.0,0.0,0.0,1,0,Low,0,0,0.0,0.0,0.7356213089987945,1,0
QN0402,Corona,Queens,14.1,113,6.68,117,32.09,6,679291.5649,6.4885,0,0,0,0,0,2024-12-31,QN04,487.0,0.0,0.0,1,0,Low,0,0,0.0,0.0,0.7356213089987945,1,0
QN0101,Astoria (North)-Ditmars-Steinway,Queens,20.1,49,7.72,82,13.15,132,1550913.7042,6.4451,0,0,0,0,0,2023-01-31,QN01,1356.0,1.0,0.0,1,0,Low,0,0,0.0,0.0,0.7289984892646229,1,0
QN0101,Astoria (North)-Ditmars-Steinway,Queens,20.1,49,7.72,82,13.15,132,1550913.7042,6.4451,0,0,0,0,0,2023-02-28,QN01,376.0,0.0,0.0,1,0,Low,0,0,0.0,0.0,0.7289984892646229,1,0
QN0101,Astoria (North)-Ditmars-Steinway,Queens,20.1,49,7.72,82,13.15,132,1550913.7042,6.4451,0,0,0,0,0,2023-03-31,QN01,596.0,0.0,0.0,1,0,Low,0,0,0.0,0.0,0.7289984892646229,1,0
QN0101,Astoria (North)-Ditmars-Steinway,Queens,20.1,49,7.72,82,13.15,132,1550913.7042,6.4451,0,0,0,0,0,2023-04-30,QN01,617.0,0.0,0.0,1,0,Low,0,0,0.0,0.0,0.7289984892646229,1,0
QN0101,Astoria (North)-Ditmars-Steinway,Queens,20.1,49,7.72,82,13.15,132,1550913.7042,6.4451,0,0,0,0,0,2023-05-31,QN01,581.0,0.0,0.0,1,0,Low,0,0,0.0,0.0,0.7289984892646229,1,0
QN0101,Astoria (North)-Ditmars-Steinway,Queens,20.1,49,7.72,82,13.15,132,1550913.7042,6.4451,0,0,0,0,0,2023-06-30,QN01,611.0,0.0,0.0,1,0,Low,0,0,0.0,0.0,0.7289984892646229,1,0
QN0101,Astoria (North)-Ditmars-Steinway,Queens,20.1,49,7.72,82,13.15,132,1550913.7042,6.4451,0,0,0,0,0,2023-07-31,QN01,597.0,0.0,0.0,1,0,Low,0,0,0.0,0.0,0.7289984892646229,1,0
QN0101,Astoria (North)-Ditmars-Steinway,Queens,20.1,49,7.72,82,13.15,132,1550913.7042,6.4451,0,0,0,0,0,2023-08-31,QN01,928.0,1.0,0.0,1,0,Low,0,0,0.0,0.0,0.7289984892646229,1,0
QN0101,Astoria (North)-Ditmars-Steinway,Queens,20.1,49,7.72,82,13.15,132,1550913.7042,6.4451,0,0,0,0,0,2023-09-30,QN01,961.0,1.0,0.0,1,0,Low,0,0,0.0,0.0,0.7289984892646229,1,0
QN0101,Astoria (North)-Ditmars-Steinway,Queens,20.1,49,7.72,82,13.15,132,1550913.7042,6.4451,0,0,0,0,0,2023-10-31,QN01,972.0,1.0,0.0,1,0,Low,0,0,0.0,0.0,0.7289984892646229,1,0
QN0101,Astoria (North)-Ditmars-Steinway,Queens,20.1,49,7.72,82,13.15,132,1550913.7042,6.4451,0,0,0,0,0,2023-11-30,QN01,982.0,1.0,0.0,1,0,Low,0,0,0.0,0.0,0.7289984892646229,1,0
QN0101,Astoria (North)-Ditmars-Steinway,Queens,20.1,49,7.72,82,13.15,132,1550913.7042,6.4451,0,0,0,0,0,2023-12-31,QN01,947.0,1.0,0.0,1,0,Low,0,0,0.0,0.0,0.7289984892646229,1,0
QN0101,Astoria (North)-Ditmars-Steinway,Queens,20.1,49,7.72,82,13.15,132,1550913.7042,6.4451,0,0,0,0,0,2024-01-31,QN01,739.0,0.0,0.0,1,0,Low,0,0,0.0,0.0,0.7289984892646229,1,0
QN0101,Astoria (North)-Ditmars-Steinway,Queens,20.1,49,7.72,82,13.15,132,1550913.7042,6.4451,0,0,0,0,0,2024-02-29,QN01,725.0,0.0,0.0,1,0,Low,0,0,0.0,0.0,0.7289984892646229,1,0
QN0101,Astoria (North)-Ditmars-Steinway,Queens,20.1,49,7.72,82,13.15,132,1550913.7042,6.4451,0,0,0,0,0,2024-03-31,QN01,727.0,0.0,0.0,1,0,Low,0,0,0.0,0.0,0.7289984892646229,1,0
QN0101,Astoria (North)-Ditmars-Steinway,Queens,20.1,49,7.72,82,13.15,132,1550913.7042,6.4451,0,0,0,0,0,2024-04-30,QN01,709.0,0.0,0.0,1,0,Low,0,0,0.0,0.0,0.7289984892646229,1,0
QN0101,Astoria (North)-Ditmars-Steinway,Queens,20.1,49,7.72,82,13.15,132,1550913.7042,6.4451,0,0,0,0,0,2024-05-31,QN01,665.0,0.0,0.0,1,0,Low,0,0,0.0,0.0,0.7289984892646229,1,0
QN0101,Astoria (North)-Ditmars-Steinway,Queens,20.1,49,7.72,82,13.15,132,1550913.7042,6.4451,0,0,0,0,0,2024-06-30,QN01,352.0,0.0,0.0,1,0,Low,0,0,0.0,0.0,0.7289984892646229,1,0
QN0101,Astoria (North)-Ditmars-Steinway,Queens,20.1,49,7.72,82,13.15,132,1550913.7042,6.4451,0,0,0,0,0,2024-07-31,QN01,344.0,0.0,0.0,1,0,Low,0,0,0.0,0.0,0.7289984892646229,1,0
QN0101,Astoria (North)-Ditmars-Steinway,Queens,20.1,49,7.72,82,13.15,132,1550913.7042,6.4451,0,0,0,0,0,2024-08-31,QN01,356.0,0.0,0.0,1,0,Low,0,0,0.0,0.0,0.7289984892646229,1,0
QN0101,Astoria (North)-Ditmars-Steinway,Queens,20.1,49,7.72,82,13.15,132,1550913.7042,6.4451,0,0,0,0,0,2024-09-30,QN01,362.0,0.0,0.0,1,0,Low,0,0,0.0,0.0,0.7289984892646229,1,0
QN0101,Astoria (North)-Ditmars-Steinway,Queens,20.1,49,7.72,82,13.15,132,1550913.7042,6.4451,0,0,0,0,0,2024-10-31,QN01,319.0,0.0,0.0,1,0,Low,0,0,0.0,0.0,0.7289984892646229,1,0
QN0101,Astoria (North)-Ditmars-Steinway,Queens,20.1,49,7.72,82,13.15,132,1550913.7042,6.4451,0,0,0,0,0,2024-11-30,QN01,320.0,0.0,0.0,1,0,Low,0,0,0.0,0.0,0.7289984892646229,1,0
QN0101,Astoria (North)-Ditmars-Steinway,Queens,20.1,49,7.72,82,13.15,132,1550913.7042,6.4451,0,0,0,0,0,2024-12-31,QN01,313.0,0.0,0.0,1,0,Low,0,0,0.0,0.0,0.7289984892646229,1,0
BK1101,Bensonhurst,Brooklyn,15.54,94,7.53,86,24.86,16,1055881.799,6.4179,5,5,2,5,0,2023-01-31,BK11,0.0,0.0,0.32175032175032175,1,1,High,1,0,1.791759469228055,0.2789568595609108,0.7248477819657871,0,1
BK1101,Bensonhurst,Brooklyn,15.54,94,7.53,86,24.86,16,1055881.799,6.4179,5,5,2,5,0,2023-02-28,BK11,0.0,0.0,0.32175032175032175,1,1,High,1,0,1.791759469228055,0.2789568595609108,0.7248477819657871,0,1
BK1101,Bensonhurst,Brooklyn,15.54,94,7.53,86,24.86,16,1055881.799,6.4179,5,5,2,5,0,2023-03-31,BK11,0.0,0.0,0.32175032175032175,1,1,High,1,0,1.791759469228055,0.2789568595609108,0.7248477819657871,0,1
BK1101,Bensonhurst,Brooklyn,15.54,94,7.53,86,24.86,16,1055881.799,6.4179,5,5,2,5,0,2023-04-30,BK11,0.0,0.0,0.32175032175032175,1,1,High,1,0,1.791759469228055,0.2789568595609108,0.7248477819657871,0,1
BK1101,Bensonhurst,Brooklyn,15.54,94,7.53,86,24.86,16,1055881.799,6.4179,5,5,2,5,0,2023-05-31,BK11,0.0,0.0,0.32175032175032175,1,1,High,1,0,1.791759469228055,0.2789568595609108,0.7248477819657871,0,1
BK1101,Bensonhurst,Brooklyn,15.54,94,7.53,86,24.86,16,1055881.799,6.4179,5,5,2,5,0,2023-06-30,BK11,0.0,0.0,0.32175032175032175,1,1,High,1,0,1.791759469228055,0.2789568595609108,0.7248477819657871,0,1
BK1101,Bensonhurst,Brooklyn,15.54,94,7.53,86,24.86,16,1055881.799,6.4179,5,5,2,5,0,2023-07-31,BK11,0.0,0.0,0.32175032175032175,1,1,High,1,0,1.791759469228055,0.2789568595609108,0.7248477819657871,0,1
BK1101,Bensonhurst,Brooklyn,15.54,94,7.53,86,24.86,16,1055881.799,6.4179,5,5,2,5,0,2023-08-31,BK11,0.0,0.0,0.32175032175032175,1,1,High,1,0,1.791759469228055,0.2789568595609108,0.7248477819657871,0,1
BK1101,Bensonhurst,Brooklyn,15.54,94,7.53,86,24.86,16,1055881.799,6.4179,5,5,2,5,0,2023-09-30,BK11,0.0,0.0,0.32175032175032175,1,1,High,1,0,1.791759469228055,0.2789568595609108,0.7248477819657871,0,1
BK1101,Bensonhurst,Brooklyn,15.54,94,7.53,86,24.86,16,1055881.799,6.4179,5,5,2,5,0,2023-10-31,BK11,0.0,0.0,0.32175032175032175,1,1,High,1,0,1.791759469228055,0.2789568595609108,0.7248477819657871,0,1
BK1101,Bensonhurst,Brooklyn,15.54,94,7.53,86,24.86,16,1055881.799,6.4179,5,5,2,5,0,2023-11-30,BK11,0.0,0.0,0.32175032175032175,1,1,High,1,0,1.791759469228055,0.2789568595609108,0.7248477819657871,0,1
BK1101,Bensonhurst,Brooklyn,15.54,94,7.53,86,24.86,16,1055881.799,6.4179,5,5,2,5,0,2023-12-31,BK11,0.0,0.0,0.32175032175032175,1,1,High,1,0,1.791759469228055,0.2789568595609108,0.7248477819657871,0,1
BK1101,Bensonhurst,Brooklyn,15.54,94,7.53,86,24.86,16,1055881.799,6.4179,5,5,2,5,0,2024-01-31,BK11,0.0,0.0,0.32175032175032175,1,1,High,1,0,1.791759469228055,0.2789568595609108,0.7248477819657871,0,1
BK1101,Bensonhurst,Brooklyn,15.54,94,7.53,86,24.86,16,1055881.799,6.4179,5,5,2,5,0,2024-02-29,BK11,0.0,0.0,0.32175032175032175,1,1,High,1,0,1.791759469228055,0.2789568595609108,0.7248477819657871,0,1
BK1101,Bensonhurst,Brooklyn,15.54,94,7.53,86,24.86,16,1055881.799,6.4179,5,5,2,5,0,2024-03-31,BK11,0.0,0.0,0.32175032175032175,1,1,High,1,0,1.791759469228055,0.2789568595609108,0.7248477819657871,0,1
BK1101,Bensonhurst,Brooklyn,15.54,94,7.53,86,24.86,16,1055881.799,6.4179,5,5,2,5,0,2024-04-30,BK11,0.0,0.0,0.32175032175032175,1,1,High,1,0,1.791759469228055,0.2789568595609108,0.7248477819657871,0,1
BK1101,Bensonhurst,Brooklyn,15.54,94,7.53,86,24.86,16,1055881.799,6.4179,5,5,2,5,0,2024-05-31,BK11,0.0,0.0,0.32175032175032175,1,1,High,1,0,1.791759469228055,0.2789568595609108,0.7248477819657871,0,1
BK1101,Bensonhurst,Brooklyn,15.54,94,7.53,86,24.86,16,1055881.799,6.4179,5,5,2,5,0,2024-06-30,BK11,0.0,0.0,0.32175032175032175,1,1,High,1,0,1.791759469228055,0.2789568595609108,0.7248477819657871,0,1
BK1101,Bensonhurst,Brooklyn,15.54,94,7.53,86,24.86,16,1055881.799,6.4179,5,5,2,5,0,2024-07-31,BK11,0.0,0.0,0.32175032175032175,1,1,High,1,0,1.791759469228055,0.2789568595609108,0.7248477819657871,0,1
BK1101,Bensonhurst,Brooklyn,15.54,94,7.53,86,24.86,16,1055881.799,6.4179,5,5,2,5,0,2024-08-31,BK11,0.0,0.0,0.32175032175032175,1,1,High,1,0,1.791759469228055,0.2789568595609108,0.7248477819657871,0,1
BK1101,Bensonhurst,Brooklyn,15.54,94,7.53,86,24.86,16,1055881.799,6.4179,5,5,2,5,0,2024-09-30,BK11,0.0,0.0,0.32175032175032175,1,1,High,1,0,1.791759469228055,0.2789568595609108,0.7248477819657871,0,1
BK1101,Bensonhurst,Brooklyn,15.54,94,7.53,86,24.86,16,1055881.799,6.4179,5,5,2,5,0,2024-10-31,BK11,0.0,0.0,0.32175032175032175,1,1,High,1,0,1.791759469228055,0.2789568595609108,0.7248477819657871,0,1
BK1101,Bensonhurst,Brooklyn,15.54,94,7.53,86,24.86,16,1055881.799,6.4179,5,5,2,5,0,2024-11-30,BK11,0.0,0.0,0.32175032175032175,1,1,High,1,0,1.791759469228055,0.2789568595609108,0.7248477819657871,0,1
BK1101,Bensonhurst,Brooklyn,15.54,94,7.53,86,24.86,16,1055881.799,6.4179,5,5,2,5,0,2024-12-31,BK11,0.0,0.0,0.32175032175032175,1,1,High,1,0,1.791759469228055,0.2789568595609108,0.7248477819657871,0,1
BK1602,Brownsville,Brooklyn,24.29,27,14.85,7,13.98,110,-397022.3107,6.4155,8,8,0,4,5,2023-01-31,BK16,2394.0,1.0,0.32935364347468093,1,1,High,0,1,2.1972245773362196,0.2846928417561027,0.7244815430864782,0,1
BK1602,Brownsville,Brooklyn,24.29,27,14.85,7,13.98,110,-397022.3107,6.4155,8,8,0,4,5,2023-02-28,BK16,2398.0,1.0,0.32935364347468093,1,1,High,0,1,2.1972245773362196,0.2846928417561027,0.7244815430864782,0,1
BK1602,Brownsville,Brooklyn,24.29,27,14.85,7,13.98,110,-397022.3107,6.4155,8,8,0,4,5,2023-03-31,BK16,2379.0,1.0,0.32935364347468093,1,1,High,0,1,2.1972245773362196,0.2846928417561027,0.7244815430864782,0,1
BK1602,Brownsville,Brooklyn,24.29,27,14.85,7,13.98,110,-397022.3107,6.4155,8,8,0,4,5,2023-04-30,BK16,2441.0,1.0,0.32935364347468093,1,1,High,0,1,2.1972245773362196,0.2846928417561027,0.7244815430864782,0,1
BK1602,Brownsville,Brooklyn,24.29,27,14.85,7,13.98,110,-397022.3107,6.4155,8,8,0,4,5,2023-05-31,BK16,2380.0,1.0,0.32935364347468093,1,1,High,0,1,2.1972245773362196,0.2846928417561027,0.7244815430864782,0,1
BK1602,Brownsville,Brooklyn,24.29,27,14.85,7,13.98,110,-397022.3107,6.4155,8,8,0,4,5,2023-06-30,BK16,2444.0,1.0,0.32935364347468093,1,1,High,0,1,2.1972245773362196,0.2846928417561027,0.7244815430864782,0,1
BK1602,Brownsville,Brooklyn,24.29,27,14.85,7,13.98,110,-397022.3107,6.4155,8,8,0,4,5,2023-07-31,BK16,2570.0,1.0,0.32935364347468093,1,1,High,0,1,2.1972245773362196,0.2846928417561027,0.7244815430864782,0,1
BK1602,Brownsville,Brooklyn,24.29,27,14.85,7,13.98,110,-397022.3107,6.4155,8,8,0,4,5,2023-08-31,BK16,2580.0,1.0,0.32935364347468093,1,1,High,0,1,2.1972245773362196,0.2846928417561027,0.7244815430864782,0,1
BK1602,Brownsville,Brooklyn,24.29,27,14.85,7,13.98,110,-397022.3107,6.4155,8,8,0,4,5,2023-09-30,BK16,2532.0,1.0,0.32935364347468093,1,1,High,0,1,2.1972245773362196,0.2846928417561027,0.7244815430864782,0,1
BK1602,Brownsville,Brooklyn,24.29,27,14.85,7,13.98,110,-397022.3107,6.4155,8,8,0,4,5,2023-10-31,BK16,2472.0,1.0,0.32935364347468093,1,1,High,0,1,2.1972245773362196,0.2846928417561027,0.7244815430864782,0,1
BK1602,Brownsville,Brooklyn,24.29,27,14.85,7,13.98,110,-397022.3107,6.4155,8,8,0,4,5,2023-11-30,BK16,2392.0,1.0,0.32935364347468093,1,1,High,0,1,2.1972245773362196,0.2846928417561027,0.7244815430864782,0,1
BK1602,Brownsville,Brooklyn,24.29,27,14.85,7,13.98,110,-397022.3107,6.4155,8,8,0,4,5,2023-12-31,BK16,2324.0,1.0,0.32935364347468093,1,1,High,0,1,2.1972245773362196,0.2846928417561027,0.7244815430864782,0,1
BK1602,Brownsville,Brooklyn,24.29,27,14.85,7,13.98,110,-397022.3107,6.4155,8,8,0,4,5,2024-01-31,BK16,2394.0,1.0,0.32935364347468093,1,1,High,0,1,2.1972245773362196,0.2846928417561027,0.7244815430864782,0,1
BK1602,Brownsville,Brooklyn,24.29,27,14.85,7,13.98,110,-397022.3107,6.4155,8,8,0,4,5,2024-02-29,BK16,2455.0,1.0,0.32935364347468093,1,1,High,0,1,2.1972245773362196,0.2846928417561027,0.7244815430864782,0,1
BK1602,Brownsville,Brooklyn,24.29,27,14.85,7,13.98,110,-397022.3107,6.4155,8,8,0,4,5,2024-03-31,BK16,2365.0,1.0,0.32935364347468093,1,1,High,0,1,2.1972245773362196,0.2846928417561027,0.7244815430864782,0,1
BK1602,Brownsville,Brooklyn,24.29,27,14.85,7,13.98,110,-397022.3107,6.4155,8,8,0,4,5,2024-04-30,BK16,2331.0,1.0,0.32935364347468093,1,1,High,0,1,2.1972245773362196,0.2846928417561027,0.7244815430864782,0,1
BK1602,Brownsville,Brooklyn,24.29,27,14.85,7,13.98,110,-397022.3107,6.4155,8,8,0,4,5,2024-05-31,BK16,2250.0,1.0,0.32935364347468093,1,1,High,0,1,2.1972245773362196,0.2846928417561027,0.7244815430864782,0,1
BK1602,Brownsville,Brooklyn,24.29,27,14.85,7,13.98,110,-397022.3107,6.4155,8,8,0,4,5,2024-06-30,BK16,2341.0,1.0,0.32935364347468093,1,1,High,0,1,2.1972245773362196,0.2846928417561027,0.7244815430864782,0,1
BK1602,Brownsville,Brooklyn,24.29,27,14.85,7,13.98,110,-397022.3107,6.4155,8,8,0,4,5,2024-07-31,BK16,2314.0,1.0,0.32935364347468093,1,1,High,0,1,2.1972245773362196,0.2846928417561027,0.7244815430864782,0,1
BK1602,Brownsville,Brooklyn,24.29,27,14.85,7,13.98,110,-397022.3107,6.4155,8,8,0,4,5,2024-08-31,BK16,2370.0,1.0,0.32935364347468093,1,1,High,0,1,2.1972245773362196,0.2846928417561027,0.7244815430864782,0,1
BK1602,Brownsville,Brooklyn,24.29,27,14.85,7,13.98,110,-397022.3107,6.4155,8,8,0,4,5,2024-09-30,BK16,2420.0,1.0,0.32935364347468093,1,1,High,0,1,2.1972245773362196,0.2846928417561027,0.7244815430864782,0,1
BK1602,Brownsville,Brooklyn,24.29,27,14.85,7,13.98,110,-397022.3107,6.4155,8,8,0,4,5,2024-10-31,BK16,2397.0,1.0,0.32935364347468093,1,1,High,0,1,2.1972245773362196,0.2846928417561027,0.7244815430864782,0,1
BK1602,Brownsville,Brooklyn,24.29,27,14.85,7,13.98,110,-397022.3107,6.4155,8,8,0,4,5,2024-11-30,BK16,2402.0,1.0,0.32935364347468093,1,1,High,0,1,2.1972245773362196,0.2846928417561027,0.7244815430864782,0,1
BK1602,Brownsville,Brooklyn,24.29,27,14.85,7,13.98,110,-397022.3107,6.4155,8,8,0,4,5,2024-12-31,BK16,2376.0,1.0,0.32935364347468093,1,1,High,0,1,2.1972245773362196,0.2846928417561027,0.7244815430864782,0,1
BK0103,South Williamsburg,Brooklyn,14.54,107,8.79,58,7.7,193,718688.8672,6.4041,1,1,0,1,0,2023-01-31,BK01,0.0,0.0,0.06877579092159561,1,0,Low,0,0,0.6931471805599453,0.06651387283412809,0.7227419084097603,1,0
BK0103,South Williamsburg,Brooklyn,14.54,107,8.79,58,7.7,193,718688.8672,6.4041,1,1,0,1,0,2023-02-28,BK01,0.0,0.0,0.06877579092159561,1,0,Low,0,0,0.6931471805599453,0.06651387283412809,0.7227419084097603,1,0
BK0103,South Williamsburg,Brooklyn,14.54,107,8.79,58,7.7,193,718688.8672,6.4041,1,1,0,1,0,2023-03-31,BK01,0.0,0.0,0.06877579092159561,1,0,Low,0,0,0.6931471805599453,0.06651387283412809,0.7227419084097603,1,0
BK0103,South Williamsburg,Brooklyn,14.54,107,8.79,58,7.7,193,718688.8672,6.4041,1,1,0,1,0,2023-04-30,BK01,0.0,0.0,0.06877579092159561,1,0,Low,0,0,0.6931471805599453,0.06651387283412809,0.7227419084097603,1,0
BK0103,South Williamsburg,Brooklyn,14.54,107,8.79,58,7.7,193,718688.8672,6.4041,1,1,0,1,0,2023-05-31,BK01,0.0,0.0,0.06877579092159561,1,0,Low,0,0,0.6931471805599453,0.06651387283412809,0.7227419084097603,1,0
BK0103,South Williamsburg,Brooklyn,14.54,107,8.79,58,7.7,193,718688.8672,6.4041,1,1,0,1,0,2023-06-30,BK01,0.0,0.0,0.06877579092159561,1,0,Low,0,0,0.6931471805599453,0.06651387283412809,0.7227419084097603,1,0
BK0103,South Williamsburg,Brooklyn,14.54,107,8.79,58,7.7,193,718688.8672,6.4041,1,1,0,1,0,2023-07-31,BK01,0.0,0.0,0.06877579092159561,1,0,Low,0,0,0.6931471805599453,0.06651387283412809,0.7227419084097603,1,0
BK0103,South Williamsburg,Brooklyn,14.54,107,8.79,58,7.7,193,718688.8672,6.4041,1,1,0,1,0,2023-08-31,BK01,0.0,0.0,0.06877579092159561,1,0,Low,0,0,0.6931471805599453,0.06651387283412809,0.7227419084097603,1,0
BK0103,South Williamsburg,Brooklyn,14.54,107,8.79,58,7.7,193,718688.8672,6.4041,1,1,0,1,0,2023-09-30,BK01,0.0,0.0,0.06877579092159561,1,0,Low,0,0,0.6931471805599453,0.06651387283412809,0.7227419084097603,1,0
BK0103,South Williamsburg,Brooklyn,14.54,107,8.79,58,7.7,193,718688.8672,6.4041,1,1,0,1,0,2023-10-31,BK01,0.0,0.0,0.06877579092159561,1,0,Low,0,0,0.6931471805599453,0.06651387283412809,0.7227419084097603,1,0
BK0103,South Williamsburg,Brooklyn,14.54,107,8.79,58,7.7,193,718688.8672,6.4041,1,1,0,1,0,2023-11-30,BK01,0.0,0.0,0.06877579092159561,1,0,Low,0,0,0.6931471805599453,0.06651387283412809,0.7227419084097603,1,0
BK0103,South Williamsburg,Brooklyn,14.54,107,8.79,58,7.7,193,718688.8672,6.4041,1,1,0,1,0,2023-12-31,BK01,0.0,0.0,0.06877579092159561,1,0,Low,0,0,0.6931471805599453,0.06651387283412809,0.7227419084097603,1,0
BK0103,South Williamsburg,Brooklyn,14.54,107,8.79,58,7.7,193,718688.8672,6.4041,1,1,0,1,0,2024-01-31,BK01,0.0,0.0,0.06877579092159561,1,0,Low,0,0,0.6931471805599453,0.06651387283412809,0.7227419084097603,1,0
BK0103,South Williamsburg,Brooklyn,14.54,107,8.79,58,7.7,193,718688.8672,6.4041,1,1,0,1,0,2024-02-29,BK01,0.0,0.0,0.06877579092159561,1,0,Low,0,0,0.6931471805599453,0.06651387283412809,0.7227419084097603,1,0
BK0103,South Williamsburg,Brooklyn,14.54,107,8.79,58,7.7,193,718688.8672,6.4041,1,1,0,1,0,2024-03-31,BK01,0.0,0.0,0.06877579092159561,1,0,Low,0,0,0.6931471805599453,0.06651387283412809,0.7227419084097603,1,0
BK0103,South Williamsburg,Brooklyn,14.54,107,8.79,58,7.7,193,718688.8672,6.4041,1,1,0,1,0,2024-04-30,BK01,0.0,0.0,0.06877579092159561,1,0,Low,0,0,0.6931471805599453,0.06651387283412809,0.7227419084097603,1,0
BK0103,South Williamsburg,Brooklyn,14.54,107,8.79,58,7.7,193,718688.8672,6.4041,1,1,0,1,0,2024-05-31,BK01,0.0,0.0,0.06877579092159561,1,0,Low,0,0,0.6931471805599453,0.06651387283412809,0.7227419084097603,1,0
BK0103,South Williamsburg,Brooklyn,14.54,107,8.79,58,7.7,193,718688.8672,6.4041,1,1,0,1,0,2024-06-30,BK01,0.0,0.0,0.06877579092159561,1,0,Low,0,0,0.6931471805599453,0.06651387283412809,0.7227419084097603,1,0
BK0103,South Williamsburg,Brooklyn,14.54,107,8.79,58,7.7,193,718688.8672,6.4041,1,1,0,1,0,2024-07-31,BK01,0.0,0.0,0.06877579092159561,1,0,Low,0,0,0.6931471805599453,0.06651387283412809,0.7227419084097603,1,0
BK0103,South Williamsburg,Brooklyn,14.54,107,8.79,58,7.7,193,718688.8672,6.4041,1,1,0,1,0,2024-08-31,BK01,0.0,0.0,0.06877579092159561,1,0,Low,0,0,0.6931471805599453,0.06651387283412809,0.7227419084097603,1,0
BK0103,South Williamsburg,Brooklyn,14.54,107,8.79,58,7.7,193,718688.8672,6.4041,1,1,0,1,0,2024-09-30,BK01,0.0,0.0,0.06877579092159561,1,0,Low,0,0,0.6931471805599453,0.06651387283412809,0.7227419084097603,1,0
BK0103,South Williamsburg,Brooklyn,14.54,107,8.79,58,7.7,193,718688.8672,6.4041,1,1,0,1,0,2024-10-31,BK01,0.0,0.0,0.06877579092159561,1,0,Low,0,0,0.6931471805599453,0.06651387283412809,0.7227419084097603,1,0
BK0103,South Williamsburg,Brooklyn,14.54,107,8.79,58,7.7,193,718688.8672,6.4041,1,1,0,1,0,2024-11-30,BK01,0.0,0.0,0.06877579092159561,1,0,Low,0,0,0.6931471805599453,0.06651387283412809,0.7227419084097603,1,0
BK0103,South Williamsburg,Brooklyn,14.54,107,8.79,58,7.7,193,718688.8672,6.4041,1,1,0,1,0,2024-12-31,BK01,0.0,0.0,0.06877579092159561,1,0,Low,0,0,0.6931471805599453,0.06651387283412809,0.7227419084097603,1,0
BX0503,Fordham Heights,Bronx,16.19,83,14.27,9,26.83,11,-197167.6924,6.3576,3,2,1,2,1,2023-01-31,BX05,1326.0,1.0,0.18529956763434216,1,1,High,1,1,1.3862943611198906,0.16999554233006475,0.7156460301231478,0,1
BX0503,Fordham Heights,Bronx,16.19,83,14.27,9,26.83,11,-197167.6924,6.3576,3,2,1,2,1,2023-02-28,BX05,1359.0,1.0,0.18529956763434216,1,1,High,1,1,1.3862943611198906,0.16999554233006475,0.7156460301231478,0,1
BX0503,Fordham Heights,Bronx,16.19,83,14.27,9,26.83,11,-197167.6924,6.3576,3,2,1,2,1,2023-03-31,BX05,1421.0,1.0,0.18529956763434216,1,1,High,1,1,1.3862943611198906,0.16999554233006475,0.7156460301231478,0,1
BX0503,Fordham Heights,Bronx,16.19,83,14.27,9,26.83,11,-197167.6924,6.3576,3,2,1,2,1,2023-04-30,BX05,1504.0,1.0,0.18529956763434216,1,1,High,1,1,1.3862943611198906,0.16999554233006475,0.7156460301231478,0,1
BX0503,Fordham Heights,Bronx,16.19,83,14.27,9,26.83,11,-197167.6924,6.3576,3,2,1,2,1,2023-05-31,BX05,1550.0,1.0,0.18529956763434216,1,1,High,1,1,1.3862943611198906,0.16999554233006475,0.7156460301231478,0,1
BX0503,Fordham Heights,Bronx,16.19,83,14.27,9,26.83,11,-197167.6924,6.3576,3,2,1,2,1,2023-06-30,BX05,1703.0,1.0,0.18529956763434216,1,1,High,1,1,1.3862943611198906,0.16999554233006475,0.7156460301231478,0,1
BX0503,Fordham Heights,Bronx,16.19,83,14.27,9,26.83,11,-197167.6924,6.3576,3,2,1,2,1,2023-07-31,BX05,1766.0,1.0,0.18529956763434216,1,1,High,1,1,1.3862943611198906,0.16999554233006475,0.7156460301231478,0,1
BX0503,Fordham Heights,Bronx,16.19,83,14.27,9,26.83,11,-197167.6924,6.3576,3,2,1,2,1,2023-08-31,BX05,1750.0,1.0,0.18529956763434216,1,1,High,1,1,1.3862943611198906,0.16999554233006475,0.7156460301231478,0,1
BX0503,Fordham Heights,Bronx,16.19,83,14.27,9,26.83,11,-197167.6924,6.3576,3,2,1,2,1,2023-09-30,BX05,1770.0,1.0,0.18529956763434216,1,1,High,1,1,1.3862943611198906,0.16999554233006475,0.7156460301231478,0,1
BX0503,Fordham Heights,Bronx,16.19,83,14.27,9,26.83,11,-197167.6924,6.3576,3,2,1,2,1,2023-10-31,BX05,1907.0,1.0,0.18529956763434216,1,1,High,1,1,1.3862943611198906,0.16999554233006475,0.7156460301231478,0,1
BX0503,Fordham Heights,Bronx,16.19,83,14.27,9,26.83,11,-197167.6924,6.3576,3,2,1,2,1,2023-11-30,BX05,1866.0,1.0,0.18529956763434216,1,1,High,1,1,1.3862943611198906,0.16999554233006475,0.7156460301231478,0,1
BX0503,Fordham Heights,Bronx,16.19,83,14.27,9,26.83,11,-197167.6924,6.3576,3,2,1,2,1,2023-12-31,BX05,1897.0,1.0,0.18529956763434216,1,1,High,1,1,1.3862943611198906,0.16999554233006475,0.7156460301231478,0,1
BX0503,Fordham Heights,Bronx,16.19,83,14.27,9,26.83,11,-197167.6924,6.3576,3,2,1,2,1,2024-01-31,BX05,1883.0,1.0,0.18529956763434216,1,1,High,1,1,1.3862943611198906,0.16999554233006475,0.7156460301231478,0,1
BX0503,Fordham Heights,Bronx,16.19,83,14.27,9,26.83,11,-197167.6924,6.3576,3,2,1,2,1,2024-02-29,BX05,1845.0,1.0,0.18529956763434216,1,1,High,1,1,1.3862943611198906,0.16999554233006475,0.7156460301231478,0,1
BX0503,Fordham Heights,Bronx,16.19,83,14.27,9,26.83,11,-197167.6924,6.3576,3,2,1,2,1,2024-03-31,BX05,1833.0,1.0,0.18529956763434216,1,1,High,1,1,1.3862943611198906,0.16999554233006475,0.7156460301231478,0,1
BX0503,Fordham Heights,Bronx,16.19,83,14.27,9,26.83,11,-197167.6924,6.3576,3,2,1,2,1,2024-04-30,BX05,1856.0,1.0,0.18529956763434216,1,1,High,1,1,1.3862943611198906,0.16999554233006475,0.7156460301231478,0,1
BX0503,Fordham Heights,Bronx,16.19,83,14.27,9,26.83,11,-197167.6924,6.3576,3,2,1,2,1,2024-05-31,BX05,1845.0,1.0,0.18529956763434216,1,1,High,1,1,1.3862943611198906,0.16999554233006475,0.7156460301231478,0,1
BX0503,Fordham Heights,Bronx,16.19,83,14.27,9,26.83,11,-197167.6924,6.3576,3,2,1,2,1,2024-06-30,BX05,1567.0,1.0,0.18529956763434216,1,1,High,1,1,1.3862943611198906,0.16999554233006475,0.7156460301231478,0,1
BX0503,Fordham Heights,Bronx,16.19,83,14.27,9,26.83,11,-197167.6924,6.3576,3,2,1,2,1,2024-07-31,BX05,1559.0,1.0,0.18529956763434216,1,1,High,1,1,1.3862943611198906,0.16999554233006475,0.7156460301231478,0,1
BX0503,Fordham Heights,Bronx,16.19,83,14.27,9,26.83,11,-197167.6924,6.3576,3,2,1,2,1,2024-08-31,BX05,1562.0,1.0,0.18529956763434216,1,1,High,1,1,1.3862943611198906,0.16999554233006475,0.7156460301231478,0,1
BX0503,Fordham Heights,Bronx,16.19,83,14.27,9,26.83,11,-197167.6924,6.3576,3,2,1,2,1,2024-09-30,BX05,1468.0,1.0,0.18529956763434216,1,1,High,1,1,1.3862943611198906,0.16999554233006475,0.7156460301231478,0,1
BX0503,Fordham Heights,Bronx,16.19,83,14.27,9,26.83,11,-197167.6924,6.3576,3,2,1,2,1,2024-10-31,BX05,1398.0,1.0,0.18529956763434216,1,1,High,1,1,1.3862943611198906,0.16999554233006475,0.7156460301231478,0,1
BX0503,Fordham Heights,Bronx,16.19,83,14.27,9,26.83,11,-197167.6924,6.3576,3,2,1,2,1,2024-11-30,BX05,1099.0,1.0,0.18529956763434216,1,1,High,1,1,1.3862943611198906,0.16999554233006475,0.7156460301231478,0,1
BX0503,Fordham Heights,Bronx,16.19,83,14.27,9,26.83,11,-197167.6924,6.3576,3,2,1,2,1,2024-12-31,BX05,1081.0,1.0,0.18529956763434216,1,1,High,1,1,1.3862943611198906,0.16999554233006475,0.7156460301231478,0,1
QN0401,Elmhurst,Queens,13.99,118,5.48,146,32.4,5,1105882.2112,6.3512,4,4,0,3,1,2023-01-31,QN04,544.0,0.0,0.28591851322373124,1,1,High,0,1,1.6094379124341003,0.25147325928505193,0.7146693931116571,0,1
QN0401,Elmhurst,Queens,13.99,118,5.48,146,32.4,5,1105882.2112,6.3512,4,4,0,3,1,2023-02-28,QN04,558.0,0.0,0.28591851322373124,1,1,High,0,1,1.6094379124341003,0.25147325928505193,0.7146693931116571,0,1
QN0401,Elmhurst,Queens,13.99,118,5.48,146,32.4,5,1105882.2112,6.3512,4,4,0,3,1,2023-03-31,QN04,554.0,0.0,0.28591851322373124,1,1,High,0,1,1.6094379124341003,0.25147325928505193,0.7146693931116571,0,1
QN0401,Elmhurst,Queens,13.99,118,5.48,146,32.4,5,1105882.2112,6.3512,4,4,0,3,1,2023-04-30,QN04,540.0,0.0,0.28591851322373124,1,1,High,0,1,1.6094379124341003,0.25147325928505193,0.7146693931116571,0,1
QN0401,Elmhurst,Queens,13.99,118,5.48,146,32.4,5,1105882.2112,6.3512,4,4,0,3,1,2023-05-31,QN04,541.0,0.0,0.28591851322373124,1,1,High,0,1,1.6094379124341003,0.25147325928505193,0.7146693931116571,0,1
QN0401,Elmhurst,Queens,13.99,118,5.48,146,32.4,5,1105882.2112,6.3512,4,4,0,3,1,2023-06-30,QN04,545.0,0.0,0.28591851322373124,1,1,High,0,1,1.6094379124341003,0.25147325928505193,0.7146693931116571,0,1
QN0401,Elmhurst,Queens,13.99,118,5.48,146,32.4,5,1105882.2112,6.3512,4,4,0,3,1,2023-07-31,QN04,551.0,0.0,0.28591851322373124,1,1,High,0,1,1.6094379124341003,0.25147325928505193,0.7146693931116571,0,1
QN0401,Elmhurst,Queens,13.99,118,5.48,146,32.4,5,1105882.2112,6.3512,4,4,0,3,1,2023-08-31,QN04,552.0,0.0,0.28591851322373124,1,1,High,0,1,1.6094379124341003,0.25147325928505193,0.7146693931116571,0,1
QN0401,Elmhurst,Queens,13.99,118,5.48,146,32.4,5,1105882.2112,6.3512,4,4,0,3,1,2023-09-30,QN04,551.0,0.0,0.28591851322373124,1,1,High,0,1,1.6094379124341003,0.25147325928505193,0.7146693931116571,0,1
QN0401,Elmhurst,Queens,13.99,118,5.48,146,32.4,5,1105882.2112,6.3512,4,4,0,3,1,2023-10-31,QN04,540.0,0.0,0.28591851322373124,1,1,High,0,1,1.6094379124341003,0.25147325928505193,0.7146693931116571,0,1
QN0401,Elmhurst,Queens,13.99,118,5.48,146,32.4,5,1105882.2112,6.3512,4,4,0,3,1,2023-11-30,QN04,544.0,0.0,0.28591851322373124,1,1,High,0,1,1.6094379124341003,0.25147325928505193,0.7146693931116571,0,1
QN0401,Elmhurst,Queens,13.99,118,5.48,146,32.4,5,1105882.2112,6.3512,4,4,0,3,1,2023-12-31,QN04,550.0,0.0,0.28591851322373124,1,1,High,0,1,1.6094379124341003,0.25147325928505193,0.7146693931116571,0,1
QN0401,Elmhurst,Queens,13.99,118,5.48,146,32.4,5,1105882.2112,6.3512,4,4,0,3,1,2024-01-31,QN04,536.0,0.0,0.28591851322373124,1,1,High,0,1,1.6094379124341003,0.25147325928505193,0.7146693931116571,0,1
QN0401,Elmhurst,Queens,13.99,118,5.48,146,32.4,5,1105882.2112,6.3512,4,4,0,3,1,2024-02-29,QN04,525.0,0.0,0.28591851322373124,1,1,High,0,1,1.6094379124341003,0.25147325928505193,0.7146693931116571,0,1
QN0401,Elmhurst,Queens,13.99,118,5.48,146,32.4,5,1105882.2112,6.3512,4,4,0,3,1,2024-03-31,QN04,521.0,0.0,0.28591851322373124,1,1,High,0,1,1.6094379124341003,0.25147325928505193,0.7146693931116571,0,1
QN0401,Elmhurst,Queens,13.99,118,5.48,146,32.4,5,1105882.2112,6.3512,4,4,0,3,1,2024-04-30,QN04,541.0,0.0,0.28591851322373124,1,1,High,0,1,1.6094379124341003,0.25147325928505193,0.7146693931116571,0,1
QN0401,Elmhurst,Queens,13.99,118,5.48,146,32.4,5,1105882.2112,6.3512,4,4,0,3,1,2024-05-31,QN04,507.0,0.0,0.28591851322373124,1,1,High,0,1,1.6094379124341003,0.25147325928505193,0.7146693931116571,0,1
QN0401,Elmhurst,Queens,13.99,118,5.48,146,32.4,5,1105882.2112,6.3512,4,4,0,3,1,2024-06-30,QN04,514.0,0.0,0.28591851322373124,1,1,High,0,1,1.6094379124341003,0.25147325928505193,0.7146693931116571,0,1
QN0401,Elmhurst,Queens,13.99,118,5.48,146,32.4,5,1105882.2112,6.3512,4,4,0,3,1,2024-07-31,QN04,510.0,0.0,0.28591851322373124,1,1,High,0,1,1.6094379124341003,0.25147325928505193,0.7146693931116571,0,1
QN0401,Elmhurst,Queens,13.99,118,5.48,146,32.4,5,1105882.2112,6.3512,4,4,0,3,1,2024-08-31,QN04,517.0,0.0,0.28591851322373124,1,1,High,0,1,1.6094379124341003,0.25147325928505193,0.7146693931116571,0,1
QN0401,Elmhurst,Queens,13.99,118,5.48,146,32.4,5,1105882.2112,6.3512,4,4,0,3,1,2024-09-30,QN04,542.0,0.0,0.28591851322373124,1,1,High,0,1,1.6094379124341003,0.25147325928505193,0.7146693931116571,0,1
QN0401,Elmhurst,Queens,13.99,118,5.48,146,32.4,5,1105882.2112,6.3512,4,4,0,3,1,2024-10-31,QN04,524.0,0.0,0.28591851322373124,1,1,High,0,1,1.6094379124341003,0.25147325928505193,0.7146693931116571,0,1
QN0401,Elmhurst,Queens,13.99,118,5.48,146,32.4,5,1105882.2112,6.3512,4,4,0,3,1,2024-11-30,QN04,508.0,0.0,0.28591851322373124,1,1,High,0,1,1.6094379124341003,0.25147325928505193,0.7146693931116571,0,1
QN0401,Elmhurst,Queens,13.99,118,5.48,146,32.4,5,1105882.2112,6.3512,4,4,0,3,1,2024-12-31,QN04,487.0,0.0,0.28591851322373124,1,1,High,0,1,1.6094379124341003,0.25147325928505193,0.7146693931116571,0,1
BX0302,Claremont Village-Claremont (East),Bronx,31.58,6,14.92,6,12.72,139,-266831.0613,6.3124,4,3,1,3,1,2023-01-31,BX03,1289.0,1.0,0.1266624445851805,1,1,High,1,1,1.6094379124341003,0.11925967341019306,0.7087485312294944,0,1
BX0302,Claremont Village-Claremont (East),Bronx,31.58,6,14.92,6,12.72,139,-266831.0613,6.3124,4,3,1,3,1,2023-02-28,BX03,1242.0,1.0,0.1266624445851805,1,1,High,1,1,1.6094379124341003,0.11925967341019306,0.7087485312294944,0,1
BX0302,Claremont Village-Claremont (East),Bronx,31.58,6,14.92,6,12.72,139,-266831.0613,6.3124,4,3,1,3,1,2023-03-31,BX03,1234.0,1.0,0.1266624445851805,1,1,High,1,1,1.6094379124341003,0.11925967341019306,0.7087485312294944,0,1
BX0302,Claremont Village-Claremont (East),Bronx,31.58,6,14.92,6,12.72,139,-266831.0613,6.3124,4,3,1,3,1,2023-04-30,BX03,1229.0,1.0,0.1266624445851805,1,1,High,1,1,1.6094379124341003,0.11925967341019306,0.7087485312294944,0,1
BX0302,Claremont Village-Claremont (East),Bronx,31.58,6,14.92,6,12.72,139,-266831.0613,6.3124,4,3,1,3,1,2023-05-31,BX03,1238.0,1.0,0.1266624445851805,1,1,High,1,1,1.6094379124341003,0.11925967341019306,0.7087485312294944,0,1
BX0302,Claremont Village-Claremont (East),Bronx,31.58,6,14.92,6,12.72,139,-266831.0613,6.3124,4,3,1,3,1,2023-06-30,BX03,1223.0,1.0,0.1266624445851805,1,1,High,1,1,1.6094379124341003,0.11925967341019306,0.7087485312294944,0,1
BX0302,Claremont Village-Claremont (East),Bronx,31.58,6,14.92,6,12.72,139,-266831.0613,6.3124,4,3,1,3,1,2023-07-31,BX03,1247.0,1.0,0.1266624445851805,1,1,High,1,1,1.6094379124341003,0.11925967341019306,0.7087485312294944,0,1
BX0302,Claremont Village-Claremont (East),Bronx,31.58,6,14.92,6,12.72,139,-266831.0613,6.3124,4,3,1,3,1,2023-08-31,BX03,1246.0,1.0,0.1266624445851805,1,1,High,1,1,1.6094379124341003,0.11925967341019306,0.7087485312294944,0,1
BX0302,Claremont Village-Claremont (East),Bronx,31.58,6,14.92,6,12.72,139,-266831.0613,6.3124,4,3,1,3,1,2023-09-30,BX03,1298.0,1.0,0.1266624445851805,1,1,High,1,1,1.6094379124341003,0.11925967341019306,0.7087485312294944,0,1
BX0302,Claremont Village-Claremont (East),Bronx,31.58,6,14.92,6,12.72,139,-266831.0613,6.3124,4,3,1,3,1,2023-10-31,BX03,1286.0,1.0,0.1266624445851805,1,1,High,1,1,1.6094379124341003,0.11925967341019306,0.7087485312294944,0,1
BX0302,Claremont Village-Claremont (East),Bronx,31.58,6,14.92,6,12.72,139,-266831.0613,6.3124,4,3,1,3,1,2023-11-30,BX03,1333.0,1.0,0.1266624445851805,1,1,High,1,1,1.6094379124341003,0.11925967341019306,0.7087485312294944,0,1
BX0302,Claremont Village-Claremont (East),Bronx,31.58,6,14.92,6,12.72,139,-266831.0613,6.3124,4,3,1,3,1,2023-12-31,BX03,1334.0,1.0,0.1266624445851805,1,1,High,1,1,1.6094379124341003,0.11925967341019306,0.7087485312294944,0,1
BX0302,Claremont Village-Claremont (East),Bronx,31.58,6,14.92,6,12.72,139,-266831.0613,6.3124,4,3,1,3,1,2024-01-31,BX03,1342.0,1.0,0.1266624445851805,1,1,High,1,1,1.6094379124341003,0.11925967341019306,0.7087485312294944,0,1
BX0302,Claremont Village-Claremont (East),Bronx,31.58,6,14.92,6,12.72,139,-266831.0613,6.3124,4,3,1,3,1,2024-02-29,BX03,1383.0,1.0,0.1266624445851805,1,1,High,1,1,1.6094379124341003,0.11925967341019306,0.7087485312294944,0,1
BX0302,Claremont Village-Claremont (East),Bronx,31.58,6,14.92,6,12.72,139,-266831.0613,6.3124,4,3,1,3,1,2024-03-31,BX03,1336.0,1.0,0.1266624445851805,1,1,High,1,1,1.6094379124341003,0.11925967341019306,0.7087485312294944,0,1
BX0302,Claremont Village-Claremont (East),Bronx,31.58,6,14.92,6,12.72,139,-266831.0613,6.3124,4,3,1,3,1,2024-04-30,BX03,1275.0,1.0,0.1266624445851805,1,1,High,1,1,1.6094379124341003,0.11925967341019306,0.7087485312294944,0,1
BX0302,Claremont Village-Claremont (East),Bronx,31.58,6,14.92,6,12.72,139,-266831.0613,6.3124,4,3,1,3,1,2024-05-31,BX03,1289.0,1.0,0.1266624445851805,1,1,High,1,1,1.6094379124341003,0.11925967341019306,0.7087485312294944,0,1
BX0302,Claremont Village-Claremont (East),Bronx,31.58,6,14.92,6,12.72,139,-266831.0613,6.3124,4,3,1,3,1,2024-06-30,BX03,1335.0,1.0,0.1266624445851805,1,1,High,1,1,1.6094379124341003,0.11925967341019306,0.7087485312294944,0,1
BX0302,Claremont Village-Claremont (East),Bronx,31.58,6,14.92,6,12.72,139,-266831.0613,6.3124,4,3,1,3,1,2024-07-31,BX03,1292.0,1.0,0.1266624445851805,1,1,High,1,1,1.6094379124341003,0.11925967341019306,0.7087485312294944,0,1
BX0302,Claremont Village-Claremont (East),Bronx,31.58,6,14.92,6,12.72,139,-266831.0613,6.3124,4,3,1,3,1,2024-08-31,BX03,1356.0,1.0,0.1266624445851805,1,1,High,1,1,1.6094379124341003,0.11925967341019306,0.7087485312294944,0,1
BX0302,Claremont Village-Claremont (East),Bronx,31.58,6,14.92,6,12.72,139,-266831.0613,6.3124,4,3,1,3,1,2024-09-30,BX03,1269.0,1.0,0.1266624445851805,1,1,High,1,1,1.6094379124341003,0.11925967341019306,0.7087485312294944,0,1
BX0302,Claremont Village-Claremont (East),Bronx,31.58,6,14.92,6,12.72,139,-266831.0613,6.3124,4,3,1,3,1,2024-10-31,BX03,1285.0,1.0,0.1266624445851805,1,1,High,1,1,1.6094379124341003,0.11925967341019306,0.7087485312294944,0,1
BX0302,Claremont Village-Claremont (East),Bronx,31.58,6,14.92,6,12.72,139,-266831.0613,6.3124,4,3,1,3,1,2024-11-30,BX03,1278.0,1.0,0.1266624445851805,1,1,High,1,1,1.6094379124341003,0.11925967341019306,0.7087485312294944,0,1
BX0302,Claremont Village-Claremont (East),Bronx,31.58,6,14.92,6,12.72,139,-266831.0613,6.3124,4,3,1,3,1,2024-12-31,BX03,1249.0,1.0,0.1266624445851805,1,1,High,1,1,1.6094379124341003,0.11925967341019306,0.7087485312294944,0,1
QN0502,Ridgewood,Queens,12.82,132,6.98,108,19.54,36,946858.3454,6.3122,4,4,0,2,2,2023-01-31,QN05,285.0,0.0,0.31201248049922,1,1,High,0,1,1.6094379124341003,0.271562203052278,0.7087180113228853,0,1
QN0502,Ridgewood,Queens,12.82,132,6.98,108,19.54,36,946858.3454,6.3122,4,4,0,2,2,2023-02-28,QN05,283.0,0.0,0.31201248049922,1,1,High,0,1,1.6094379124341003,0.271562203052278,0.7087180113228853,0,1
QN0502,Ridgewood,Queens,12.82,132,6.98,108,19.54,36,946858.3454,6.3122,4,4,0,2,2,2023-03-31,QN05,289.0,0.0,0.31201248049922,1,1,High,0,1,1.6094379124341003,0.271562203052278,0.7087180113228853,0,1
QN0502,Ridgewood,Queens,12.82,132,6.98,108,19.54,36,946858.3454,6.3122,4,4,0,2,2,2023-04-30,QN05,289.0,0.0,0.31201248049922,1,1,High,0,1,1.6094379124341003,0.271562203052278,0.7087180113228853,0,1
QN0502,Ridgewood,Queens,12.82,132,6.98,108,19.54,36,946858.3454,6.3122,4,4,0,2,2,2023-05-31,QN05,279.0,0.0,0.31201248049922,1,1,High,0,1,1.6094379124341003,0.271562203052278,0.7087180113228853,0,1
QN0502,Ridgewood,Queens,12.82,132,6.98,108,19.54,36,946858.3454,6.3122,4,4,0,2,2,2023-06-30,QN05,285.0,0.0,0.31201248049922,1,1,High,0,1,1.6094379124341003,0.271562203052278,0.7087180113228853,0,1
QN0502,Ridgewood,Queens,12.82,132,6.98,108,19.54,36,946858.3454,6.3122,4,4,0,2,2,2023-07-31,QN05,287.0,0.0,0.31201248049922,1,1,High,0,1,1.6094379124341003,0.271562203052278,0.7087180113228853,0,1
QN0502,Ridgewood,Queens,12.82,132,6.98,108,19.54,36,946858.3454,6.3122,4,4,0,2,2,2023-08-31,QN05,286.0,0.0,0.31201248049922,1,1,High,0,1,1.6094379124341003,0.271562203052278,0.7087180113228853,0,1
QN0502,Ridgewood,Queens,12.82,132,6.98,108,19.54,36,946858.3454,6.3122,4,4,0,2,2,2023-09-30,QN05,276.0,0.0,0.31201248049922,1,1,High,0,1,1.6094379124341003,0.271562203052278,0.7087180113228853,0,1
QN0502,Ridgewood,Queens,12.82,132,6.98,108,19.54,36,946858.3454,6.3122,4,4,0,2,2,2023-10-31,QN05,274.0,0.0,0.31201248049922,1,1,High,0,1,1.6094379124341003,0.271562203052278,0.7087180113228853,0,1
QN0502,Ridgewood,Queens,12.82,132,6.98,108,19.54,36,946858.3454,6.3122,4,4,0,2,2,2023-11-30,QN05,265.0,0.0,0.31201248049922,1,1,High,0,1,1.6094379124341003,0.271562203052278,0.7087180113228853,0,1
QN0502,Ridgewood,Queens,12.82,132,6.98,108,19.54,36,946858.3454,6.3122,4,4,0,2,2,2023-12-31,QN05,261.0,0.0,0.31201248049922,1,1,High,0,1,1.6094379124341003,0.271562203052278,0.7087180113228853,0,1
QN0502,Ridgewood,Queens,12.82,132,6.98,108,19.54,36,946858.3454,6.3122,4,4,0,2,2,2024-01-31,QN05,262.0,0.0,0.31201248049922,1,1,High,0,1,1.6094379124341003,0.271562203052278,0.7087180113228853,0,1
QN0502,Ridgewood,Queens,12.82,132,6.98,108,19.54,36,946858.3454,6.3122,4,4,0,2,2,2024-02-29,QN05,259.0,0.0,0.31201248049922,1,1,High,0,1,1.6094379124341003,0.271562203052278,0.7087180113228853,0,1
QN0502,Ridgewood,Queens,12.82,132,6.98,108,19.54,36,946858.3454,6.3122,4,4,0,2,2,2024-03-31,QN05,255.0,0.0,0.31201248049922,1,1,High,0,1,1.6094379124341003,0.271562203052278,0.7087180113228853,0,1
QN0502,Ridgewood,Queens,12.82,132,6.98,108,19.54,36,946858.3454,6.3122,4,4,0,2,2,2024-04-30,QN05,228.0,0.0,0.31201248049922,1,1,High,0,1,1.6094379124341003,0.271562203052278,0.7087180113228853,0,1
QN0502,Ridgewood,Queens,12.82,132,6.98,108,19.54,36,946858.3454,6.3122,4,4,0,2,2,2024-05-31,QN05,227.0,0.0,0.31201248049922,1,1,High,0,1,1.6094379124341003,0.271562203052278,0.7087180113228853,0,1
QN0502,Ridgewood,Queens,12.82,132,6.98,108,19.54,36,946858.3454,6.3122,4,4,0,2,2,2024-06-30,QN05,246.0,0.0,0.31201248049922,1,1,High,0,1,1.6094379124341003,0.271562203052278,0.7087180113228853,0,1
QN0502,Ridgewood,Queens,12.82,132,6.98,108,19.54,36,946858.3454,6.3122,4,4,0,2,2,2024-07-31,QN05,240.0,0.0,0.31201248049922,1,1,High,0,1,1.6094379124341003,0.271562203052278,0.7087180113228853,0,1
QN0502,Ridgewood,Queens,12.82,132,6.98,108,19.54,36,946858.3454,6.3122,4,4,0,2,2,2024-08-31,QN05,242.0,0.0,0.31201248049922,1,1,High,0,1,1.6094379124341003,0.271562203052278,0.7087180113228853,0,1
QN0502,Ridgewood,Queens,12.82,132,6.98,108,19.54,36,946858.3454,6.3122,4,4,0,2,2,2024-09-30,QN05,234.0,0.0,0.31201248049922,1,1,High,0,1,1.6094379124341003,0.271562203052278,0.7087180113228853,0,1
QN0502,Ridgewood,Queens,12.82,132,6.98,108,19.54,36,946858.3454,6.3122,4,4,0,2,2,2024-10-31,QN05,246.0,0.0,0.31201248049922,1,1,High,0,1,1.6094379124341003,0.271562203052278,0.7087180113228853,0,1
QN0502,Ridgewood,Queens,12.82,132,6.98,108,19.54,36,946858.3454,6.3122,4,4,0,2,2,2024-11-30,QN05,224.0,0.0,0.31201248049922,1,1,High,0,1,1.6094379124341003,0.271562203052278,0.7087180113228853,0,1
QN0502,Ridgewood,Queens,12.82,132,6.98,108,19.54,36,946858.3454,6.3122,4,4,0,2,2,2024-12-31,QN05,232.0,0.0,0.31201248049922,1,1,High,0,1,1.6094379124341003,0.271562203052278,0.7087180113228853,0,1
BX1203,Wakefield-Woodlawn,Bronx,19.28,57,9.24,44,15.28,89,357864.871,6.2935,1,1,0,0,1,2023-01-31,BX12,357.0,0.0,0.051867219917012444,1,0,Low,0,1,0.6931471805599453,0.05056688954058285,0.7058644000549358,1,0
BX1203,Wakefield-Woodlawn,Bronx,19.28,57,9.24,44,15.28,89,357864.871,6.2935,1,1,0,0,1,2023-02-28,BX12,361.0,0.0,0.051867219917012444,1,0,Low,0,1,0.6931471805599453,0.05056688954058285,0.7058644000549358,1,0
BX1203,Wakefield-Woodlawn,Bronx,19.28,57,9.24,44,15.28,89,357864.871,6.2935,1,1,0,0,1,2023-03-31,BX12,366.0,0.0,0.051867219917012444,1,0,Low,0,1,0.6931471805599453,0.05056688954058285,0.7058644000549358,1,0
BX1203,Wakefield-Woodlawn,Bronx,19.28,57,9.24,44,15.28,89,357864.871,6.2935,1,1,0,0,1,2023-04-30,BX12,358.0,0.0,0.051867219917012444,1,0,Low,0,1,0.6931471805599453,0.05056688954058285,0.7058644000549358,1,0
BX1203,Wakefield-Woodlawn,Bronx,19.28,57,9.24,44,15.28,89,357864.871,6.2935,1,1,0,0,1,2023-05-31,BX12,360.0,0.0,0.051867219917012444,1,0,Low,0,1,0.6931471805599453,0.05056688954058285,0.7058644000549358,1,0
BX1203,Wakefield-Woodlawn,Bronx,19.28,57,9.24,44,15.28,89,357864.871,6.2935,1,1,0,0,1,2023-06-30,BX12,367.0,0.0,0.051867219917012444,1,0,Low,0,1,0.6931471805599453,0.05056688954058285,0.7058644000549358,1,0
BX1203,Wakefield-Woodlawn,Bronx,19.28,57,9.24,44,15.28,89,357864.871,6.2935,1,1,0,0,1,2023-07-31,BX12,427.0,0.0,0.051867219917012444,1,0,Low,0,1,0.6931471805599453,0.05056688954058285,0.7058644000549358,1,0
BX1203,Wakefield-Woodlawn,Bronx,19.28,57,9.24,44,15.28,89,357864.871,6.2935,1,1,0,0,1,2023-08-31,BX12,527.0,0.0,0.051867219917012444,1,0,Low,0,1,0.6931471805599453,0.05056688954058285,0.7058644000549358,1,0
BX1203,Wakefield-Woodlawn,Bronx,19.28,57,9.24,44,15.28,89,357864.871,6.2935,1,1,0,0,1,2023-09-30,BX12,649.0,0.0,0.051867219917012444,1,0,Low,0,1,0.6931471805599453,0.05056688954058285,0.7058644000549358,1,0
BX1203,Wakefield-Woodlawn,Bronx,19.28,57,9.24,44,15.28,89,357864.871,6.2935,1,1,0,0,1,2023-10-31,BX12,632.0,0.0,0.051867219917012444,1,0,Low,0,1,0.6931471805599453,0.05056688954058285,0.7058644000549358,1,0
BX1203,Wakefield-Woodlawn,Bronx,19.28,57,9.24,44,15.28,89,357864.871,6.2935,1,1,0,0,1,2023-11-30,BX12,627.0,0.0,0.051867219917012444,1,0,Low,0,1,0.6931471805599453,0.05056688954058285,0.7058644000549358,1,0
BX1203,Wakefield-Woodlawn,Bronx,19.28,57,9.24,44,15.28,89,357864.871,6.2935,1,1,0,0,1,2023-12-31,BX12,648.0,0.0,0.051867219917012444,1,0,Low,0,1,0.6931471805599453,0.05056688954058285,0.7058644000549358,1,0
BX1203,Wakefield-Woodlawn,Bronx,19.28,57,9.24,44,15.28,89,357864.871,6.2935,1,1,0,0,1,2024-01-31,BX12,545.0,0.0,0.051867219917012444,1,0,Low,0,1,0.6931471805599453,0.05056688954058285,0.7058644000549358,1,0
BX1203,Wakefield-Woodlawn,Bronx,19.28,57,9.24,44,15.28,89,357864.871,6.2935,1,1,0,0,1,2024-02-29,BX12,567.0,0.0,0.051867219917012444,1,0,Low,0,1,0.6931471805599453,0.05056688954058285,0.7058644000549358,1,0
BX1203,Wakefield-Woodlawn,Bronx,19.28,57,9.24,44,15.28,89,357864.871,6.2935,1,1,0,0,1,2024-03-31,BX12,559.0,0.0,0.051867219917012444,1,0,Low,0,1,0.6931471805599453,0.05056688954058285,0.7058644000549358,1,0
BX1203,Wakefield-Woodlawn,Bronx,19.28,57,9.24,44,15.28,89,357864.871,6.2935,1,1,0,0,1,2024-04-30,BX12,556.0,0.0,0.051867219917012444,1,0,Low,0,1,0.6931471805599453,0.05056688954058285,0.7058644000549358,1,0
BX1203,Wakefield-Woodlawn,Bronx,19.28,57,9.24,44,15.28,89,357864.871,6.2935,1,1,0,0,1,2024-05-31,BX12,532.0,0.0,0.051867219917012444,1,0,Low,0,1,0.6931471805599453,0.05056688954058285,0.7058644000549358,1,0
BX1203,Wakefield-Woodlawn,Bronx,19.28,57,9.24,44,15.28,89,357864.871,6.2935,1,1,0,0,1,2024-06-30,BX12,528.0,0.0,0.051867219917012444,1,0,Low,0,1,0.6931471805599453,0.05056688954058285,0.7058644000549358,1,0
BX1203,Wakefield-Woodlawn,Bronx,19.28,57,9.24,44,15.28,89,357864.871,6.2935,1,1,0,0,1,2024-07-31,BX12,655.0,0.0,0.051867219917012444,1,0,Low,0,1,0.6931471805599453,0.05056688954058285,0.7058644000549358,1,0
BX1203,Wakefield-Woodlawn,Bronx,19.28,57,9.24,44,15.28,89,357864.871,6.2935,1,1,0,0,1,2024-08-31,BX12,769.0,0.0,0.051867219917012444,1,0,Low,0,1,0.6931471805599453,0.05056688954058285,0.7058644000549358,1,0
BX1203,Wakefield-Woodlawn,Bronx,19.28,57,9.24,44,15.28,89,357864.871,6.2935,1,1,0,0,1,2024-09-30,BX12,810.0,1.0,0.051867219917012444,1,0,Low,0,1,0.6931471805599453,0.05056688954058285,0.7058644000549358,1,0
BX1203,Wakefield-Woodlawn,Bronx,19.28,57,9.24,44,15.28,89,357864.871,6.2935,1,1,0,0,1,2024-10-31,BX12,805.0,1.0,0.051867219917012444,1,0,Low,0,1,0.6931471805599453,0.05056688954058285,0.7058644000549358,1,0
BX1203,Wakefield-Woodlawn,Bronx,19.28,57,9.24,44,15.28,89,357864.871,6.2935,1,1,0,0,1,2024-11-30,BX12,802.0,1.0,0.051867219917012444,1,0,Low,0,1,0.6931471805599453,0.05056688954058285,0.7058644000549358,1,0
BX1203,Wakefield-Woodlawn,Bronx,19.28,57,9.24,44,15.28,89,357864.871,6.2935,1,1,0,0,1,2024-12-31,BX12,803.0,1.0,0.051867219917012444,1,0,Low,0,1,0.6931471805599453,0.05056688954058285,0.7058644000549358,1,0
BX0701,University Heights (North)-Fordham,Bronx,26.67,19,13.32,14,24.22,18,196301.0523,6.2888,2,2,0,1,1,2023-01-31,BX07,450.0,0.0,0.07499062617172852,1,0,Low,0,1,1.0986122886681098,0.07231194170135556,0.7051471822496224,1,0
BX0701,University Heights (North)-Fordham,Bronx,26.67,19,13.32,14,24.22,18,196301.0523,6.2888,2,2,0,1,1,2023-02-28,BX07,452.0,0.0,0.07499062617172852,1,0,Low,0,1,1.0986122886681098,0.07231194170135556,0.7051471822496224,1,0
BX0701,University Heights (North)-Fordham,Bronx,26.67,19,13.32,14,24.22,18,196301.0523,6.2888,2,2,0,1,1,2023-03-31,BX07,464.0,0.0,0.07499062617172852,1,0,Low,0,1,1.0986122886681098,0.07231194170135556,0.7051471822496224,1,0
BX0701,University Heights (North)-Fordham,Bronx,26.67,19,13.32,14,24.22,18,196301.0523,6.2888,2,2,0,1,1,2023-04-30,BX07,482.0,0.0,0.07499062617172852,1,0,Low,0,1,1.0986122886681098,0.07231194170135556,0.7051471822496224,1,0
BX0701,University Heights (North)-Fordham,Bronx,26.67,19,13.32,14,24.22,18,196301.0523,6.2888,2,2,0,1,1,2023-05-31,BX07,478.0,0.0,0.07499062617172852,1,0,Low,0,1,1.0986122886681098,0.07231194170135556,0.7051471822496224,1,0
BX0701,University Heights (North)-Fordham,Bronx,26.67,19,13.32,14,24.22,18,196301.0523,6.2888,2,2,0,1,1,2023-06-30,BX07,476.0,0.0,0.07499062617172852,1,0,Low,0,1,1.0986122886681098,0.07231194170135556,0.7051471822496224,1,0
BX0701,University Heights (North)-Fordham,Bronx,26.67,19,13.32,14,24.22,18,196301.0523,6.2888,2,2,0,1,1,2023-07-31,BX07,474.0,0.0,0.07499062617172852,1,0,Low,0,1,1.0986122886681098,0.07231194170135556,0.7051471822496224,1,0
BX0701,University Heights (North)-Fordham,Bronx,26.67,19,13.32,14,24.22,18,196301.0523,6.2888,2,2,0,1,1,2023-08-31,BX07,488.0,0.0,0.07499062617172852,1,0,Low,0,1,1.0986122886681098,0.07231194170135556,0.7051471822496224,1,0
BX0701,University Heights (North)-Fordham,Bronx,26.67,19,13.32,14,24.22,18,196301.0523,6.2888,2,2,0,1,1,2023-09-30,BX07,493.0,0.0,0.07499062617172852,1,0,Low,0,1,1.0986122886681098,0.07231194170135556,0.7051471822496224,1,0
BX0701,University Heights (North)-Fordham,Bronx,26.67,19,13.32,14,24.22,18,196301.0523,6.2888,2,2,0,1,1,2023-10-31,BX07,489.0,0.0,0.07499062617172852,1,0,Low,0,1,1.0986122886681098,0.07231194170135556,0.7051471822496224,1,0
BX0701,University Heights (North)-Fordham,Bronx,26.67,19,13.32,14,24.22,18,196301.0523,6.2888,2,2,0,1,1,2023-11-30,BX07,476.0,0.0,0.07499062617172852,1,0,Low,0,1,1.0986122886681098,0.07231194170135556,0.7051471822496224,1,0
BX0701,University Heights (North)-Fordham,Bronx,26.67,19,13.32,14,24.22,18,196301.0523,6.2888,2,2,0,1,1,2023-12-31,BX07,456.0,0.0,0.07499062617172852,1,0,Low,0,1,1.0986122886681098,0.07231194170135556,0.7051471822496224,1,0
BX0701,University Heights (North)-Fordham,Bronx,26.67,19,13.32,14,24.22,18,196301.0523,6.2888,2,2,0,1,1,2024-01-31,BX07,451.0,0.0,0.07499062617172852,1,0,Low,0,1,1.0986122886681098,0.07231194170135556,0.7051471822496224,1,0
BX0701,University Heights (North)-Fordham,Bronx,26.67,19,13.32,14,24.22,18,196301.0523,6.2888,2,2,0,1,1,2024-02-29,BX07,457.0,0.0,0.07499062617172852,1,0,Low,0,1,1.0986122886681098,0.07231194170135556,0.7051471822496224,1,0
BX0701,University Heights (North)-Fordham,Bronx,26.67,19,13.32,14,24.22,18,196301.0523,6.2888,2,2,0,1,1,2024-03-31,BX07,441.0,0.0,0.07499062617172852,1,0,Low,0,1,1.0986122886681098,0.07231194170135556,0.7051471822496224,1,0
BX0701,University Heights (North)-Fordham,Bronx,26.67,19,13.32,14,24.22,18,196301.0523,6.2888,2,2,0,1,1,2024-04-30,BX07,438.0,0.0,0.07499062617172852,1,0,Low,0,1,1.0986122886681098,0.07231194170135556,0.7051471822496224,1,0
BX0701,University Heights (North)-Fordham,Bronx,26.67,19,13.32,14,24.22,18,196301.0523,6.2888,2,2,0,1,1,2024-05-31,BX07,439.0,0.0,0.07499062617172852,1,0,Low,0,1,1.0986122886681098,0.07231194170135556,0.7051471822496224,1,0
BX0701,University Heights (North)-Fordham,Bronx,26.67,19,13.32,14,24.22,18,196301.0523,6.2888,2,2,0,1,1,2024-06-30,BX07,439.0,0.0,0.07499062617172852,1,0,Low,0,1,1.0986122886681098,0.07231194170135556,0.7051471822496224,1,0
BX0701,University Heights (North)-Fordham,Bronx,26.67,19,13.32,14,24.22,18,196301.0523,6.2888,2,2,0,1,1,2024-07-31,BX07,434.0,0.0,0.07499062617172852,1,0,Low,0,1,1.0986122886681098,0.07231194170135556,0.7051471822496224,1,0
BX0701,University Heights (North)-Fordham,Bronx,26.67,19,13.32,14,24.22,18,196301.0523,6.2888,2,2,0,1,1,2024-08-31,BX07,418.0,0.0,0.07499062617172852,1,0,Low,0,1,1.0986122886681098,0.07231194170135556,0.7051471822496224,1,0
BX0701,University Heights (North)-Fordham,Bronx,26.67,19,13.32,14,24.22,18,196301.0523,6.2888,2,2,0,1,1,2024-09-30,BX07,408.0,0.0,0.07499062617172852,1,0,Low,0,1,1.0986122886681098,0.07231194170135556,0.7051471822496224,1,0
BX0701,University Heights (North)-Fordham,Bronx,26.67,19,13.32,14,24.22,18,196301.0523,6.2888,2,2,0,1,1,2024-10-31,BX07,433.0,0.0,0.07499062617172852,1,0,Low,0,1,1.0986122886681098,0.07231194170135556,0.7051471822496224,1,0
BX0701,University Heights (North)-Fordham,Bronx,26.67,19,13.32,14,24.22,18,196301.0523,6.2888,2,2,0,1,1,2024-11-30,BX07,569.0,0.0,0.07499062617172852,1,0,Low,0,1,1.0986122886681098,0.07231194170135556,0.7051471822496224,1,0
BX0701,University Heights (North)-Fordham,Bronx,26.67,19,13.32,14,24.22,18,196301.0523,6.2888,2,2,0,1,1,2024-12-31,BX07,569.0,0.0,0.07499062617172852,1,0,Low,0,1,1.0986122886681098,0.07231194170135556,0.7051471822496224,1,0
QN0804,Jamaica Estates-Holliswood,Queens,21.99,39,8.41,69,17.94,49,634647.9556,6.2705,2,2,0,2,0,2023-01-31,QN08,315.0,0.0,0.09095043201455208,1,0,Low,0,0,1.0986122886681098,0.0870492722849334,0.702354610794891,1,0
QN0804,Jamaica Estates-Holliswood,Queens,21.99,39,8.41,69,17.94,49,634647.9556,6.2705,2,2,0,2,0,2023-02-28,QN08,297.0,0.0,0.09095043201455208,1,0,Low,0,0,1.0986122886681098,0.0870492722849334,0.702354610794891,1,0
QN0804,Jamaica Estates-Holliswood,Queens,21.99,39,8.41,69,17.94,49,634647.9556,6.2705,2,2,0,2,0,2023-03-31,QN08,303.0,0.0,0.09095043201455208,1,0,Low,0,0,1.0986122886681098,0.0870492722849334,0.702354610794891,1,0
QN0804,Jamaica Estates-Holliswood,Queens,21.99,39,8.41,69,17.94,49,634647.9556,6.2705,2,2,0,2,0,2023-04-30,QN08,293.0,0.0,0.09095043201455208,1,0,Low,0,0,1.0986122886681098,0.0870492722849334,0.702354610794891,1,0
QN0804,Jamaica Estates-Holliswood,Queens,21.99,39,8.41,69,17.94,49,634647.9556,6.2705,2,2,0,2,0,2023-05-31,QN08,311.0,0.0,0.09095043201455208,1,0,Low,0,0,1.0986122886681098,0.0870492722849334,0.702354610794891,1,0
QN0804,Jamaica Estates-Holliswood,Queens,21.99,39,8.41,69,17.94,49,634647.9556,6.2705,2,2,0,2,0,2023-06-30,QN08,304.0,0.0,0.09095043201455208,1,0,Low,0,0,1.0986122886681098,0.0870492722849334,0.702354610794891,1,0
QN0804,Jamaica Estates-Holliswood,Queens,21.99,39,8.41,69,17.94,49,634647.9556,6.2705,2,2,0,2,0,2023-07-31,QN08,291.0,0.0,0.09095043201455208,1,0,Low,0,0,1.0986122886681098,0.0870492722849334,0.702354610794891,1,0
QN0804,Jamaica Estates-Holliswood,Queens,21.99,39,8.41,69,17.94,49,634647.9556,6.2705,2,2,0,2,0,2023-08-31,QN08,302.0,0.0,0.09095043201455208,1,0,Low,0,0,1.0986122886681098,0.0870492722849334,0.702354610794891,1,0
QN0804,Jamaica Estates-Holliswood,Queens,21.99,39,8.41,69,17.94,49,634647.9556,6.2705,2,2,0,2,0,2023-09-30,QN08,296.0,0.0,0.09095043201455208,1,0,Low,0,0,1.0986122886681098,0.0870492722849334,0.702354610794891,1,0
QN0804,Jamaica Estates-Holliswood,Queens,21.99,39,8.41,69,17.94,49,634647.9556,6.2705,2,2,0,2,0,2023-10-31,QN08,302.0,0.0,0.09095043201455208,1,0,Low,0,0,1.0986122886681098,0.0870492722849334,0.702354610794891,1,0
QN0804,Jamaica Estates-Holliswood,Queens,21.99,39,8.41,69,17.94,49,634647.9556,6.2705,2,2,0,2,0,2023-11-30,QN08,307.0,0.0,0.09095043201455208,1,0,Low,0,0,1.0986122886681098,0.0870492722849334,0.702354610794891,1,0
QN0804,Jamaica Estates-Holliswood,Queens,21.99,39,8.41,69,17.94,49,634647.9556,6.2705,2,2,0,2,0,2023-12-31,QN08,281.0,0.0,0.09095043201455208,1,0,Low,0,0,1.0986122886681098,0.0870492722849334,0.702354610794891,1,0
QN0804,Jamaica Estates-Holliswood,Queens,21.99,39,8.41,69,17.94,49,634647.9556,6.2705,2,2,0,2,0,2024-01-31,QN08,304.0,0.0,0.09095043201455208,1,0,Low,0,0,1.0986122886681098,0.0870492722849334,0.702354610794891,1,0
QN0804,Jamaica Estates-Holliswood,Queens,21.99,39,8.41,69,17.94,49,634647.9556,6.2705,2,2,0,2,0,2024-02-29,QN08,313.0,0.0,0.09095043201455208,1,0,Low,0,0,1.0986122886681098,0.0870492722849334,0.702354610794891,1,0
QN0804,Jamaica Estates-Holliswood,Queens,21.99,39,8.41,69,17.94,49,634647.9556,6.2705,2,2,0,2,0,2024-03-31,QN08,304.0,0.0,0.09095043201455208,1,0,Low,0,0,1.0986122886681098,0.0870492722849334,0.702354610794891,1,0
QN0804,Jamaica Estates-Holliswood,Queens,21.99,39,8.41,69,17.94,49,634647.9556,6.2705,2,2,0,2,0,2024-04-30,QN08,294.0,0.0,0.09095043201455208,1,0,Low,0,0,1.0986122886681098,0.0870492722849334,0.702354610794891,1,0
QN0804,Jamaica Estates-Holliswood,Queens,21.99,39,8.41,69,17.94,49,634647.9556,6.2705,2,2,0,2,0,2024-05-31,QN08,298.0,0.0,0.09095043201455208,1,0,Low,0,0,1.0986122886681098,0.0870492722849334,0.702354610794891,1,0
QN0804,Jamaica Estates-Holliswood,Queens,21.99,39,8.41,69,17.94,49,634647.9556,6.2705,2,2,0,2,0,2024-06-30,QN08,276.0,0.0,0.09095043201455208,1,0,Low,0,0,1.0986122886681098,0.0870492722849334,0.702354610794891,1,0
QN0804,Jamaica Estates-Holliswood,Queens,21.99,39,8.41,69,17.94,49,634647.9556,6.2705,2,2,0,2,0,2024-07-31,QN08,282.0,0.0,0.09095043201455208,1,0,Low,0,0,1.0986122886681098,0.0870492722849334,0.702354610794891,1,0
QN0804,Jamaica Estates-Holliswood,Queens,21.99,39,8.41,69,17.94,49,634647.9556,6.2705,2,2,0,2,0,2024-08-31,QN08,290.0,0.0,0.09095043201455208,1,0,Low,0,0,1.0986122886681098,0.0870492722849334,0.702354610794891,1,0
QN0804,Jamaica Estates-Holliswood,Queens,21.99,39,8.41,69,17.94,49,634647.9556,6.2705,2,2,0,2,0,2024-09-30,QN08,278.0,0.0,0.09095043201455208,1,0,Low,0,0,1.0986122886681098,0.0870492722849334,0.702354610794891,1,0
QN0804,Jamaica Estates-Holliswood,Queens,21.99,39,8.41,69,17.94,49,634647.9556,6.2705,2,2,0,2,0,2024-10-31,QN08,282.0,0.0,0.09095043201455208,1,0,Low,0,0,1.0986122886681098,0.0870492722849334,0.702354610794891,1,0
QN0804,Jamaica Estates-Holliswood,Queens,21.99,39,8.41,69,17.94,49,634647.9556,6.2705,2,2,0,2,0,2024-11-30,QN08,297.0,0.0,0.09095043201455208,1,0,Low,0,0,1.0986122886681098,0.0870492722849334,0.702354610794891,1,0
QN0804,Jamaica Estates-Holliswood,Queens,21.99,39,8.41,69,17.94,49,634647.9556,6.2705,2,2,0,2,0,2024-12-31,QN08,301.0,0.0,0.09095043201455208,1,0,Low,0,0,1.0986122886681098,0.0870492722849334,0.702354610794891,1,0
MN0703,Upper West Side-Manhattan Valley,Manhattan,15.41,97,7.16,100,13.82,113,752131.6343,6.2667,2,0,2,1,1,2023-01-31,MN07,522.0,0.0,0.12978585334198572,1,1,High,1,1,1.0986122886681098,0.12202810444807329,0.7017747325693183,0,1
MN0703,Upper West Side-Manhattan Valley,Manhattan,15.41,97,7.16,100,13.82,113,752131.6343,6.2667,2,0,2,1,1,2023-02-28,MN07,536.0,0.0,0.12978585334198572,1,1,High,1,1,1.0986122886681098,0.12202810444807329,0.7017747325693183,0,1
MN0703,Upper West Side-Manhattan Valley,Manhattan,15.41,97,7.16,100,13.82,113,752131.6343,6.2667,2,0,2,1,1,2023-03-31,MN07,645.0,0.0,0.12978585334198572,1,1,High,1,1,1.0986122886681098,0.12202810444807329,0.7017747325693183,0,1
MN0703,Upper West Side-Manhattan Valley,Manhattan,15.41,97,7.16,100,13.82,113,752131.6343,6.2667,2,0,2,1,1,2023-04-30,MN07,833.0,1.0,0.12978585334198572,1,1,High,1,1,1.0986122886681098,0.12202810444807329,0.7017747325693183,0,1
MN0703,Upper West Side-Manhattan Valley,Manhattan,15.41,97,7.16,100,13.82,113,752131.6343,6.2667,2,0,2,1,1,2023-05-31,MN07,815.0,1.0,0.12978585334198572,1,1,High,1,1,1.0986122886681098,0.12202810444807329,0.7017747325693183,0,1
MN0703,Upper West Side-Manhattan Valley,Manhattan,15.41,97,7.16,100,13.82,113,752131.6343,6.2667,2,0,2,1,1,2023-06-30,MN07,816.0,1.0,0.12978585334198572,1,1,High,1,1,1.0986122886681098,0.12202810444807329,0.7017747325693183,0,1
MN0703,Upper West Side-Manhattan Valley,Manhattan,15.41,97,7.16,100,13.82,113,752131.6343,6.2667,2,0,2,1,1,2023-07-31,MN07,838.0,1.0,0.12978585334198572,1,1,High,1,1,1.0986122886681098,0.12202810444807329,0.7017747325693183,0,1
MN0703,Upper West Side-Manhattan Valley,Manhattan,15.41,97,7.16,100,13.82,113,752131.6343,6.2667,2,0,2,1,1,2023-08-31,MN07,812.0,1.0,0.12978585334198572,1,1,High,1,1,1.0986122886681098,0.12202810444807329,0.7017747325693183,0,1
MN0703,Upper West Side-Manhattan Valley,Manhattan,15.41,97,7.16,100,13.82,113,752131.6343,6.2667,2,0,2,1,1,2023-09-30,MN07,787.0,1.0,0.12978585334198572,1,1,High,1,1,1.0986122886681098,0.12202810444807329,0.7017747325693183,0,1
MN0703,Upper West Side-Manhattan Valley,Manhattan,15.41,97,7.16,100,13.82,113,752131.6343,6.2667,2,0,2,1,1,2023-10-31,MN07,847.0,1.0,0.12978585334198572,1,1,High,1,1,1.0986122886681098,0.12202810444807329,0.7017747325693183,0,1
MN0703,Upper West Side-Manhattan Valley,Manhattan,15.41,97,7.16,100,13.82,113,752131.6343,6.2667,2,0,2,1,1,2023-11-30,MN07,868.0,1.0,0.12978585334198572,1,1,High,1,1,1.0986122886681098,0.12202810444807329,0.7017747325693183,0,1
MN0703,Upper West Side-Manhattan Valley,Manhattan,15.41,97,7.16,100,13.82,113,752131.6343,6.2667,2,0,2,1,1,2023-12-31,MN07,818.0,1.0,0.12978585334198572,1,1,High,1,1,1.0986122886681098,0.12202810444807329,0.7017747325693183,0,1
MN0703,Upper West Side-Manhattan Valley,Manhattan,15.41,97,7.16,100,13.82,113,752131.6343,6.2667,2,0,2,1,1,2024-01-31,MN07,536.0,0.0,0.12978585334198572,1,1,High,1,1,1.0986122886681098,0.12202810444807329,0.7017747325693183,0,1
MN0703,Upper West Side-Manhattan Valley,Manhattan,15.41,97,7.16,100,13.82,113,752131.6343,6.2667,2,0,2,1,1,2024-02-29,MN07,532.0,0.0,0.12978585334198572,1,1,High,1,1,1.0986122886681098,0.12202810444807329,0.7017747325693183,0,1
MN0703,Upper West Side-Manhattan Valley,Manhattan,15.41,97,7.16,100,13.82,113,752131.6343,6.2667,2,0,2,1,1,2024-03-31,MN07,526.0,0.0,0.12978585334198572,1,1,High,1,1,1.0986122886681098,0.12202810444807329,0.7017747325693183,0,1
MN0703,Upper West Side-Manhattan Valley,Manhattan,15.41,97,7.16,100,13.82,113,752131.6343,6.2667,2,0,2,1,1,2024-04-30,MN07,347.0,0.0,0.12978585334198572,1,1,High,1,1,1.0986122886681098,0.12202810444807329,0.7017747325693183,0,1
MN0703,Upper West Side-Manhattan Valley,Manhattan,15.41,97,7.16,100,13.82,113,752131.6343,6.2667,2,0,2,1,1,2024-05-31,MN07,330.0,0.0,0.12978585334198572,1,1,High,1,1,1.0986122886681098,0.12202810444807329,0.7017747325693183,0,1
MN0703,Upper West Side-Manhattan Valley,Manhattan,15.41,97,7.16,100,13.82,113,752131.6343,6.2667,2,0,2,1,1,2024-06-30,MN07,334.0,0.0,0.12978585334198572,1,1,High,1,1,1.0986122886681098,0.12202810444807329,0.7017747325693183,0,1
MN0703,Upper West Side-Manhattan Valley,Manhattan,15.41,97,7.16,100,13.82,113,752131.6343,6.2667,2,0,2,1,1,2024-07-31,MN07,346.0,0.0,0.12978585334198572,1,1,High,1,1,1.0986122886681098,0.12202810444807329,0.7017747325693183,0,1
MN0703,Upper West Side-Manhattan Valley,Manhattan,15.41,97,7.16,100,13.82,113,752131.6343,6.2667,2,0,2,1,1,2024-08-31,MN07,331.0,0.0,0.12978585334198572,1,1,High,1,1,1.0986122886681098,0.12202810444807329,0.7017747325693183,0,1
MN0703,Upper West Side-Manhattan Valley,Manhattan,15.41,97,7.16,100,13.82,113,752131.6343,6.2667,2,0,2,1,1,2024-09-30,MN07,348.0,0.0,0.12978585334198572,1,1,High,1,1,1.0986122886681098,0.12202810444807329,0.7017747325693183,0,1
MN0703,Upper West Side-Manhattan Valley,Manhattan,15.41,97,7.16,100,13.82,113,752131.6343,6.2667,2,0,2,1,1,2024-10-31,MN07,356.0,0.0,0.12978585334198572,1,1,High,1,1,1.0986122886681098,0.12202810444807329,0.7017747325693183,0,1
MN0703,Upper West Side-Manhattan Valley,Manhattan,15.41,97,7.16,100,13.82,113,752131.6343,6.2667,2,0,2,1,1,2024-11-30,MN07,344.0,0.0,0.12978585334198572,1,1,High,1,1,1.0986122886681098,0.12202810444807329,0.7017747325693183,0,1
MN0703,Upper West Side-Manhattan Valley,Manhattan,15.41,97,7.16,100,13.82,113,752131.6343,6.2667,2,0,2,1,1,2024-12-31,MN07,348.0,0.0,0.12978585334198572,1,1,High,1,1,1.0986122886681098,0.12202810444807329,0.7017747325693183,0,1
MN1002,Harlem (North),Manhattan,19.6,54,11.77,21,12.75,138,326600.4669,6.2553,12,11,1,10,2,2023-01-31,MN10,682.0,0.0,0.6122448979591836,1,1,High,1,1,2.5649493574615367,0.4776275543563948,0.7000350978926004,0,1
MN1002,Harlem (North),Manhattan,19.6,54,11.77,21,12.75,138,326600.4669,6.2553,12,11,1,10,2,2023-02-28,MN10,671.0,0.0,0.6122448979591836,1,1,High,1,1,2.5649493574615367,0.4776275543563948,0.7000350978926004,0,1
MN1002,Harlem (North),Manhattan,19.6,54,11.77,21,12.75,138,326600.4669,6.2553,12,11,1,10,2,2023-03-31,MN10,681.0,0.0,0.6122448979591836,1,1,High,1,1,2.5649493574615367,0.4776275543563948,0.7000350978926004,0,1
MN1002,Harlem (North),Manhattan,19.6,54,11.77,21,12.75,138,326600.4669,6.2553,12,11,1,10,2,2023-04-30,MN10,697.0,0.0,0.6122448979591836,1,1,High,1,1,2.5649493574615367,0.4776275543563948,0.7000350978926004,0,1
MN1002,Harlem (North),Manhattan,19.6,54,11.77,21,12.75,138,326600.4669,6.2553,12,11,1,10,2,2023-05-31,MN10,661.0,0.0,0.6122448979591836,1,1,High,1,1,2.5649493574615367,0.4776275543563948,0.7000350978926004,0,1
MN1002,Harlem (North),Manhattan,19.6,54,11.77,21,12.75,138,326600.4669,6.2553,12,11,1,10,2,2023-06-30,MN10,630.0,0.0,0.6122448979591836,1,1,High,1,1,2.5649493574615367,0.4776275543563948,0.7000350978926004,0,1
MN1002,Harlem (North),Manhattan,19.6,54,11.77,21,12.75,138,326600.4669,6.2553,12,11,1,10,2,2023-07-31,MN10,619.0,0.0,0.6122448979591836,1,1,High,1,1,2.5649493574615367,0.4776275543563948,0.7000350978926004,0,1
MN1002,Harlem (North),Manhattan,19.6,54,11.77,21,12.75,138,326600.4669,6.2553,12,11,1,10,2,2023-08-31,MN10,613.0,0.0,0.6122448979591836,1,1,High,1,1,2.5649493574615367,0.4776275543563948,0.7000350978926004,0,1
MN1002,Harlem (North),Manhattan,19.6,54,11.77,21,12.75,138,326600.4669,6.2553,12,11,1,10,2,2023-09-30,MN10,612.0,0.0,0.6122448979591836,1,1,High,1,1,2.5649493574615367,0.4776275543563948,0.7000350978926004,0,1
MN1002,Harlem (North),Manhattan,19.6,54,11.77,21,12.75,138,326600.4669,6.2553,12,11,1,10,2,2023-10-31,MN10,602.0,0.0,0.6122448979591836,1,1,High,1,1,2.5649493574615367,0.4776275543563948,0.7000350978926004,0,1
MN1002,Harlem (North),Manhattan,19.6,54,11.77,21,12.75,138,326600.4669,6.2553,12,11,1,10,2,2023-11-30,MN10,600.0,0.0,0.6122448979591836,1,1,High,1,1,2.5649493574615367,0.4776275543563948,0.7000350978926004,0,1
MN1002,Harlem (North),Manhattan,19.6,54,11.77,21,12.75,138,326600.4669,6.2553,12,11,1,10,2,2023-12-31,MN10,575.0,0.0,0.6122448979591836,1,1,High,1,1,2.5649493574615367,0.4776275543563948,0.7000350978926004,0,1
MN1002,Harlem (North),Manhattan,19.6,54,11.77,21,12.75,138,326600.4669,6.2553,12,11,1,10,2,2024-01-31,MN10,581.0,0.0,0.6122448979591836,1,1,High,1,1,2.5649493574615367,0.4776275543563948,0.7000350978926004,0,1
MN1002,Harlem (North),Manhattan,19.6,54,11.77,21,12.75,138,326600.4669,6.2553,12,11,1,10,2,2024-02-29,MN10,565.0,0.0,0.6122448979591836,1,1,High,1,1,2.5649493574615367,0.4776275543563948,0.7000350978926004,0,1
MN1002,Harlem (North),Manhattan,19.6,54,11.77,21,12.75,138,326600.4669,6.2553,12,11,1,10,2,2024-03-31,MN10,569.0,0.0,0.6122448979591836,1,1,High,1,1,2.5649493574615367,0.4776275543563948,0.7000350978926004,0,1
MN1002,Harlem (North),Manhattan,19.6,54,11.77,21,12.75,138,326600.4669,6.2553,12,11,1,10,2,2024-04-30,MN10,578.0,0.0,0.6122448979591836,1,1,High,1,1,2.5649493574615367,0.4776275543563948,0.7000350978926004,0,1
MN1002,Harlem (North),Manhattan,19.6,54,11.77,21,12.75,138,326600.4669,6.2553,12,11,1,10,2,2024-05-31,MN10,589.0,0.0,0.6122448979591836,1,1,High,1,1,2.5649493574615367,0.4776275543563948,0.7000350978926004,0,1
MN1002,Harlem (North),Manhattan,19.6,54,11.77,21,12.75,138,326600.4669,6.2553,12,11,1,10,2,2024-06-30,MN10,588.0,0.0,0.6122448979591836,1,1,High,1,1,2.5649493574615367,0.4776275543563948,0.7000350978926004,0,1
MN1002,Harlem (North),Manhattan,19.6,54,11.77,21,12.75,138,326600.4669,6.2553,12,11,1,10,2,2024-07-31,MN10,592.0,0.0,0.6122448979591836,1,1,High,1,1,2.5649493574615367,0.4776275543563948,0.7000350978926004,0,1
MN1002,Harlem (North),Manhattan,19.6,54,11.77,21,12.75,138,326600.4669,6.2553,12,11,1,10,2,2024-08-31,MN10,622.0,0.0,0.6122448979591836,1,1,High,1,1,2.5649493574615367,0.4776275543563948,0.7000350978926004,0,1
MN1002,Harlem (North),Manhattan,19.6,54,11.77,21,12.75,138,326600.4669,6.2553,12,11,1,10,2,2024-09-30,MN10,582.0,0.0,0.6122448979591836,1,1,High,1,1,2.5649493574615367,0.4776275543563948,0.7000350978926004,0,1
MN1002,Harlem (North),Manhattan,19.6,54,11.77,21,12.75,138,326600.4669,6.2553,12,11,1,10,2,2024-10-31,MN10,581.0,0.0,0.6122448979591836,1,1,High,1,1,2.5649493574615367,0.4776275543563948,0.7000350978926004,0,1
MN1002,Harlem (North),Manhattan,19.6,54,11.77,21,12.75,138,326600.4669,6.2553,12,11,1,10,2,2024-11-30,MN10,618.0,0.0,0.6122448979591836,1,1,High,1,1,2.5649493574615367,0.4776275543563948,0.7000350978926004,0,1
MN1002,Harlem (North),Manhattan,19.6,54,11.77,21,12.75,138,326600.4669,6.2553,12,11,1,10,2,2024-12-31,MN10,616.0,0.0,0.6122448979591836,1,1,High,1,1,2.5649493574615367,0.4776275543563948,0.7000350978926004,0,1
BX1202,Eastchester-Edenwald-Baychester,Bronx,25.37,23,9.62,42,14.55,101,143915.367,6.2421,5,4,1,2,3,2023-01-31,BX12,357.0,0.0,0.19708316909735907,1,1,High,1,1,1.791759469228055,0.17988790544646688,0.6980207840564007,0,1
BX1202,Eastchester-Edenwald-Baychester,Bronx,25.37,23,9.62,42,14.55,101,143915.367,6.2421,5,4,1,2,3,2023-02-28,BX12,361.0,0.0,0.19708316909735907,1,1,High,1,1,1.791759469228055,0.17988790544646688,0.6980207840564007,0,1
BX1202,Eastchester-Edenwald-Baychester,Bronx,25.37,23,9.62,42,14.55,101,143915.367,6.2421,5,4,1,2,3,2023-03-31,BX12,366.0,0.0,0.19708316909735907,1,1,High,1,1,1.791759469228055,0.17988790544646688,0.6980207840564007,0,1
BX1202,Eastchester-Edenwald-Baychester,Bronx,25.37,23,9.62,42,14.55,101,143915.367,6.2421,5,4,1,2,3,2023-04-30,BX12,358.0,0.0,0.19708316909735907,1,1,High,1,1,1.791759469228055,0.17988790544646688,0.6980207840564007,0,1
BX1202,Eastchester-Edenwald-Baychester,Bronx,25.37,23,9.62,42,14.55,101,143915.367,6.2421,5,4,1,2,3,2023-05-31,BX12,360.0,0.0,0.19708316909735907,1,1,High,1,1,1.791759469228055,0.17988790544646688,0.6980207840564007,0,1
BX1202,Eastchester-Edenwald-Baychester,Bronx,25.37,23,9.62,42,14.55,101,143915.367,6.2421,5,4,1,2,3,2023-06-30,BX12,367.0,0.0,0.19708316909735907,1,1,High,1,1,1.791759469228055,0.17988790544646688,0.6980207840564007,0,1
BX1202,Eastchester-Edenwald-Baychester,Bronx,25.37,23,9.62,42,14.55,101,143915.367,6.2421,5,4,1,2,3,2023-07-31,BX12,427.0,0.0,0.19708316909735907,1,1,High,1,1,1.791759469228055,0.17988790544646688,0.6980207840564007,0,1
BX1202,Eastchester-Edenwald-Baychester,Bronx,25.37,23,9.62,42,14.55,101,143915.367,6.2421,5,4,1,2,3,2023-08-31,BX12,527.0,0.0,0.19708316909735907,1,1,High,1,1,1.791759469228055,0.17988790544646688,0.6980207840564007,0,1
BX1202,Eastchester-Edenwald-Baychester,Bronx,25.37,23,9.62,42,14.55,101,143915.367,6.2421,5,4,1,2,3,2023-09-30,BX12,649.0,0.0,0.19708316909735907,1,1,High,1,1,1.791759469228055,0.17988790544646688,0.6980207840564007,0,1
BX1202,Eastchester-Edenwald-Baychester,Bronx,25.37,23,9.62,42,14.55,101,143915.367,6.2421,5,4,1,2,3,2023-10-31,BX12,632.0,0.0,0.19708316909735907,1,1,High,1,1,1.791759469228055,0.17988790544646688,0.6980207840564007,0,1
BX1202,Eastchester-Edenwald-Baychester,Bronx,25.37,23,9.62,42,14.55,101,143915.367,6.2421,5,4,1,2,3,2023-11-30,BX12,627.0,0.0,0.19708316909735907,1,1,High,1,1,1.791759469228055,0.17988790544646688,0.6980207840564007,0,1
BX1202,Eastchester-Edenwald-Baychester,Bronx,25.37,23,9.62,42,14.55,101,143915.367,6.2421,5,4,1,2,3,2023-12-31,BX12,648.0,0.0,0.19708316909735907,1,1,High,1,1,1.791759469228055,0.17988790544646688,0.6980207840564007,0,1
BX1202,Eastchester-Edenwald-Baychester,Bronx,25.37,23,9.62,42,14.55,101,143915.367,6.2421,5,4,1,2,3,2024-01-31,BX12,545.0,0.0,0.19708316909735907,1,1,High,1,1,1.791759469228055,0.17988790544646688,0.6980207840564007,0,1
BX1202,Eastchester-Edenwald-Baychester,Bronx,25.37,23,9.62,42,14.55,101,143915.367,6.2421,5,4,1,2,3,2024-02-29,BX12,567.0,0.0,0.19708316909735907,1,1,High,1,1,1.791759469228055,0.17988790544646688,0.6980207840564007,0,1
BX1202,Eastchester-Edenwald-Baychester,Bronx,25.37,23,9.62,42,14.55,101,143915.367,6.2421,5,4,1,2,3,2024-03-31,BX12,559.0,0.0,0.19708316909735907,1,1,High,1,1,1.791759469228055,0.17988790544646688,0.6980207840564007,0,1
BX1202,Eastchester-Edenwald-Baychester,Bronx,25.37,23,9.62,42,14.55,101,143915.367,6.2421,5,4,1,2,3,2024-04-30,BX12,556.0,0.0,0.19708316909735907,1,1,High,1,1,1.791759469228055,0.17988790544646688,0.6980207840564007,0,1
BX1202,Eastchester-Edenwald-Baychester,Bronx,25.37,23,9.62,42,14.55,101,143915.367,6.2421,5,4,1,2,3,2024-05-31,BX12,532.0,0.0,0.19708316909735907,1,1,High,1,1,1.791759469228055,0.17988790544646688,0.6980207840564007,0,1
BX1202,Eastchester-Edenwald-Baychester,Bronx,25.37,23,9.62,42,14.55,101,143915.367,6.2421,5,4,1,2,3,2024-06-30,BX12,528.0,0.0,0.19708316909735907,1,1,High,1,1,1.791759469228055,0.17988790544646688,0.6980207840564007,0,1
BX1202,Eastchester-Edenwald-Baychester,Bronx,25.37,23,9.62,42,14.55,101,143915.367,6.2421,5,4,1,2,3,2024-07-31,BX12,655.0,0.0,0.19708316909735907,1,1,High,1,1,1.791759469228055,0.17988790544646688,0.6980207840564007,0,1
BX1202,Eastchester-Edenwald-Baychester,Bronx,25.37,23,9.62,42,14.55,101,143915.367,6.2421,5,4,1,2,3,2024-08-31,BX12,769.0,0.0,0.19708316909735907,1,1,High,1,1,1.791759469228055,0.17988790544646688,0.6980207840564007,0,1
BX1202,Eastchester-Edenwald-Baychester,Bronx,25.37,23,9.62,42,14.55,101,143915.367,6.2421,5,4,1,2,3,2024-09-30,BX12,810.0,1.0,0.19708316909735907,1,1,High,1,1,1.791759469228055,0.17988790544646688,0.6980207840564007,0,1
BX1202,Eastchester-Edenwald-Baychester,Bronx,25.37,23,9.62,42,14.55,101,143915.367,6.2421,5,4,1,2,3,2024-10-31,BX12,805.0,1.0,0.19708316909735907,1,1,High,1,1,1.791759469228055,0.17988790544646688,0.6980207840564007,0,1
BX1202,Eastchester-Edenwald-Baychester,Bronx,25.37,23,9.62,42,14.55,101,143915.367,6.2421,5,4,1,2,3,2024-11-30,BX12,802.0,1.0,0.19708316909735907,1,1,High,1,1,1.791759469228055,0.17988790544646688,0.6980207840564007,0,1
BX1202,Eastchester-Edenwald-Baychester,Bronx,25.37,23,9.62,42,14.55,101,143915.367,6.2421,5,4,1,2,3,2024-12-31,BX12,803.0,1.0,0.19708316909735907,1,1,High,1,1,1.791759469228055,0.17988790544646688,0.6980207840564007,0,1
BX1101,Pelham Parkway-Van Nest,Bronx,20.47,46,9.91,36,17.16,58,652105.9579,6.238,1,1,1,1,0,2023-01-31,BX11,0.0,0.0,0.04885197850512946,1,0,Low,1,0,0.6931471805599453,0.047696212217491506,0.6973951259709145,1,0
BX1101,Pelham Parkway-Van Nest,Bronx,20.47,46,9.91,36,17.16,58,652105.9579,6.238,1,1,1,1,0,2023-02-28,BX11,0.0,0.0,0.04885197850512946,1,0,Low,1,0,0.6931471805599453,0.047696212217491506,0.6973951259709145,1,0
BX1101,Pelham Parkway-Van Nest,Bronx,20.47,46,9.91,36,17.16,58,652105.9579,6.238,1,1,1,1,0,2023-03-31,BX11,0.0,0.0,0.04885197850512946,1,0,Low,1,0,0.6931471805599453,0.047696212217491506,0.6973951259709145,1,0
BX1101,Pelham Parkway-Van Nest,Bronx,20.47,46,9.91,36,17.16,58,652105.9579,6.238,1,1,1,1,0,2023-04-30,BX11,0.0,0.0,0.04885197850512946,1,0,Low,1,0,0.6931471805599453,0.047696212217491506,0.6973951259709145,1,0
BX1101,Pelham Parkway-Van Nest,Bronx,20.47,46,9.91,36,17.16,58,652105.9579,6.238,1,1,1,1,0,2023-05-31,BX11,0.0,0.0,0.04885197850512946,1,0,Low,1,0,0.6931471805599453,0.047696212217491506,0.6973951259709145,1,0
BX1101,Pelham Parkway-Van Nest,Bronx,20.47,46,9.91,36,17.16,58,652105.9579,6.238,1,1,1,1,0,2023-06-30,BX11,0.0,0.0,0.04885197850512946,1,0,Low,1,0,0.6931471805599453,0.047696212217491506,0.6973951259709145,1,0
BX1101,Pelham Parkway-Van Nest,Bronx,20.47,46,9.91,36,17.16,58,652105.9579,6.238,1,1,1,1,0,2023-07-31,BX11,0.0,0.0,0.04885197850512946,1,0,Low,1,0,0.6931471805599453,0.047696212217491506,0.6973951259709145,1,0
BX1101,Pelham Parkway-Van Nest,Bronx,20.47,46,9.91,36,17.16,58,652105.9579,6.238,1,1,1,1,0,2023-08-31,BX11,0.0,0.0,0.04885197850512946,1,0,Low,1,0,0.6931471805599453,0.047696212217491506,0.6973951259709145,1,0
BX1101,Pelham Parkway-Van Nest,Bronx,20.47,46,9.91,36,17.16,58,652105.9579,6.238,1,1,1,1,0,2023-09-30,BX11,0.0,0.0,0.04885197850512946,1,0,Low,1,0,0.6931471805599453,0.047696212217491506,0.6973951259709145,1,0
BX1101,Pelham Parkway-Van Nest,Bronx,20.47,46,9.91,36,17.16,58,652105.9579,6.238,1,1,1,1,0,2023-10-31,BX11,0.0,0.0,0.04885197850512946,1,0,Low,1,0,0.6931471805599453,0.047696212217491506,0.6973951259709145,1,0
BX1101,Pelham Parkway-Van Nest,Bronx,20.47,46,9.91,36,17.16,58,652105.9579,6.238,1,1,1,1,0,2023-11-30,BX11,0.0,0.0,0.04885197850512946,1,0,Low,1,0,0.6931471805599453,0.047696212217491506,0.6973951259709145,1,0
BX1101,Pelham Parkway-Van Nest,Bronx,20.47,46,9.91,36,17.16,58,652105.9579,6.238,1,1,1,1,0,2023-12-31,BX11,0.0,0.0,0.04885197850512946,1,0,Low,1,0,0.6931471805599453,0.047696212217491506,0.6973951259709145,1,0
BX1101,Pelham Parkway-Van Nest,Bronx,20.47,46,9.91,36,17.16,58,652105.9579,6.238,1,1,1,1,0,2024-01-31,BX11,0.0,0.0,0.04885197850512946,1,0,Low,1,0,0.6931471805599453,0.047696212217491506,0.6973951259709145,1,0
BX1101,Pelham Parkway-Van Nest,Bronx,20.47,46,9.91,36,17.16,58,652105.9579,6.238,1,1,1,1,0,2024-02-29,BX11,0.0,0.0,0.04885197850512946,1,0,Low,1,0,0.6931471805599453,0.047696212217491506,0.6973951259709145,1,0
BX1101,Pelham Parkway-Van Nest,Bronx,20.47,46,9.91,36,17.16,58,652105.9579,6.238,1,1,1,1,0,2024-03-31,BX11,0.0,0.0,0.04885197850512946,1,0,Low,1,0,0.6931471805599453,0.047696212217491506,0.6973951259709145,1,0
BX1101,Pelham Parkway-Van Nest,Bronx,20.47,46,9.91,36,17.16,58,652105.9579,6.238,1,1,1,1,0,2024-04-30,BX11,0.0,0.0,0.04885197850512946,1,0,Low,1,0,0.6931471805599453,0.047696212217491506,0.6973951259709145,1,0
BX1101,Pelham Parkway-Van Nest,Bronx,20.47,46,9.91,36,17.16,58,652105.9579,6.238,1,1,1,1,0,2024-05-31,BX11,0.0,0.0,0.04885197850512946,1,0,Low,1,0,0.6931471805599453,0.047696212217491506,0.6973951259709145,1,0
BX1101,Pelham Parkway-Van Nest,Bronx,20.47,46,9.91,36,17.16,58,652105.9579,6.238,1,1,1,1,0,2024-06-30,BX11,0.0,0.0,0.04885197850512946,1,0,Low,1,0,0.6931471805599453,0.047696212217491506,0.6973951259709145,1,0
BX1101,Pelham Parkway-Van Nest,Bronx,20.47,46,9.91,36,17.16,58,652105.9579,6.238,1,1,1,1,0,2024-07-31,BX11,0.0,0.0,0.04885197850512946,1,0,Low,1,0,0.6931471805599453,0.047696212217491506,0.6973951259709145,1,0
BX1101,Pelham Parkway-Van Nest,Bronx,20.47,46,9.91,36,17.16,58,652105.9579,6.238,1,1,1,1,0,2024-08-31,BX11,0.0,0.0,0.04885197850512946,1,0,Low,1,0,0.6931471805599453,0.047696212217491506,0.6973951259709145,1,0
BX1101,Pelham Parkway-Van Nest,Bronx,20.47,46,9.91,36,17.16,58,652105.9579,6.238,1,1,1,1,0,2024-09-30,BX11,0.0,0.0,0.04885197850512946,1,0,Low,1,0,0.6931471805599453,0.047696212217491506,0.6973951259709145,1,0
BX1101,Pelham Parkway-Van Nest,Bronx,20.47,46,9.91,36,17.16,58,652105.9579,6.238,1,1,1,1,0,2024-10-31,BX11,0.0,0.0,0.04885197850512946,1,0,Low,1,0,0.6931471805599453,0.047696212217491506,0.6973951259709145,1,0
BX1101,Pelham Parkway-Van Nest,Bronx,20.47,46,9.91,36,17.16,58,652105.9579,6.238,1,1,1,1,0,2024-11-30,BX11,0.0,0.0,0.04885197850512946,1,0,Low,1,0,0.6931471805599453,0.047696212217491506,0.6973951259709145,1,0
BX1101,Pelham Parkway-Van Nest,Bronx,20.47,46,9.91,36,17.16,58,652105.9579,6.238,1,1,1,1,0,2024-12-31,BX11,0.0,0.0,0.04885197850512946,1,0,Low,1,0,0.6931471805599453,0.047696212217491506,0.6973951259709145,1,0
BX0801,Kingsbridge Heights-Van Cortlandt Village,Bronx,19.27,58,9.8,38,17.74,53,911265.4762,6.2258,1,1,0,1,0,2023-01-31,BX08,222.0,0.0,0.05189413596263622,1,0,Low,0,0,0.6931471805599453,0.05059247803763364,0.6955334116677603,1,0
BX0801,Kingsbridge Heights-Van Cortlandt Village,Bronx,19.27,58,9.8,38,17.74,53,911265.4762,6.2258,1,1,0,1,0,2023-02-28,BX08,221.0,0.0,0.05189413596263622,1,0,Low,0,0,0.6931471805599453,0.05059247803763364,0.6955334116677603,1,0
BX0801,Kingsbridge Heights-Van Cortlandt Village,Bronx,19.27,58,9.8,38,17.74,53,911265.4762,6.2258,1,1,0,1,0,2023-03-31,BX08,214.0,0.0,0.05189413596263622,1,0,Low,0,0,0.6931471805599453,0.05059247803763364,0.6955334116677603,1,0
BX0801,Kingsbridge Heights-Van Cortlandt Village,Bronx,19.27,58,9.8,38,17.74,53,911265.4762,6.2258,1,1,0,1,0,2023-04-30,BX08,212.0,0.0,0.05189413596263622,1,0,Low,0,0,0.6931471805599453,0.05059247803763364,0.6955334116677603,1,0
BX0801,Kingsbridge Heights-Van Cortlandt Village,Bronx,19.27,58,9.8,38,17.74,53,911265.4762,6.2258,1,1,0,1,0,2023-05-31,BX08,210.0,0.0,0.05189413596263622,1,0,Low,0,0,0.6931471805599453,0.05059247803763364,0.6955334116677603,1,0
BX0801,Kingsbridge Heights-Van Cortlandt Village,Bronx,19.27,58,9.8,38,17.74,53,911265.4762,6.2258,1,1,0,1,0,2023-06-30,BX08,217.0,0.0,0.05189413596263622,1,0,Low,0,0,0.6931471805599453,0.05059247803763364,0.6955334116677603,1,0
BX0801,Kingsbridge Heights-Van Cortlandt Village,Bronx,19.27,58,9.8,38,17.74,53,911265.4762,6.2258,1,1,0,1,0,2023-07-31,BX08,216.0,0.0,0.05189413596263622,1,0,Low,0,0,0.6931471805599453,0.05059247803763364,0.6955334116677603,1,0
BX0801,Kingsbridge Heights-Van Cortlandt Village,Bronx,19.27,58,9.8,38,17.74,53,911265.4762,6.2258,1,1,0,1,0,2023-08-31,BX08,222.0,0.0,0.05189413596263622,1,0,Low,0,0,0.6931471805599453,0.05059247803763364,0.6955334116677603,1,0
BX0801,Kingsbridge Heights-Van Cortlandt Village,Bronx,19.27,58,9.8,38,17.74,53,911265.4762,6.2258,1,1,0,1,0,2023-09-30,BX08,216.0,0.0,0.05189413596263622,1,0,Low,0,0,0.6931471805599453,0.05059247803763364,0.6955334116677603,1,0
BX0801,Kingsbridge Heights-Van Cortlandt Village,Bronx,19.27,58,9.8,38,17.74,53,911265.4762,6.2258,1,1,0,1,0,2023-10-31,BX08,211.0,0.0,0.05189413596263622,1,0,Low,0,0,0.6931471805599453,0.05059247803763364,0.6955334116677603,1,0
BX0801,Kingsbridge Heights-Van Cortlandt Village,Bronx,19.27,58,9.8,38,17.74,53,911265.4762,6.2258,1,1,0,1,0,2023-11-30,BX08,202.0,0.0,0.05189413596263622,1,0,Low,0,0,0.6931471805599453,0.05059247803763364,0.6955334116677603,1,0
BX0801,Kingsbridge Heights-Van Cortlandt Village,Bronx,19.27,58,9.8,38,17.74,53,911265.4762,6.2258,1,1,0,1,0,2023-12-31,BX08,192.0,0.0,0.05189413596263622,1,0,Low,0,0,0.6931471805599453,0.05059247803763364,0.6955334116677603,1,0
BX0801,Kingsbridge Heights-Van Cortlandt Village,Bronx,19.27,58,9.8,38,17.74,53,911265.4762,6.2258,1,1,0,1,0,2024-01-31,BX08,200.0,0.0,0.05189413596263622,1,0,Low,0,0,0.6931471805599453,0.05059247803763364,0.6955334116677603,1,0
BX0801,Kingsbridge Heights-Van Cortlandt Village,Bronx,19.27,58,9.8,38,17.74,53,911265.4762,6.2258,1,1,0,1,0,2024-02-29,BX08,204.0,0.0,0.05189413596263622,1,0,Low,0,0,0.6931471805599453,0.05059247803763364,0.6955334116677603,1,0
BX0801,Kingsbridge Heights-Van Cortlandt Village,Bronx,19.27,58,9.8,38,17.74,53,911265.4762,6.2258,1,1,0,1,0,2024-03-31,BX08,213.0,0.0,0.05189413596263622,1,0,Low,0,0,0.6931471805599453,0.05059247803763364,0.6955334116677603,1,0
BX0801,Kingsbridge Heights-Van Cortlandt Village,Bronx,19.27,58,9.8,38,17.74,53,911265.4762,6.2258,1,1,0,1,0,2024-04-30,BX08,203.0,0.0,0.05189413596263622,1,0,Low,0,0,0.6931471805599453,0.05059247803763364,0.6955334116677603,1,0
BX0801,Kingsbridge Heights-Van Cortlandt Village,Bronx,19.27,58,9.8,38,17.74,53,911265.4762,6.2258,1,1,0,1,0,2024-05-31,BX08,185.0,0.0,0.05189413596263622,1,0,Low,0,0,0.6931471805599453,0.05059247803763364,0.6955334116677603,1,0
BX0801,Kingsbridge Heights-Van Cortlandt Village,Bronx,19.27,58,9.8,38,17.74,53,911265.4762,6.2258,1,1,0,1,0,2024-06-30,BX08,190.0,0.0,0.05189413596263622,1,0,Low,0,0,0.6931471805599453,0.05059247803763364,0.6955334116677603,1,0
BX0801,Kingsbridge Heights-Van Cortlandt Village,Bronx,19.27,58,9.8,38,17.74,53,911265.4762,6.2258,1,1,0,1,0,2024-07-31,BX08,180.0,0.0,0.05189413596263622,1,0,Low,0,0,0.6931471805599453,0.05059247803763364,0.6955334116677603,1,0
BX0801,Kingsbridge Heights-Van Cortlandt Village,Bronx,19.27,58,9.8,38,17.74,53,911265.4762,6.2258,1,1,0,1,0,2024-08-31,BX08,183.0,0.0,0.05189413596263622,1,0,Low,0,0,0.6931471805599453,0.05059247803763364,0.6955334116677603,1,0
BX0801,Kingsbridge Heights-Van Cortlandt Village,Bronx,19.27,58,9.8,38,17.74,53,911265.4762,6.2258,1,1,0,1,0,2024-09-30,BX08,380.0,0.0,0.05189413596263622,1,0,Low,0,0,0.6931471805599453,0.05059247803763364,0.6955334116677603,1,0
BX0801,Kingsbridge Heights-Van Cortlandt Village,Bronx,19.27,58,9.8,38,17.74,53,911265.4762,6.2258,1,1,0,1,0,2024-10-31,BX08,394.0,0.0,0.05189413596263622,1,0,Low,0,0,0.6931471805599453,0.05059247803763364,0.6955334116677603,1,0
BX0801,Kingsbridge Heights-Van Cortlandt Village,Bronx,19.27,58,9.8,38,17.74,53,911265.4762,6.2258,1,1,0,1,0,2024-11-30,BX08,421.0,0.0,0.05189413596263622,1,0,Low,0,0,0.6931471805599453,0.05059247803763364,0.6955334116677603,1,0
BX0801,Kingsbridge Heights-Van Cortlandt Village,Bronx,19.27,58,9.8,38,17.74,53,911265.4762,6.2258,1,1,0,1,0,2024-12-31,BX08,406.0,0.0,0.05189413596263622,1,0,Low,0,0,0.6931471805599453,0.05059247803763364,0.6955334116677603,1,0
MN0902,Manhattanville-West Harlem,Manhattan,24.41,25,12.92,16,14.25,106,498743.2251,6.2199,1,1,0,1,0,2023-01-31,MN09,731.0,0.0,0.04096681687832855,1,0,Low,0,0,0.6931471805599453,0.04014991292720401,0.6946330744227921,1,0
MN0902,Manhattanville-West Harlem,Manhattan,24.41,25,12.92,16,14.25,106,498743.2251,6.2199,1,1,0,1,0,2023-02-28,MN09,710.0,0.0,0.04096681687832855,1,0,Low,0,0,0.6931471805599453,0.04014991292720401,0.6946330744227921,1,0
MN0902,Manhattanville-West Harlem,Manhattan,24.41,25,12.92,16,14.25,106,498743.2251,6.2199,1,1,0,1,0,2023-03-31,MN09,712.0,0.0,0.04096681687832855,1,0,Low,0,0,0.6931471805599453,0.04014991292720401,0.6946330744227921,1,0
MN0902,Manhattanville-West Harlem,Manhattan,24.41,25,12.92,16,14.25,106,498743.2251,6.2199,1,1,0,1,0,2023-04-30,MN09,724.0,0.0,0.04096681687832855,1,0,Low,0,0,0.6931471805599453,0.04014991292720401,0.6946330744227921,1,0
MN0902,Manhattanville-West Harlem,Manhattan,24.41,25,12.92,16,14.25,106,498743.2251,6.2199,1,1,0,1,0,2023-05-31,MN09,745.0,0.0,0.04096681687832855,1,0,Low,0,0,0.6931471805599453,0.04014991292720401,0.6946330744227921,1,0
MN0902,Manhattanville-West Harlem,Manhattan,24.41,25,12.92,16,14.25,106,498743.2251,6.2199,1,1,0,1,0,2023-06-30,MN09,745.0,0.0,0.04096681687832855,1,0,Low,0,0,0.6931471805599453,0.04014991292720401,0.6946330744227921,1,0
MN0902,Manhattanville-West Harlem,Manhattan,24.41,25,12.92,16,14.25,106,498743.2251,6.2199,1,1,0,1,0,2023-07-31,MN09,772.0,0.0,0.04096681687832855,1,0,Low,0,0,0.6931471805599453,0.04014991292720401,0.6946330744227921,1,0
MN0902,Manhattanville-West Harlem,Manhattan,24.41,25,12.92,16,14.25,106,498743.2251,6.2199,1,1,0,1,0,2023-08-31,MN09,754.0,0.0,0.04096681687832855,1,0,Low,0,0,0.6931471805599453,0.04014991292720401,0.6946330744227921,1,0
MN0902,Manhattanville-West Harlem,Manhattan,24.41,25,12.92,16,14.25,106,498743.2251,6.2199,1,1,0,1,0,2023-09-30,MN09,774.0,0.0,0.04096681687832855,1,0,Low,0,0,0.6931471805599453,0.04014991292720401,0.6946330744227921,1,0
MN0902,Manhattanville-West Harlem,Manhattan,24.41,25,12.92,16,14.25,106,498743.2251,6.2199,1,1,0,1,0,2023-10-31,MN09,777.0,0.0,0.04096681687832855,1,0,Low,0,0,0.6931471805599453,0.04014991292720401,0.6946330744227921,1,0
MN0902,Manhattanville-West Harlem,Manhattan,24.41,25,12.92,16,14.25,106,498743.2251,6.2199,1,1,0,1,0,2023-11-30,MN09,750.0,0.0,0.04096681687832855,1,0,Low,0,0,0.6931471805599453,0.04014991292720401,0.6946330744227921,1,0
MN0902,Manhattanville-West Harlem,Manhattan,24.41,25,12.92,16,14.25,106,498743.2251,6.2199,1,1,0,1,0,2023-12-31,MN09,764.0,0.0,0.04096681687832855,1,0,Low,0,0,0.6931471805599453,0.04014991292720401,0.6946330744227921,1,0
MN0902,Manhattanville-West Harlem,Manhattan,24.41,25,12.92,16,14.25,106,498743.2251,6.2199,1,1,0,1,0,2024-01-31,MN09,744.0,0.0,0.04096681687832855,1,0,Low,0,0,0.6931471805599453,0.04014991292720401,0.6946330744227921,1,0
MN0902,Manhattanville-West Harlem,Manhattan,24.41,25,12.92,16,14.25,106,498743.2251,6.2199,1,1,0,1,0,2024-02-29,MN09,737.0,0.0,0.04096681687832855,1,0,Low,0,0,0.6931471805599453,0.04014991292720401,0.6946330744227921,1,0
MN0902,Manhattanville-West Harlem,Manhattan,24.41,25,12.92,16,14.25,106,498743.2251,6.2199,1,1,0,1,0,2024-03-31,MN09,747.0,0.0,0.04096681687832855,1,0,Low,0,0,0.6931471805599453,0.04014991292720401,0.6946330744227921,1,0
MN0902,Manhattanville-West Harlem,Manhattan,24.41,25,12.92,16,14.25,106,498743.2251,6.2199,1,1,0,1,0,2024-04-30,MN09,707.0,0.0,0.04096681687832855,1,0,Low,0,0,0.6931471805599453,0.04014991292720401,0.6946330744227921,1,0
MN0902,Manhattanville-West Harlem,Manhattan,24.41,25,12.92,16,14.25,106,498743.2251,6.2199,1,1,0,1,0,2024-05-31,MN09,680.0,0.0,0.04096681687832855,1,0,Low,0,0,0.6931471805599453,0.04014991292720401,0.6946330744227921,1,0
MN0902,Manhattanville-West Harlem,Manhattan,24.41,25,12.92,16,14.25,106,498743.2251,6.2199,1,1,0,1,0,2024-06-30,MN09,690.0,0.0,0.04096681687832855,1,0,Low,0,0,0.6931471805599453,0.04014991292720401,0.6946330744227921,1,0
MN0902,Manhattanville-West Harlem,Manhattan,24.41,25,12.92,16,14.25,106,498743.2251,6.2199,1,1,0,1,0,2024-07-31,MN09,694.0,0.0,0.04096681687832855,1,0,Low,0,0,0.6931471805599453,0.04014991292720401,0.6946330744227921,1,0
MN0902,Manhattanville-West Harlem,Manhattan,24.41,25,12.92,16,14.25,106,498743.2251,6.2199,1,1,0,1,0,2024-08-31,MN09,709.0,0.0,0.04096681687832855,1,0,Low,0,0,0.6931471805599453,0.04014991292720401,0.6946330744227921,1,0
MN0902,Manhattanville-West Harlem,Manhattan,24.41,25,12.92,16,14.25,106,498743.2251,6.2199,1,1,0,1,0,2024-09-30,MN09,691.0,0.0,0.04096681687832855,1,0,Low,0,0,0.6931471805599453,0.04014991292720401,0.6946330744227921,1,0
MN0902,Manhattanville-West Harlem,Manhattan,24.41,25,12.92,16,14.25,106,498743.2251,6.2199,1,1,0,1,0,2024-10-31,MN09,692.0,0.0,0.04096681687832855,1,0,Low,0,0,0.6931471805599453,0.04014991292720401,0.6946330744227921,1,0
MN0902,Manhattanville-West Harlem,Manhattan,24.41,25,12.92,16,14.25,106,498743.2251,6.2199,1,1,0,1,0,2024-11-30,MN09,684.0,0.0,0.04096681687832855,1,0,Low,0,0,0.6931471805599453,0.04014991292720401,0.6946330744227921,1,0
MN0902,Manhattanville-West Harlem,Manhattan,24.41,25,12.92,16,14.25,106,498743.2251,6.2199,1,1,0,1,0,2024-12-31,MN09,673.0,0.0,0.04096681687832855,1,0,Low,0,0,0.6931471805599453,0.04014991292720401,0.6946330744227921,1,0
BX0802,Kingsbridge-Marble Hill,Bronx,25.35,24,8.88,57,16.06,78,995771.4658,6.1726,0,0,0,0,0,2023-01-31,BX08,222.0,0.0,0.0,1,0,Low,0,0,0.0,0.0,0.6874151165097434,1,0
BX0802,Kingsbridge-Marble Hill,Bronx,25.35,24,8.88,57,16.06,78,995771.4658,6.1726,0,0,0,0,0,2023-02-28,BX08,221.0,0.0,0.0,1,0,Low,0,0,0.0,0.0,0.6874151165097434,1,0
BX0802,Kingsbridge-Marble Hill,Bronx,25.35,24,8.88,57,16.06,78,995771.4658,6.1726,0,0,0,0,0,2023-03-31,BX08,214.0,0.0,0.0,1,0,Low,0,0,0.0,0.0,0.6874151165097434,1,0
BX0802,Kingsbridge-Marble Hill,Bronx,25.35,24,8.88,57,16.06,78,995771.4658,6.1726,0,0,0,0,0,2023-04-30,BX08,212.0,0.0,0.0,1,0,Low,0,0,0.0,0.0,0.6874151165097434,1,0
BX0802,Kingsbridge-Marble Hill,Bronx,25.35,24,8.88,57,16.06,78,995771.4658,6.1726,0,0,0,0,0,2023-05-31,BX08,210.0,0.0,0.0,1,0,Low,0,0,0.0,0.0,0.6874151165097434,1,0
BX0802,Kingsbridge-Marble Hill,Bronx,25.35,24,8.88,57,16.06,78,995771.4658,6.1726,0,0,0,0,0,2023-06-30,BX08,217.0,0.0,0.0,1,0,Low,0,0,0.0,0.0,0.6874151165097434,1,0
BX0802,Kingsbridge-Marble Hill,Bronx,25.35,24,8.88,57,16.06,78,995771.4658,6.1726,0,0,0,0,0,2023-07-31,BX08,216.0,0.0,0.0,1,0,Low,0,0,0.0,0.0,0.6874151165097434,1,0
BX0802,Kingsbridge-Marble Hill,Bronx,25.35,24,8.88,57,16.06,78,995771.4658,6.1726,0,0,0,0,0,2023-08-31,BX08,222.0,0.0,0.0,1,0,Low,0,0,0.0,0.0,0.6874151165097434,1,0
BX0802,Kingsbridge-Marble Hill,Bronx,25.35,24,8.88,57,16.06,78,995771.4658,6.1726,0,0,0,0,0,2023-09-30,BX08,216.0,0.0,0.0,1,0,Low,0,0,0.0,0.0,0.6874151165097434,1,0
BX0802,Kingsbridge-Marble Hill,Bronx,25.35,24,8.88,57,16.06,78,995771.4658,6.1726,0,0,0,0,0,2023-10-31,BX08,211.0,0.0,0.0,1,0,Low,0,0,0.0,0.0,0.6874151165097434,1,0
BX0802,Kingsbridge-Marble Hill,Bronx,25.35,24,8.88,57,16.06,78,995771.4658,6.1726,0,0,0,0,0,2023-11-30,BX08,202.0,0.0,0.0,1,0,Low,0,0,0.0,0.0,0.6874151165097434,1,0
BX0802,Kingsbridge-Marble Hill,Bronx,25.35,24,8.88,57,16.06,78,995771.4658,6.1726,0,0,0,0,0,2023-12-31,BX08,192.0,0.0,0.0,1,0,Low,0,0,0.0,0.0,0.6874151165097434,1,0
BX0802,Kingsbridge-Marble Hill,Bronx,25.35,24,8.88,57,16.06,78,995771.4658,6.1726,0,0,0,0,0,2024-01-31,BX08,200.0,0.0,0.0,1,0,Low,0,0,0.0,0.0,0.6874151165097434,1,0
BX0802,Kingsbridge-Marble Hill,Bronx,25.35,24,8.88,57,16.06,78,995771.4658,6.1726,0,0,0,0,0,2024-02-29,BX08,204.0,0.0,0.0,1,0,Low,0,0,0.0,0.0,0.6874151165097434,1,0
BX0802,Kingsbridge-Marble Hill,Bronx,25.35,24,8.88,57,16.06,78,995771.4658,6.1726,0,0,0,0,0,2024-03-31,BX08,213.0,0.0,0.0,1,0,Low,0,0,0.0,0.0,0.6874151165097434,1,0
BX0802,Kingsbridge-Marble Hill,Bronx,25.35,24,8.88,57,16.06,78,995771.4658,6.1726,0,0,0,0,0,2024-04-30,BX08,203.0,0.0,0.0,1,0,Low,0,0,0.0,0.0,0.6874151165097434,1,0
BX0802,Kingsbridge-Marble Hill,Bronx,25.35,24,8.88,57,16.06,78,995771.4658,6.1726,0,0,0,0,0,2024-05-31,BX08,185.0,0.0,0.0,1,0,Low,0,0,0.0,0.0,0.6874151165097434,1,0
BX0802,Kingsbridge-Marble Hill,Bronx,25.35,24,8.88,57,16.06,78,995771.4658,6.1726,0,0,0,0,0,2024-06-30,BX08,190.0,0.0,0.0,1,0,Low,0,0,0.0,0.0,0.6874151165097434,1,0
BX0802,Kingsbridge-Marble Hill,Bronx,25.35,24,8.88,57,16.06,78,995771.4658,6.1726,0,0,0,0,0,2024-07-31,BX08,180.0,0.0,0.0,1,0,Low,0,0,0.0,0.0,0.6874151165097434,1,0
BX0802,Kingsbridge-Marble Hill,Bronx,25.35,24,8.88,57,16.06,78,995771.4658,6.1726,0,0,0,0,0,2024-08-31,BX08,183.0,0.0,0.0,1,0,Low,0,0,0.0,0.0,0.6874151165097434,1,0
BX0802,Kingsbridge-Marble Hill,Bronx,25.35,24,8.88,57,16.06,78,995771.4658,6.1726,0,0,0,0,0,2024-09-30,BX08,380.0,0.0,0.0,1,0,Low,0,0,0.0,0.0,0.6874151165097434,1,0
BX0802,Kingsbridge-Marble Hill,Bronx,25.35,24,8.88,57,16.06,78,995771.4658,6.1726,0,0,0,0,0,2024-10-31,BX08,394.0,0.0,0.0,1,0,Low,0,0,0.0,0.0,0.6874151165097434,1,0
BX0802,Kingsbridge-Marble Hill,Bronx,25.35,24,8.88,57,16.06,78,995771.4658,6.1726,0,0,0,0,0,2024-11-30,BX08,421.0,0.0,0.0,1,0,Low,0,0,0.0,0.0,0.6874151165097434,1,0
BX0802,Kingsbridge-Marble Hill,Bronx,25.35,24,8.88,57,16.06,78,995771.4658,6.1726,0,0,0,0,0,2024-12-31,BX08,406.0,0.0,0.0,1,0,Low,0,0,0.0,0.0,0.6874151165097434,1,0
MN1102,East Harlem (North),Manhattan,25.44,22,8.98,52,12.46,144,-41044.8361,6.1476,9,7,2,9,1,2023-01-31,MN11,593.0,0.0,0.35377358490566035,1,1,High,1,1,2.302585092994046,0.30289594108760864,0.6836001281836076,0,1
MN1102,East Harlem (North),Manhattan,25.44,22,8.98,52,12.46,144,-41044.8361,6.1476,9,7,2,9,1,2023-02-28,MN11,568.0,0.0,0.35377358490566035,1,1,High,1,1,2.302585092994046,0.30289594108760864,0.6836001281836076,0,1
MN1102,East Harlem (North),Manhattan,25.44,22,8.98,52,12.46,144,-41044.8361,6.1476,9,7,2,9,1,2023-03-31,MN11,559.0,0.0,0.35377358490566035,1,1,High,1,1,2.302585092994046,0.30289594108760864,0.6836001281836076,0,1
MN1102,East Harlem (North),Manhattan,25.44,22,8.98,52,12.46,144,-41044.8361,6.1476,9,7,2,9,1,2023-04-30,MN11,552.0,0.0,0.35377358490566035,1,1,High,1,1,2.302585092994046,0.30289594108760864,0.6836001281836076,0,1
MN1102,East Harlem (North),Manhattan,25.44,22,8.98,52,12.46,144,-41044.8361,6.1476,9,7,2,9,1,2023-05-31,MN11,544.0,0.0,0.35377358490566035,1,1,High,1,1,2.302585092994046,0.30289594108760864,0.6836001281836076,0,1
MN1102,East Harlem (North),Manhattan,25.44,22,8.98,52,12.46,144,-41044.8361,6.1476,9,7,2,9,1,2023-06-30,MN11,533.0,0.0,0.35377358490566035,1,1,High,1,1,2.302585092994046,0.30289594108760864,0.6836001281836076,0,1
MN1102,East Harlem (North),Manhattan,25.44,22,8.98,52,12.46,144,-41044.8361,6.1476,9,7,2,9,1,2023-07-31,MN11,535.0,0.0,0.35377358490566035,1,1,High,1,1,2.302585092994046,0.30289594108760864,0.6836001281836076,0,1
MN1102,East Harlem (North),Manhattan,25.44,22,8.98,52,12.46,144,-41044.8361,6.1476,9,7,2,9,1,2023-08-31,MN11,555.0,0.0,0.35377358490566035,1,1,High,1,1,2.302585092994046,0.30289594108760864,0.6836001281836076,0,1
MN1102,East Harlem (North),Manhattan,25.44,22,8.98,52,12.46,144,-41044.8361,6.1476,9,7,2,9,1,2023-09-30,MN11,564.0,0.0,0.35377358490566035,1,1,High,1,1,2.302585092994046,0.30289594108760864,0.6836001281836076,0,1
MN1102,East Harlem (North),Manhattan,25.44,22,8.98,52,12.46,144,-41044.8361,6.1476,9,7,2,9,1,2023-10-31,MN11,575.0,0.0,0.35377358490566035,1,1,High,1,1,2.302585092994046,0.30289594108760864,0.6836001281836076,0,1
MN1102,East Harlem (North),Manhattan,25.44,22,8.98,52,12.46,144,-41044.8361,6.1476,9,7,2,9,1,2023-11-30,MN11,560.0,0.0,0.35377358490566035,1,1,High,1,1,2.302585092994046,0.30289594108760864,0.6836001281836076,0,1
MN1102,East Harlem (North),Manhattan,25.44,22,8.98,52,12.46,144,-41044.8361,6.1476,9,7,2,9,1,2023-12-31,MN11,563.0,0.0,0.35377358490566035,1,1,High,1,1,2.302585092994046,0.30289594108760864,0.6836001281836076,0,1
MN1102,East Harlem (North),Manhattan,25.44,22,8.98,52,12.46,144,-41044.8361,6.1476,9,7,2,9,1,2024-01-31,MN11,526.0,0.0,0.35377358490566035,1,1,High,1,1,2.302585092994046,0.30289594108760864,0.6836001281836076,0,1
MN1102,East Harlem (North),Manhattan,25.44,22,8.98,52,12.46,144,-41044.8361,6.1476,9,7,2,9,1,2024-02-29,MN11,509.0,0.0,0.35377358490566035,1,1,High,1,1,2.302585092994046,0.30289594108760864,0.6836001281836076,0,1
MN1102,East Harlem (North),Manhattan,25.44,22,8.98,52,12.46,144,-41044.8361,6.1476,9,7,2,9,1,2024-03-31,MN11,512.0,0.0,0.35377358490566035,1,1,High,1,1,2.302585092994046,0.30289594108760864,0.6836001281836076,0,1
MN1102,East Harlem (North),Manhattan,25.44,22,8.98,52,12.46,144,-41044.8361,6.1476,9,7,2,9,1,2024-04-30,MN11,508.0,0.0,0.35377358490566035,1,1,High,1,1,2.302585092994046,0.30289594108760864,0.6836001281836076,0,1
MN1102,East Harlem (North),Manhattan,25.44,22,8.98,52,12.46,144,-41044.8361,6.1476,9,7,2,9,1,2024-05-31,MN11,501.0,0.0,0.35377358490566035,1,1,High,1,1,2.302585092994046,0.30289594108760864,0.6836001281836076,0,1
MN1102,East Harlem (North),Manhattan,25.44,22,8.98,52,12.46,144,-41044.8361,6.1476,9,7,2,9,1,2024-06-30,MN11,502.0,0.0,0.35377358490566035,1,1,High,1,1,2.302585092994046,0.30289594108760864,0.6836001281836076,0,1
MN1102,East Harlem (North),Manhattan,25.44,22,8.98,52,12.46,144,-41044.8361,6.1476,9,7,2,9,1,2024-07-31,MN11,534.0,0.0,0.35377358490566035,1,1,High,1,1,2.302585092994046,0.30289594108760864,0.6836001281836076,0,1
MN1102,East Harlem (North),Manhattan,25.44,22,8.98,52,12.46,144,-41044.8361,6.1476,9,7,2,9,1,2024-08-31,MN11,551.0,0.0,0.35377358490566035,1,1,High,1,1,2.302585092994046,0.30289594108760864,0.6836001281836076,0,1
MN1102,East Harlem (North),Manhattan,25.44,22,8.98,52,12.46,144,-41044.8361,6.1476,9,7,2,9,1,2024-09-30,MN11,557.0,0.0,0.35377358490566035,1,1,High,1,1,2.302585092994046,0.30289594108760864,0.6836001281836076,0,1
MN1102,East Harlem (North),Manhattan,25.44,22,8.98,52,12.46,144,-41044.8361,6.1476,9,7,2,9,1,2024-10-31,MN11,529.0,0.0,0.35377358490566035,1,1,High,1,1,2.302585092994046,0.30289594108760864,0.6836001281836076,0,1
MN1102,East Harlem (North),Manhattan,25.44,22,8.98,52,12.46,144,-41044.8361,6.1476,9,7,2,9,1,2024-11-30,MN11,537.0,0.0,0.35377358490566035,1,1,High,1,1,2.302585092994046,0.30289594108760864,0.6836001281836076,0,1
MN1102,East Harlem (North),Manhattan,25.44,22,8.98,52,12.46,144,-41044.8361,6.1476,9,7,2,9,1,2024-12-31,MN11,529.0,0.0,0.35377358490566035,1,1,High,1,1,2.302585092994046,0.30289594108760864,0.6836001281836076,0,1
BK0102,Williamsburg,Brooklyn,16.6,80,6.38,124,12.5,141,822035.3505,6.1449,1,1,0,1,0,2023-01-31,BK01,0.0,0.0,0.06024096385542168,1,0,Low,0,0,0.6931471805599453,0.05849620668160854,0.6831881094443851,1,0
BK0102,Williamsburg,Brooklyn,16.6,80,6.38,124,12.5,141,822035.3505,6.1449,1,1,0,1,0,2023-02-28,BK01,0.0,0.0,0.06024096385542168,1,0,Low,0,0,0.6931471805599453,0.05849620668160854,0.6831881094443851,1,0
BK0102,Williamsburg,Brooklyn,16.6,80,6.38,124,12.5,141,822035.3505,6.1449,1,1,0,1,0,2023-03-31,BK01,0.0,0.0,0.06024096385542168,1,0,Low,0,0,0.6931471805599453,0.05849620668160854,0.6831881094443851,1,0
BK0102,Williamsburg,Brooklyn,16.6,80,6.38,124,12.5,141,822035.3505,6.1449,1,1,0,1,0,2023-04-30,BK01,0.0,0.0,0.06024096385542168,1,0,Low,0,0,0.6931471805599453,0.05849620668160854,0.6831881094443851,1,0
BK0102,Williamsburg,Brooklyn,16.6,80,6.38,124,12.5,141,822035.3505,6.1449,1,1,0,1,0,2023-05-31,BK01,0.0,0.0,0.06024096385542168,1,0,Low,0,0,0.6931471805599453,0.05849620668160854,0.6831881094443851,1,0
BK0102,Williamsburg,Brooklyn,16.6,80,6.38,124,12.5,141,822035.3505,6.1449,1,1,0,1,0,2023-06-30,BK01,0.0,0.0,0.06024096385542168,1,0,Low,0,0,0.6931471805599453,0.05849620668160854,0.6831881094443851,1,0
BK0102,Williamsburg,Brooklyn,16.6,80,6.38,124,12.5,141,822035.3505,6.1449,1,1,0,1,0,2023-07-31,BK01,0.0,0.0,0.06024096385542168,1,0,Low,0,0,0.6931471805599453,0.05849620668160854,0.6831881094443851,1,0
BK0102,Williamsburg,Brooklyn,16.6,80,6.38,124,12.5,141,822035.3505,6.1449,1,1,0,1,0,2023-08-31,BK01,0.0,0.0,0.06024096385542168,1,0,Low,0,0,0.6931471805599453,0.05849620668160854,0.6831881094443851,1,0
BK0102,Williamsburg,Brooklyn,16.6,80,6.38,124,12.5,141,822035.3505,6.1449,1,1,0,1,0,2023-09-30,BK01,0.0,0.0,0.06024096385542168,1,0,Low,0,0,0.6931471805599453,0.05849620668160854,0.6831881094443851,1,0
BK0102,Williamsburg,Brooklyn,16.6,80,6.38,124,12.5,141,822035.3505,6.1449,1,1,0,1,0,2023-10-31,BK01,0.0,0.0,0.06024096385542168,1,0,Low,0,0,0.6931471805599453,0.05849620668160854,0.6831881094443851,1,0
BK0102,Williamsburg,Brooklyn,16.6,80,6.38,124,12.5,141,822035.3505,6.1449,1,1,0,1,0,2023-11-30,BK01,0.0,0.0,0.06024096385542168,1,0,Low,0,0,0.6931471805599453,0.05849620668160854,0.6831881094443851,1,0
BK0102,Williamsburg,Brooklyn,16.6,80,6.38,124,12.5,141,822035.3505,6.1449,1,1,0,1,0,2023-12-31,BK01,0.0,0.0,0.06024096385542168,1,0,Low,0,0,0.6931471805599453,0.05849620668160854,0.6831881094443851,1,0
BK0102,Williamsburg,Brooklyn,16.6,80,6.38,124,12.5,141,822035.3505,6.1449,1,1,0,1,0,2024-01-31,BK01,0.0,0.0,0.06024096385542168,1,0,Low,0,0,0.6931471805599453,0.05849620668160854,0.6831881094443851,1,0
BK0102,Williamsburg,Brooklyn,16.6,80,6.38,124,12.5,141,822035.3505,6.1449,1,1,0,1,0,2024-02-29,BK01,0.0,0.0,0.06024096385542168,1,0,Low,0,0,0.6931471805599453,0.05849620668160854,0.6831881094443851,1,0
BK0102,Williamsburg,Brooklyn,16.6,80,6.38,124,12.5,141,822035.3505,6.1449,1,1,0,1,0,2024-03-31,BK01,0.0,0.0,0.06024096385542168,1,0,Low,0,0,0.6931471805599453,0.05849620668160854,0.6831881094443851,1,0
BK0102,Williamsburg,Brooklyn,16.6,80,6.38,124,12.5,141,822035.3505,6.1449,1,1,0,1,0,2024-04-30,BK01,0.0,0.0,0.06024096385542168,1,0,Low,0,0,0.6931471805599453,0.05849620668160854,0.6831881094443851,1,0
BK0102,Williamsburg,Brooklyn,16.6,80,6.38,124,12.5,141,822035.3505,6.1449,1,1,0,1,0,2024-05-31,BK01,0.0,0.0,0.06024096385542168,1,0,Low,0,0,0.6931471805599453,0.05849620668160854,0.6831881094443851,1,0
BK0102,Williamsburg,Brooklyn,16.6,80,6.38,124,12.5,141,822035.3505,6.1449,1,1,0,1,0,2024-06-30,BK01,0.0,0.0,0.06024096385542168,1,0,Low,0,0,0.6931471805599453,0.05849620668160854,0.6831881094443851,1,0
BK0102,Williamsburg,Brooklyn,16.6,80,6.38,124,12.5,141,822035.3505,6.1449,1,1,0,1,0,2024-07-31,BK01,0.0,0.0,0.06024096385542168,1,0,Low,0,0,0.6931471805599453,0.05849620668160854,0.6831881094443851,1,0
BK0102,Williamsburg,Brooklyn,16.6,80,6.38,124,12.5,141,822035.3505,6.1449,1,1,0,1,0,2024-08-31,BK01,0.0,0.0,0.06024096385542168,1,0,Low,0,0,0.6931471805599453,0.05849620668160854,0.6831881094443851,1,0
BK0102,Williamsburg,Brooklyn,16.6,80,6.38,124,12.5,141,822035.3505,6.1449,1,1,0,1,0,2024-09-30,BK01,0.0,0.0,0.06024096385542168,1,0,Low,0,0,0.6931471805599453,0.05849620668160854,0.6831881094443851,1,0
BK0102,Williamsburg,Brooklyn,16.6,80,6.38,124,12.5,141,822035.3505,6.1449,1,1,0,1,0,2024-10-31,BK01,0.0,0.0,0.06024096385542168,1,0,Low,0,0,0.6931471805599453,0.05849620668160854,0.6831881094443851,1,0
BK0102,Williamsburg,Brooklyn,16.6,80,6.38,124,12.5,141,822035.3505,6.1449,1,1,0,1,0,2024-11-30,BK01,0.0,0.0,0.06024096385542168,1,0,Low,0,0,0.6931471805599453,0.05849620668160854,0.6831881094443851,1,0
BK0102,Williamsburg,Brooklyn,16.6,80,6.38,124,12.5,141,822035.3505,6.1449,1,1,0,1,0,2024-12-31,BK01,0.0,0.0,0.06024096385542168,1,0,Low,0,0,0.6931471805599453,0.05849620668160854,0.6831881094443851,1,0
MN0701,Upper West Side-Lincoln Square,Manhattan,12.89,131,6.07,133,14.23,107,935126.5509,6.1249,2,1,1,2,1,2023-01-31,MN07,522.0,0.0,0.1551590380139643,1,1,High,1,1,1.0986122886681098,0.14423802974482158,0.6801361187834766,0,1
MN0701,Upper West Side-Lincoln Square,Manhattan,12.89,131,6.07,133,14.23,107,935126.5509,6.1249,2,1,1,2,1,2023-02-28,MN07,536.0,0.0,0.1551590380139643,1,1,High,1,1,1.0986122886681098,0.14423802974482158,0.6801361187834766,0,1
MN0701,Upper West Side-Lincoln Square,Manhattan,12.89,131,6.07,133,14.23,107,935126.5509,6.1249,2,1,1,2,1,2023-03-31,MN07,645.0,0.0,0.1551590380139643,1,1,High,1,1,1.0986122886681098,0.14423802974482158,0.6801361187834766,0,1
MN0701,Upper West Side-Lincoln Square,Manhattan,12.89,131,6.07,133,14.23,107,935126.5509,6.1249,2,1,1,2,1,2023-04-30,MN07,833.0,1.0,0.1551590380139643,1,1,High,1,1,1.0986122886681098,0.14423802974482158,0.6801361187834766,0,1
MN0701,Upper West Side-Lincoln Square,Manhattan,12.89,131,6.07,133,14.23,107,935126.5509,6.1249,2,1,1,2,1,2023-05-31,MN07,815.0,1.0,0.1551590380139643,1,1,High,1,1,1.0986122886681098,0.14423802974482158,0.6801361187834766,0,1
MN0701,Upper West Side-Lincoln Square,Manhattan,12.89,131,6.07,133,14.23,107,935126.5509,6.1249,2,1,1,2,1,2023-06-30,MN07,816.0,1.0,0.1551590380139643,1,1,High,1,1,1.0986122886681098,0.14423802974482158,0.6801361187834766,0,1
MN0701,Upper West Side-Lincoln Square,Manhattan,12.89,131,6.07,133,14.23,107,935126.5509,6.1249,2,1,1,2,1,2023-07-31,MN07,838.0,1.0,0.1551590380139643,1,1,High,1,1,1.0986122886681098,0.14423802974482158,0.6801361187834766,0,1
MN0701,Upper West Side-Lincoln Square,Manhattan,12.89,131,6.07,133,14.23,107,935126.5509,6.1249,2,1,1,2,1,2023-08-31,MN07,812.0,1.0,0.1551590380139643,1,1,High,1,1,1.0986122886681098,0.14423802974482158,0.6801361187834766,0,1
MN0701,Upper West Side-Lincoln Square,Manhattan,12.89,131,6.07,133,14.23,107,935126.5509,6.1249,2,1,1,2,1,2023-09-30,MN07,787.0,1.0,0.1551590380139643,1,1,High,1,1,1.0986122886681098,0.14423802974482158,0.6801361187834766,0,1
MN0701,Upper West Side-Lincoln Square,Manhattan,12.89,131,6.07,133,14.23,107,935126.5509,6.1249,2,1,1,2,1,2023-10-31,MN07,847.0,1.0,0.1551590380139643,1,1,High,1,1,1.0986122886681098,0.14423802974482158,0.6801361187834766,0,1
MN0701,Upper West Side-Lincoln Square,Manhattan,12.89,131,6.07,133,14.23,107,935126.5509,6.1249,2,1,1,2,1,2023-11-30,MN07,868.0,1.0,0.1551590380139643,1,1,High,1,1,1.0986122886681098,0.14423802974482158,0.6801361187834766,0,1
MN0701,Upper West Side-Lincoln Square,Manhattan,12.89,131,6.07,133,14.23,107,935126.5509,6.1249,2,1,1,2,1,2023-12-31,MN07,818.0,1.0,0.1551590380139643,1,1,High,1,1,1.0986122886681098,0.14423802974482158,0.6801361187834766,0,1
MN0701,Upper West Side-Lincoln Square,Manhattan,12.89,131,6.07,133,14.23,107,935126.5509,6.1249,2,1,1,2,1,2024-01-31,MN07,536.0,0.0,0.1551590380139643,1,1,High,1,1,1.0986122886681098,0.14423802974482158,0.6801361187834766,0,1
MN0701,Upper West Side-Lincoln Square,Manhattan,12.89,131,6.07,133,14.23,107,935126.5509,6.1249,2,1,1,2,1,2024-02-29,MN07,532.0,0.0,0.1551590380139643,1,1,High,1,1,1.0986122886681098,0.14423802974482158,0.6801361187834766,0,1
MN0701,Upper West Side-Lincoln Square,Manhattan,12.89,131,6.07,133,14.23,107,935126.5509,6.1249,2,1,1,2,1,2024-03-31,MN07,526.0,0.0,0.1551590380139643,1,1,High,1,1,1.0986122886681098,0.14423802974482158,0.6801361187834766,0,1
MN0701,Upper West Side-Lincoln Square,Manhattan,12.89,131,6.07,133,14.23,107,935126.5509,6.1249,2,1,1,2,1,2024-04-30,MN07,347.0,0.0,0.1551590380139643,1,1,High,1,1,1.0986122886681098,0.14423802974482158,0.6801361187834766,0,1
MN0701,Upper West Side-Lincoln Square,Manhattan,12.89,131,6.07,133,14.23,107,935126.5509,6.1249,2,1,1,2,1,2024-05-31,MN07,330.0,0.0,0.1551590380139643,1,1,High,1,1,1.0986122886681098,0.14423802974482158,0.6801361187834766,0,1
MN0701,Upper West Side-Lincoln Square,Manhattan,12.89,131,6.07,133,14.23,107,935126.5509,6.1249,2,1,1,2,1,2024-06-30,MN07,334.0,0.0,0.1551590380139643,1,1,High,1,1,1.0986122886681098,0.14423802974482158,0.6801361187834766,0,1
MN0701,Upper West Side-Lincoln Square,Manhattan,12.89,131,6.07,133,14.23,107,935126.5509,6.1249,2,1,1,2,1,2024-07-31,MN07,346.0,0.0,0.1551590380139643,1,1,High,1,1,1.0986122886681098,0.14423802974482158,0.6801361187834766,0,1
MN0701,Upper West Side-Lincoln Square,Manhattan,12.89,131,6.07,133,14.23,107,935126.5509,6.1249,2,1,1,2,1,2024-08-31,MN07,331.0,0.0,0.1551590380139643,1,1,High,1,1,1.0986122886681098,0.14423802974482158,0.6801361187834766,0,1
MN0701,Upper West Side-Lincoln Square,Manhattan,12.89,131,6.07,133,14.23,107,935126.5509,6.1249,2,1,1,2,1,2024-09-30,MN07,348.0,0.0,0.1551590380139643,1,1,High,1,1,1.0986122886681098,0.14423802974482158,0.6801361187834766,0,1
MN0701,Upper West Side-Lincoln Square,Manhattan,12.89,131,6.07,133,14.23,107,935126.5509,6.1249,2,1,1,2,1,2024-10-31,MN07,356.0,0.0,0.1551590380139643,1,1,High,1,1,1.0986122886681098,0.14423802974482158,0.6801361187834766,0,1
MN0701,Upper West Side-Lincoln Square,Manhattan,12.89,131,6.07,133,14.23,107,935126.5509,6.1249,2,1,1,2,1,2024-11-30,MN07,344.0,0.0,0.1551590380139643,1,1,High,1,1,1.0986122886681098,0.14423802974482158,0.6801361187834766,0,1
MN0701,Upper West Side-Lincoln Square,Manhattan,12.89,131,6.07,133,14.23,107,935126.5509,6.1249,2,1,1,2,1,2024-12-31,MN07,348.0,0.0,0.1551590380139643,1,1,High,1,1,1.0986122886681098,0.14423802974482158,0.6801361187834766,0,1
BX0904,Parkchester,Bronx,10.97,161,11.61,23,14.98,94,309029.5383,6.1183,4,4,0,4,0,2023-01-31,BX09,1197.0,1.0,0.3646308113035551,1,1,High,0,0,1.6094379124341003,0.3108839241443981,0.6791289618653766,0,1
BX0904,Parkchester,Bronx,10.97,161,11.61,23,14.98,94,309029.5383,6.1183,4,4,0,4,0,2023-02-28,BX09,1216.0,1.0,0.3646308113035551,1,1,High,0,0,1.6094379124341003,0.3108839241443981,0.6791289618653766,0,1
BX0904,Parkchester,Bronx,10.97,161,11.61,23,14.98,94,309029.5383,6.1183,4,4,0,4,0,2023-03-31,BX09,1220.0,1.0,0.3646308113035551,1,1,High,0,0,1.6094379124341003,0.3108839241443981,0.6791289618653766,0,1
BX0904,Parkchester,Bronx,10.97,161,11.61,23,14.98,94,309029.5383,6.1183,4,4,0,4,0,2023-04-30,BX09,1233.0,1.0,0.3646308113035551,1,1,High,0,0,1.6094379124341003,0.3108839241443981,0.6791289618653766,0,1
BX0904,Parkchester,Bronx,10.97,161,11.61,23,14.98,94,309029.5383,6.1183,4,4,0,4,0,2023-05-31,BX09,1251.0,1.0,0.3646308113035551,1,1,High,0,0,1.6094379124341003,0.3108839241443981,0.6791289618653766,0,1
BX0904,Parkchester,Bronx,10.97,161,11.61,23,14.98,94,309029.5383,6.1183,4,4,0,4,0,2023-06-30,BX09,1231.0,1.0,0.3646308113035551,1,1,High,0,0,1.6094379124341003,0.3108839241443981,0.6791289618653766,0,1
BX0904,Parkchester,Bronx,10.97,161,11.61,23,14.98,94,309029.5383,6.1183,4,4,0,4,0,2023-07-31,BX09,1227.0,1.0,0.3646308113035551,1,1,High,0,0,1.6094379124341003,0.3108839241443981,0.6791289618653766,0,1
BX0904,Parkchester,Bronx,10.97,161,11.61,23,14.98,94,309029.5383,6.1183,4,4,0,4,0,2023-08-31,BX09,1245.0,1.0,0.3646308113035551,1,1,High,0,0,1.6094379124341003,0.3108839241443981,0.6791289618653766,0,1
BX0904,Parkchester,Bronx,10.97,161,11.61,23,14.98,94,309029.5383,6.1183,4,4,0,4,0,2023-09-30,BX09,1240.0,1.0,0.3646308113035551,1,1,High,0,0,1.6094379124341003,0.3108839241443981,0.6791289618653766,0,1
BX0904,Parkchester,Bronx,10.97,161,11.61,23,14.98,94,309029.5383,6.1183,4,4,0,4,0,2023-10-31,BX09,1211.0,1.0,0.3646308113035551,1,1,High,0,0,1.6094379124341003,0.3108839241443981,0.6791289618653766,0,1
BX0904,Parkchester,Bronx,10.97,161,11.61,23,14.98,94,309029.5383,6.1183,4,4,0,4,0,2023-11-30,BX09,1196.0,1.0,0.3646308113035551,1,1,High,0,0,1.6094379124341003,0.3108839241443981,0.6791289618653766,0,1
BX0904,Parkchester,Bronx,10.97,161,11.61,23,14.98,94,309029.5383,6.1183,4,4,0,4,0,2023-12-31,BX09,1140.0,1.0,0.3646308113035551,1,1,High,0,0,1.6094379124341003,0.3108839241443981,0.6791289618653766,0,1
BX0904,Parkchester,Bronx,10.97,161,11.61,23,14.98,94,309029.5383,6.1183,4,4,0,4,0,2024-01-31,BX09,1166.0,1.0,0.3646308113035551,1,1,High,0,0,1.6094379124341003,0.3108839241443981,0.6791289618653766,0,1
BX0904,Parkchester,Bronx,10.97,161,11.61,23,14.98,94,309029.5383,6.1183,4,4,0,4,0,2024-02-29,BX09,1166.0,1.0,0.3646308113035551,1,1,High,0,0,1.6094379124341003,0.3108839241443981,0.6791289618653766,0,1
BX0904,Parkchester,Bronx,10.97,161,11.61,23,14.98,94,309029.5383,6.1183,4,4,0,4,0,2024-03-31,BX09,1173.0,1.0,0.3646308113035551,1,1,High,0,0,1.6094379124341003,0.3108839241443981,0.6791289618653766,0,1
BX0904,Parkchester,Bronx,10.97,161,11.61,23,14.98,94,309029.5383,6.1183,4,4,0,4,0,2024-04-30,BX09,1279.0,1.0,0.3646308113035551,1,1,High,0,0,1.6094379124341003,0.3108839241443981,0.6791289618653766,0,1
BX0904,Parkchester,Bronx,10.97,161,11.61,23,14.98,94,309029.5383,6.1183,4,4,0,4,0,2024-05-31,BX09,1366.0,1.0,0.3646308113035551,1,1,High,0,0,1.6094379124341003,0.3108839241443981,0.6791289618653766,0,1
BX0904,Parkchester,Bronx,10.97,161,11.61,23,14.98,94,309029.5383,6.1183,4,4,0,4,0,2024-06-30,BX09,1532.0,1.0,0.3646308113035551,1,1,High,0,0,1.6094379124341003,0.3108839241443981,0.6791289618653766,0,1
BX0904,Parkchester,Bronx,10.97,161,11.61,23,14.98,94,309029.5383,6.1183,4,4,0,4,0,2024-07-31,BX09,1548.0,1.0,0.3646308113035551,1,1,High,0,0,1.6094379124341003,0.3108839241443981,0.6791289618653766,0,1
BX0904,Parkchester,Bronx,10.97,161,11.61,23,14.98,94,309029.5383,6.1183,4,4,0,4,0,2024-08-31,BX09,1568.0,1.0,0.3646308113035551,1,1,High,0,0,1.6094379124341003,0.3108839241443981,0.6791289618653766,0,1
BX0904,Parkchester,Bronx,10.97,161,11.61,23,14.98,94,309029.5383,6.1183,4,4,0,4,0,2024-09-30,BX09,1518.0,1.0,0.3646308113035551,1,1,High,0,0,1.6094379124341003,0.3108839241443981,0.6791289618653766,0,1
BX0904,Parkchester,Bronx,10.97,161,11.61,23,14.98,94,309029.5383,6.1183,4,4,0,4,0,2024-10-31,BX09,1535.0,1.0,0.3646308113035551,1,1,High,0,0,1.6094379124341003,0.3108839241443981,0.6791289618653766,0,1
BX0904,Parkchester,Bronx,10.97,161,11.61,23,14.98,94,309029.5383,6.1183,4,4,0,4,0,2024-11-30,BX09,1528.0,1.0,0.3646308113035551,1,1,High,0,0,1.6094379124341003,0.3108839241443981,0.6791289618653766,0,1
BX0904,Parkchester,Bronx,10.97,161,11.61,23,14.98,94,309029.5383,6.1183,4,4,0,4,0,2024-12-31,BX09,1550.0,1.0,0.3646308113035551,1,1,High,0,0,1.6094379124341003,0.3108839241443981,0.6791289618653766,0,1
BX0303,Crotona Park East,Bronx,30.35,11,11.66,22,16.3,73,-184155.0552,6.1081,4,3,1,3,2,2023-01-31,BX03,1289.0,1.0,0.13179571663920922,1,1,High,1,1,1.6094379124341003,0.12380550116285108,0.6775724466283134,0,1
BX0303,Crotona Park East,Bronx,30.35,11,11.66,22,16.3,73,-184155.0552,6.1081,4,3,1,3,2,2023-02-28,BX03,1242.0,1.0,0.13179571663920922,1,1,High,1,1,1.6094379124341003,0.12380550116285108,0.6775724466283134,0,1
BX0303,Crotona Park East,Bronx,30.35,11,11.66,22,16.3,73,-184155.0552,6.1081,4,3,1,3,2,2023-03-31,BX03,1234.0,1.0,0.13179571663920922,1,1,High,1,1,1.6094379124341003,0.12380550116285108,0.6775724466283134,0,1
BX0303,Crotona Park East,Bronx,30.35,11,11.66,22,16.3,73,-184155.0552,6.1081,4,3,1,3,2,2023-04-30,BX03,1229.0,1.0,0.13179571663920922,1,1,High,1,1,1.6094379124341003,0.12380550116285108,0.6775724466283134,0,1
BX0303,Crotona Park East,Bronx,30.35,11,11.66,22,16.3,73,-184155.0552,6.1081,4,3,1,3,2,2023-05-31,BX03,1238.0,1.0,0.13179571663920922,1,1,High,1,1,1.6094379124341003,0.12380550116285108,0.6775724466283134,0,1
BX0303,Crotona Park East,Bronx,30.35,11,11.66,22,16.3,73,-184155.0552,6.1081,4,3,1,3,2,2023-06-30,BX03,1223.0,1.0,0.13179571663920922,1,1,High,1,1,1.6094379124341003,0.12380550116285108,0.6775724466283134,0,1
BX0303,Crotona Park East,Bronx,30.35,11,11.66,22,16.3,73,-184155.0552,6.1081,4,3,1,3,2,2023-07-31,BX03,1247.0,1.0,0.13179571663920922,1,1,High,1,1,1.6094379124341003,0.12380550116285108,0.6775724466283134,0,1
BX0303,Crotona Park East,Bronx,30.35,11,11.66,22,16.3,73,-184155.0552,6.1081,4,3,1,3,2,2023-08-31,BX03,1246.0,1.0,0.13179571663920922,1,1,High,1,1,1.6094379124341003,0.12380550116285108,0.6775724466283134,0,1
BX0303,Crotona Park East,Bronx,30.35,11,11.66,22,16.3,73,-184155.0552,6.1081,4,3,1,3,2,2023-09-30,BX03,1298.0,1.0,0.13179571663920922,1,1,High,1,1,1.6094379124341003,0.12380550116285108,0.6775724466283134,0,1
BX0303,Crotona Park East,Bronx,30.35,11,11.66,22,16.3,73,-184155.0552,6.1081,4,3,1,3,2,2023-10-31,BX03,1286.0,1.0,0.13179571663920922,1,1,High,1,1,1.6094379124341003,0.12380550116285108,0.6775724466283134,0,1
BX0303,Crotona Park East,Bronx,30.35,11,11.66,22,16.3,73,-184155.0552,6.1081,4,3,1,3,2,2023-11-30,BX03,1333.0,1.0,0.13179571663920922,1,1,High,1,1,1.6094379124341003,0.12380550116285108,0.6775724466283134,0,1
BX0303,Crotona Park East,Bronx,30.35,11,11.66,22,16.3,73,-184155.0552,6.1081,4,3,1,3,2,2023-12-31,BX03,1334.0,1.0,0.13179571663920922,1,1,High,1,1,1.6094379124341003,0.12380550116285108,0.6775724466283134,0,1
BX0303,Crotona Park East,Bronx,30.35,11,11.66,22,16.3,73,-184155.0552,6.1081,4,3,1,3,2,2024-01-31,BX03,1342.0,1.0,0.13179571663920922,1,1,High,1,1,1.6094379124341003,0.12380550116285108,0.6775724466283134,0,1
BX0303,Crotona Park East,Bronx,30.35,11,11.66,22,16.3,73,-184155.0552,6.1081,4,3,1,3,2,2024-02-29,BX03,1383.0,1.0,0.13179571663920922,1,1,High,1,1,1.6094379124341003,0.12380550116285108,0.6775724466283134,0,1
BX0303,Crotona Park East,Bronx,30.35,11,11.66,22,16.3,73,-184155.0552,6.1081,4,3,1,3,2,2024-03-31,BX03,1336.0,1.0,0.13179571663920922,1,1,High,1,1,1.6094379124341003,0.12380550116285108,0.6775724466283134,0,1
BX0303,Crotona Park East,Bronx,30.35,11,11.66,22,16.3,73,-184155.0552,6.1081,4,3,1,3,2,2024-04-30,BX03,1275.0,1.0,0.13179571663920922,1,1,High,1,1,1.6094379124341003,0.12380550116285108,0.6775724466283134,0,1
BX0303,Crotona Park East,Bronx,30.35,11,11.66,22,16.3,73,-184155.0552,6.1081,4,3,1,3,2,2024-05-31,BX03,1289.0,1.0,0.13179571663920922,1,1,High,1,1,1.6094379124341003,0.12380550116285108,0.6775724466283134,0,1
BX0303,Crotona Park East,Bronx,30.35,11,11.66,22,16.3,73,-184155.0552,6.1081,4,3,1,3,2,2024-06-30,BX03,1335.0,1.0,0.13179571663920922,1,1,High,1,1,1.6094379124341003,0.12380550116285108,0.6775724466283134,0,1
BX0303,Crotona Park East,Bronx,30.35,11,11.66,22,16.3,73,-184155.0552,6.1081,4,3,1,3,2,2024-07-31,BX03,1292.0,1.0,0.13179571663920922,1,1,High,1,1,1.6094379124341003,0.12380550116285108,0.6775724466283134,0,1
BX0303,Crotona Park East,Bronx,30.35,11,11.66,22,16.3,73,-184155.0552,6.1081,4,3,1,3,2,2024-08-31,BX03,1356.0,1.0,0.13179571663920922,1,1,High,1,1,1.6094379124341003,0.12380550116285108,0.6775724466283134,0,1
BX0303,Crotona Park East,Bronx,30.35,11,11.66,22,16.3,73,-184155.0552,6.1081,4,3,1,3,2,2024-09-30,BX03,1269.0,1.0,0.13179571663920922,1,1,High,1,1,1.6094379124341003,0.12380550116285108,0.6775724466283134,0,1
BX0303,Crotona Park East,Bronx,30.35,11,11.66,22,16.3,73,-184155.0552,6.1081,4,3,1,3,2,2024-10-31,BX03,1285.0,1.0,0.13179571663920922,1,1,High,1,1,1.6094379124341003,0.12380550116285108,0.6775724466283134,0,1
BX0303,Crotona Park East,Bronx,30.35,11,11.66,22,16.3,73,-184155.0552,6.1081,4,3,1,3,2,2024-11-30,BX03,1278.0,1.0,0.13179571663920922,1,1,High,1,1,1.6094379124341003,0.12380550116285108,0.6775724466283134,0,1
BX0303,Crotona Park East,Bronx,30.35,11,11.66,22,16.3,73,-184155.0552,6.1081,4,3,1,3,2,2024-12-31,BX03,1249.0,1.0,0.13179571663920922,1,1,High,1,1,1.6094379124341003,0.12380550116285108,0.6775724466283134,0,1
SI0204,New Springville-Willowbrook-Bulls Head-Travis,Staten Island,16.09,86,5.02,168,11.41,162,1075153.9241,6.1043,0,0,0,0,0,2023-01-31,SI02,0.0,0.0,0.0,1,0,Low,0,0,0.0,0.0,0.6769925684027408,1,0
SI0204,New Springville-Willowbrook-Bulls Head-Travis,Staten Island,16.09,86,5.02,168,11.41,162,1075153.9241,6.1043,0,0,0,0,0,2023-02-28,SI02,0.0,0.0,0.0,1,0,Low,0,0,0.0,0.0,0.6769925684027408,1,0
SI0204,New Springville-Willowbrook-Bulls Head-Travis,Staten Island,16.09,86,5.02,168,11.41,162,1075153.9241,6.1043,0,0,0,0,0,2023-03-31,SI02,0.0,0.0,0.0,1,0,Low,0,0,0.0,0.0,0.6769925684027408,1,0
SI0204,New Springville-Willowbrook-Bulls Head-Travis,Staten Island,16.09,86,5.02,168,11.41,162,1075153.9241,6.1043,0,0,0,0,0,2023-04-30,SI02,0.0,0.0,0.0,1,0,Low,0,0,0.0,0.0,0.6769925684027408,1,0
SI0204,New Springville-Willowbrook-Bulls Head-Travis,Staten Island,16.09,86,5.02,168,11.41,162,1075153.9241,6.1043,0,0,0,0,0,2023-05-31,SI02,0.0,0.0,0.0,1,0,Low,0,0,0.0,0.0,0.6769925684027408,1,0
SI0204,New Springville-Willowbrook-Bulls Head-Travis,Staten Island,16.09,86,5.02,168,11.41,162,1075153.9241,6.1043,0,0,0,0,0,2023-06-30,SI02,0.0,0.0,0.0,1,0,Low,0,0,0.0,0.0,0.6769925684027408,1,0
SI0204,New Springville-Willowbrook-Bulls Head-Travis,Staten Island,16.09,86,5.02,168,11.41,162,1075153.9241,6.1043,0,0,0,0,0,2023-07-31,SI02,0.0,0.0,0.0,1,0,Low,0,0,0.0,0.0,0.6769925684027408,1,0
SI0204,New Springville-Willowbrook-Bulls Head-Travis,Staten Island,16.09,86,5.02,168,11.41,162,1075153.9241,6.1043,0,0,0,0,0,2023-08-31,SI02,0.0,0.0,0.0,1,0,Low,0,0,0.0,0.0,0.6769925684027408,1,0
SI0204,New Springville-Willowbrook-Bulls Head-Travis,Staten Island,16.09,86,5.02,168,11.41,162,1075153.9241,6.1043,0,0,0,0,0,2023-09-30,SI02,0.0,0.0,0.0,1,0,Low,0,0,0.0,0.0,0.6769925684027408,1,0
SI0204,New Springville-Willowbrook-Bulls Head-Travis,Staten Island,16.09,86,5.02,168,11.41,162,1075153.9241,6.1043,0,0,0,0,0,2023-10-31,SI02,0.0,0.0,0.0,1,0,Low,0,0,0.0,0.0,0.6769925684027408,1,0
SI0204,New Springville-Willowbrook-Bulls Head-Travis,Staten Island,16.09,86,5.02,168,11.41,162,1075153.9241,6.1043,0,0,0,0,0,2023-11-30,SI02,0.0,0.0,0.0,1,0,Low,0,0,0.0,0.0,0.6769925684027408,1,0
SI0204,New Springville-Willowbrook-Bulls Head-Travis,Staten Island,16.09,86,5.02,168,11.41,162,1075153.9241,6.1043,0,0,0,0,0,2023-12-31,SI02,0.0,0.0,0.0,1,0,Low,0,0,0.0,0.0,0.6769925684027408,1,0
SI0204,New Springville-Willowbrook-Bulls Head-Travis,Staten Island,16.09,86,5.02,168,11.41,162,1075153.9241,6.1043,0,0,0,0,0,2024-01-31,SI02,0.0,0.0,0.0,1,0,Low,0,0,0.0,0.0,0.6769925684027408,1,0
SI0204,New Springville-Willowbrook-Bulls Head-Travis,Staten Island,16.09,86,5.02,168,11.41,162,1075153.9241,6.1043,0,0,0,0,0,2024-02-29,SI02,0.0,0.0,0.0,1,0,Low,0,0,0.0,0.0,0.6769925684027408,1,0
SI0204,New Springville-Willowbrook-Bulls Head-Travis,Staten Island,16.09,86,5.02,168,11.41,162,1075153.9241,6.1043,0,0,0,0,0,2024-03-31,SI02,0.0,0.0,0.0,1,0,Low,0,0,0.0,0.0,0.6769925684027408,1,0
SI0204,New Springville-Willowbrook-Bulls Head-Travis,Staten Island,16.09,86,5.02,168,11.41,162,1075153.9241,6.1043,0,0,0,0,0,2024-04-30,SI02,0.0,0.0,0.0,1,0,Low,0,0,0.0,0.0,0.6769925684027408,1,0
SI0204,New Springville-Willowbrook-Bulls Head-Travis,Staten Island,16.09,86,5.02,168,11.41,162,1075153.9241,6.1043,0,0,0,0,0,2024-05-31,SI02,0.0,0.0,0.0,1,0,Low,0,0,0.0,0.0,0.6769925684027408,1,0
SI0204,New Springville-Willowbrook-Bulls Head-Travis,Staten Island,16.09,86,5.02,168,11.41,162,1075153.9241,6.1043,0,0,0,0,0,2024-06-30,SI02,0.0,0.0,0.0,1,0,Low,0,0,0.0,0.0,0.6769925684027408,1,0
SI0204,New Springville-Willowbrook-Bulls Head-Travis,Staten Island,16.09,86,5.02,168,11.41,162,1075153.9241,6.1043,0,0,0,0,0,2024-07-31,SI02,0.0,0.0,0.0,1,0,Low,0,0,0.0,0.0,0.6769925684027408,1,0
SI0204,New Springville-Willowbrook-Bulls Head-Travis,Staten Island,16.09,86,5.02,168,11.41,162,1075153.9241,6.1043,0,0,0,0,0,2024-08-31,SI02,0.0,0.0,0.0,1,0,Low,0,0,0.0,0.0,0.6769925684027408,1,0
SI0204,New Springville-Willowbrook-Bulls Head-Travis,Staten Island,16.09,86,5.02,168,11.41,162,1075153.9241,6.1043,0,0,0,0,0,2024-09-30,SI02,0.0,0.0,0.0,1,0,Low,0,0,0.0,0.0,0.6769925684027408,1,0
SI0204,New Springville-Willowbrook-Bulls Head-Travis,Staten Island,16.09,86,5.02,168,11.41,162,1075153.9241,6.1043,0,0,0,0,0,2024-10-31,SI02,0.0,0.0,0.0,1,0,Low,0,0,0.0,0.0,0.6769925684027408,1,0
SI0204,New Springville-Willowbrook-Bulls Head-Travis,Staten Island,16.09,86,5.02,168,11.41,162,1075153.9241,6.1043,0,0,0,0,0,2024-11-30,SI02,0.0,0.0,0.0,1,0,Low,0,0,0.0,0.0,0.6769925684027408,1,0
SI0204,New Springville-Willowbrook-Bulls Head-Travis,Staten Island,16.09,86,5.02,168,11.41,162,1075153.9241,6.1043,0,0,0,0,0,2024-12-31,SI02,0.0,0.0,0.0,1,0,Low,0,0,0.0,0.0,0.6769925684027408,1,0
BX1201,Williamsbridge-Olinville,Bronx,20.16,48,10.74,29,16.18,75,-67503.599,6.1025,5,5,0,3,2,2023-01-31,BX12,357.0,0.0,0.24801587301587302,1,1,High,0,1,1.791759469228055,0.22155498862907191,0.6767178892432588,0,1
BX1201,Williamsbridge-Olinville,Bronx,20.16,48,10.74,29,16.18,75,-67503.599,6.1025,5,5,0,3,2,2023-02-28,BX12,361.0,0.0,0.24801587301587302,1,1,High,0,1,1.791759469228055,0.22155498862907191,0.6767178892432588,0,1
BX1201,Williamsbridge-Olinville,Bronx,20.16,48,10.74,29,16.18,75,-67503.599,6.1025,5,5,0,3,2,2023-03-31,BX12,366.0,0.0,0.24801587301587302,1,1,High,0,1,1.791759469228055,0.22155498862907191,0.6767178892432588,0,1
BX1201,Williamsbridge-Olinville,Bronx,20.16,48,10.74,29,16.18,75,-67503.599,6.1025,5,5,0,3,2,2023-04-30,BX12,358.0,0.0,0.24801587301587302,1,1,High,0,1,1.791759469228055,0.22155498862907191,0.6767178892432588,0,1
BX1201,Williamsbridge-Olinville,Bronx,20.16,48,10.74,29,16.18,75,-67503.599,6.1025,5,5,0,3,2,2023-05-31,BX12,360.0,0.0,0.24801587301587302,1,1,High,0,1,1.791759469228055,0.22155498862907191,0.6767178892432588,0,1
BX1201,Williamsbridge-Olinville,Bronx,20.16,48,10.74,29,16.18,75,-67503.599,6.1025,5,5,0,3,2,2023-06-30,BX12,367.0,0.0,0.24801587301587302,1,1,High,0,1,1.791759469228055,0.22155498862907191,0.6767178892432588,0,1
BX1201,Williamsbridge-Olinville,Bronx,20.16,48,10.74,29,16.18,75,-67503.599,6.1025,5,5,0,3,2,2023-07-31,BX12,427.0,0.0,0.24801587301587302,1,1,High,0,1,1.791759469228055,0.22155498862907191,0.6767178892432588,0,1
BX1201,Williamsbridge-Olinville,Bronx,20.16,48,10.74,29,16.18,75,-67503.599,6.1025,5,5,0,3,2,2023-08-31,BX12,527.0,0.0,0.24801587301587302,1,1,High,0,1,1.791759469228055,0.22155498862907191,0.6767178892432588,0,1
BX1201,Williamsbridge-Olinville,Bronx,20.16,48,10.74,29,16.18,75,-67503.599,6.1025,5,5,0,3,2,2023-09-30,BX12,649.0,0.0,0.24801587301587302,1,1,High,0,1,1.791759469228055,0.22155498862907191,0.6767178892432588,0,1
BX1201,Williamsbridge-Olinville,Bronx,20.16,48,10.74,29,16.18,75,-67503.599,6.1025,5,5,0,3,2,2023-10-31,BX12,632.0,0.0,0.24801587301587302,1,1,High,0,1,1.791759469228055,0.22155498862907191,0.6767178892432588,0,1
BX1201,Williamsbridge-Olinville,Bronx,20.16,48,10.74,29,16.18,75,-67503.599,6.1025,5,5,0,3,2,2023-11-30,BX12,627.0,0.0,0.24801587301587302,1,1,High,0,1,1.791759469228055,0.22155498862907191,0.6767178892432588,0,1
BX1201,Williamsbridge-Olinville,Bronx,20.16,48,10.74,29,16.18,75,-67503.599,6.1025,5,5,0,3,2,2023-12-31,BX12,648.0,0.0,0.24801587301587302,1,1,High,0,1,1.791759469228055,0.22155498862907191,0.6767178892432588,0,1
BX1201,Williamsbridge-Olinville,Bronx,20.16,48,10.74,29,16.18,75,-67503.599,6.1025,5,5,0,3,2,2024-01-31,BX12,545.0,0.0,0.24801587301587302,1,1,High,0,1,1.791759469228055,0.22155498862907191,0.6767178892432588,0,1
BX1201,Williamsbridge-Olinville,Bronx,20.16,48,10.74,29,16.18,75,-67503.599,6.1025,5,5,0,3,2,2024-02-29,BX12,567.0,0.0,0.24801587301587302,1,1,High,0,1,1.791759469228055,0.22155498862907191,0.6767178892432588,0,1
BX1201,Williamsbridge-Olinville,Bronx,20.16,48,10.74,29,16.18,75,-67503.599,6.1025,5,5,0,3,2,2024-03-31,BX12,559.0,0.0,0.24801587301587302,1,1,High,0,1,1.791759469228055,0.22155498862907191,0.6767178892432588,0,1
BX1201,Williamsbridge-Olinville,Bronx,20.16,48,10.74,29,16.18,75,-67503.599,6.1025,5,5,0,3,2,2024-04-30,BX12,556.0,0.0,0.24801587301587302,1,1,High,0,1,1.791759469228055,0.22155498862907191,0.6767178892432588,0,1
BX1201,Williamsbridge-Olinville,Bronx,20.16,48,10.74,29,16.18,75,-67503.599,6.1025,5,5,0,3,2,2024-05-31,BX12,532.0,0.0,0.24801587301587302,1,1,High,0,1,1.791759469228055,0.22155498862907191,0.6767178892432588,0,1
BX1201,Williamsbridge-Olinville,Bronx,20.16,48,10.74,29,16.18,75,-67503.599,6.1025,5,5,0,3,2,2024-06-30,BX12,528.0,0.0,0.24801587301587302,1,1,High,0,1,1.791759469228055,0.22155498862907191,0.6767178892432588,0,1
BX1201,Williamsbridge-Olinville,Bronx,20.16,48,10.74,29,16.18,75,-67503.599,6.1025,5,5,0,3,2,2024-07-31,BX12,655.0,0.0,0.24801587301587302,1,1,High,0,1,1.791759469228055,0.22155498862907191,0.6767178892432588,0,1
BX1201,Williamsbridge-Olinville,Bronx,20.16,48,10.74,29,16.18,75,-67503.599,6.1025,5,5,0,3,2,2024-08-31,BX12,769.0,0.0,0.24801587301587302,1,1,High,0,1,1.791759469228055,0.22155498862907191,0.6767178892432588,0,1
BX1201,Williamsbridge-Olinville,Bronx,20.16,48,10.74,29,16.18,75,-67503.599,6.1025,5,5,0,3,2,2024-09-30,BX12,810.0,1.0,0.24801587301587302,1,1,High,0,1,1.791759469228055,0.22155498862907191,0.6767178892432588,0,1
BX1201,Williamsbridge-Olinville,Bronx,20.16,48,10.74,29,16.18,75,-67503.599,6.1025,5,5,0,3,2,2024-10-31,BX12,805.0,1.0,0.24801587301587302,1,1,High,0,1,1.791759469228055,0.22155498862907191,0.6767178892432588,0,1
BX1201,Williamsbridge-Olinville,Bronx,20.16,48,10.74,29,16.18,75,-67503.599,6.1025,5,5,0,3,2,2024-11-30,BX12,802.0,1.0,0.24801587301587302,1,1,High,0,1,1.791759469228055,0.22155498862907191,0.6767178892432588,0,1
BX1201,Williamsbridge-Olinville,Bronx,20.16,48,10.74,29,16.18,75,-67503.599,6.1025,5,5,0,3,2,2024-12-31,BX12,803.0,1.0,0.24801587301587302,1,1,High,0,1,1.791759469228055,0.22155498862907191,0.6767178892432588,0,1
QN0701,College Point,Queens,20.81,44,9.13,46,19.26,38,1032956.4409,6.1005,0,0,0,0,0,2023-01-31,QN07,0.0,0.0,0.0,1,0,Low,0,0,0.0,0.0,0.6764126901771681,1,0
QN0701,College Point,Queens,20.81,44,9.13,46,19.26,38,1032956.4409,6.1005,0,0,0,0,0,2023-02-28,QN07,0.0,0.0,0.0,1,0,Low,0,0,0.0,0.0,0.6764126901771681,1,0
QN0701,College Point,Queens,20.81,44,9.13,46,19.26,38,1032956.4409,6.1005,0,0,0,0,0,2023-03-31,QN07,0.0,0.0,0.0,1,0,Low,0,0,0.0,0.0,0.6764126901771681,1,0
QN0701,College Point,Queens,20.81,44,9.13,46,19.26,38,1032956.4409,6.1005,0,0,0,0,0,2023-04-30,QN07,0.0,0.0,0.0,1,0,Low,0,0,0.0,0.0,0.6764126901771681,1,0
QN0701,College Point,Queens,20.81,44,9.13,46,19.26,38,1032956.4409,6.1005,0,0,0,0,0,2023-05-31,QN07,0.0,0.0,0.0,1,0,Low,0,0,0.0,0.0,0.6764126901771681,1,0
QN0701,College Point,Queens,20.81,44,9.13,46,19.26,38,1032956.4409,6.1005,0,0,0,0,0,2023-06-30,QN07,0.0,0.0,0.0,1,0,Low,0,0,0.0,0.0,0.6764126901771681,1,0
QN0701,College Point,Queens,20.81,44,9.13,46,19.26,38,1032956.4409,6.1005,0,0,0,0,0,2023-07-31,QN07,0.0,0.0,0.0,1,0,Low,0,0,0.0,0.0,0.6764126901771681,1,0
QN0701,College Point,Queens,20.81,44,9.13,46,19.26,38,1032956.4409,6.1005,0,0,0,0,0,2023-08-31,QN07,0.0,0.0,0.0,1,0,Low,0,0,0.0,0.0,0.6764126901771681,1,0
QN0701,College Point,Queens,20.81,44,9.13,46,19.26,38,1032956.4409,6.1005,0,0,0,0,0,2023-09-30,QN07,0.0,0.0,0.0,1,0,Low,0,0,0.0,0.0,0.6764126901771681,1,0
QN0701,College Point,Queens,20.81,44,9.13,46,19.26,38,1032956.4409,6.1005,0,0,0,0,0,2023-10-31,QN07,0.0,0.0,0.0,1,0,Low,0,0,0.0,0.0,0.6764126901771681,1,0
QN0701,College Point,Queens,20.81,44,9.13,46,19.26,38,1032956.4409,6.1005,0,0,0,0,0,2023-11-30,QN07,0.0,0.0,0.0,1,0,Low,0,0,0.0,0.0,0.6764126901771681,1,0
QN0701,College Point,Queens,20.81,44,9.13,46,19.26,38,1032956.4409,6.1005,0,0,0,0,0,2023-12-31,QN07,0.0,0.0,0.0,1,0,Low,0,0,0.0,0.0,0.6764126901771681,1,0
QN0701,College Point,Queens,20.81,44,9.13,46,19.26,38,1032956.4409,6.1005,0,0,0,0,0,2024-01-31,QN07,0.0,0.0,0.0,1,0,Low,0,0,0.0,0.0,0.6764126901771681,1,0
QN0701,College Point,Queens,20.81,44,9.13,46,19.26,38,1032956.4409,6.1005,0,0,0,0,0,2024-02-29,QN07,0.0,0.0,0.0,1,0,Low,0,0,0.0,0.0,0.6764126901771681,1,0
QN0701,College Point,Queens,20.81,44,9.13,46,19.26,38,1032956.4409,6.1005,0,0,0,0,0,2024-03-31,QN07,0.0,0.0,0.0,1,0,Low,0,0,0.0,0.0,0.6764126901771681,1,0
QN0701,College Point,Queens,20.81,44,9.13,46,19.26,38,1032956.4409,6.1005,0,0,0,0,0,2024-04-30,QN07,0.0,0.0,0.0,1,0,Low,0,0,0.0,0.0,0.6764126901771681,1,0
QN0701,College Point,Queens,20.81,44,9.13,46,19.26,38,1032956.4409,6.1005,0,0,0,0,0,2024-05-31,QN07,0.0,0.0,0.0,1,0,Low,0,0,0.0,0.0,0.6764126901771681,1,0
QN0701,College Point,Queens,20.81,44,9.13,46,19.26,38,1032956.4409,6.1005,0,0,0,0,0,2024-06-30,QN07,0.0,0.0,0.0,1,0,Low,0,0,0.0,0.0,0.6764126901771681,1,0
QN0701,College Point,Queens,20.81,44,9.13,46,19.26,38,1032956.4409,6.1005,0,0,0,0,0,2024-07-31,QN07,0.0,0.0,0.0,1,0,Low,0,0,0.0,0.0,0.6764126901771681,1,0
QN0701,College Point,Queens,20.81,44,9.13,46,19.26,38,1032956.4409,6.1005,0,0,0,0,0,2024-08-31,QN07,0.0,0.0,0.0,1,0,Low,0,0,0.0,0.0,0.6764126901771681,1,0
QN0701,College Point,Queens,20.81,44,9.13,46,19.26,38,1032956.4409,6.1005,0,0,0,0,0,2024-09-30,QN07,0.0,0.0,0.0,1,0,Low,0,0,0.0,0.0,0.6764126901771681,1,0
QN0701,College Point,Queens,20.81,44,9.13,46,19.26,38,1032956.4409,6.1005,0,0,0,0,0,2024-10-31,QN07,0.0,0.0,0.0,1,0,Low,0,0,0.0,0.0,0.6764126901771681,1,0
QN0701,College Point,Queens,20.81,44,9.13,46,19.26,38,1032956.4409,6.1005,0,0,0,0,0,2024-11-30,QN07,0.0,0.0,0.0,1,0,Low,0,0,0.0,0.0,0.6764126901771681,1,0
QN0701,College Point,Queens,20.81,44,9.13,46,19.26,38,1032956.4409,6.1005,0,0,0,0,0,2024-12-31,QN07,0.0,0.0,0.0,1,0,Low,0,0,0.0,0.0,0.6764126901771681,1,0
QN0704,Murray Hill-Broadway Flushing,Queens,12.37,140,5.45,152,27.11,10,831093.2051,6.0741,1,1,0,1,0,2023-01-31,QN07,0.0,0.0,0.08084074373484236,1,0,Low,0,0,0.6931471805599453,0.07773920470945528,0.6723840625047687,1,0
QN0704,Murray Hill-Broadway Flushing,Queens,12.37,140,5.45,152,27.11,10,831093.2051,6.0741,1,1,0,1,0,2023-02-28,QN07,0.0,0.0,0.08084074373484236,1,0,Low,0,0,0.6931471805599453,0.07773920470945528,0.6723840625047687,1,0
QN0704,Murray Hill-Broadway Flushing,Queens,12.37,140,5.45,152,27.11,10,831093.2051,6.0741,1,1,0,1,0,2023-03-31,QN07,0.0,0.0,0.08084074373484236,1,0,Low,0,0,0.6931471805599453,0.07773920470945528,0.6723840625047687,1,0
QN0704,Murray Hill-Broadway Flushing,Queens,12.37,140,5.45,152,27.11,10,831093.2051,6.0741,1,1,0,1,0,2023-04-30,QN07,0.0,0.0,0.08084074373484236,1,0,Low,0,0,0.6931471805599453,0.07773920470945528,0.6723840625047687,1,0
QN0704,Murray Hill-Broadway Flushing,Queens,12.37,140,5.45,152,27.11,10,831093.2051,6.0741,1,1,0,1,0,2023-05-31,QN07,0.0,0.0,0.08084074373484236,1,0,Low,0,0,0.6931471805599453,0.07773920470945528,0.6723840625047687,1,0
QN0704,Murray Hill-Broadway Flushing,Queens,12.37,140,5.45,152,27.11,10,831093.2051,6.0741,1,1,0,1,0,2023-06-30,QN07,0.0,0.0,0.08084074373484236,1,0,Low,0,0,0.6931471805599453,0.07773920470945528,0.6723840625047687,1,0
QN0704,Murray Hill-Broadway Flushing,Queens,12.37,140,5.45,152,27.11,10,831093.2051,6.0741,1,1,0,1,0,2023-07-31,QN07,0.0,0.0,0.08084074373484236,1,0,Low,0,0,0.6931471805599453,0.07773920470945528,0.6723840625047687,1,0
QN0704,Murray Hill-Broadway Flushing,Queens,12.37,140,5.45,152,27.11,10,831093.2051,6.0741,1,1,0,1,0,2023-08-31,QN07,0.0,0.0,0.08084074373484236,1,0,Low,0,0,0.6931471805599453,0.07773920470945528,0.6723840625047687,1,0
QN0704,Murray Hill-Broadway Flushing,Queens,12.37,140,5.45,152,27.11,10,831093.2051,6.0741,1,1,0,1,0,2023-09-30,QN07,0.0,0.0,0.08084074373484236,1,0,Low,0,0,0.6931471805599453,0.07773920470945528,0.6723840625047687,1,0
QN0704,Murray Hill-Broadway Flushing,Queens,12.37,140,5.45,152,27.11,10,831093.2051,6.0741,1,1,0,1,0,2023-10-31,QN07,0.0,0.0,0.08084074373484236,1,0,Low,0,0,0.6931471805599453,0.07773920470945528,0.6723840625047687,1,0
QN0704,Murray Hill-Broadway Flushing,Queens,12.37,140,5.45,152,27.11,10,831093.2051,6.0741,1,1,0,1,0,2023-11-30,QN07,0.0,0.0,0.08084074373484236,1,0,Low,0,0,0.6931471805599453,0.07773920470945528,0.6723840625047687,1,0
QN0704,Murray Hill-Broadway Flushing,Queens,12.37,140,5.45,152,27.11,10,831093.2051,6.0741,1,1,0,1,0,2023-12-31,QN07,0.0,0.0,0.08084074373484236,1,0,Low,0,0,0.6931471805599453,0.07773920470945528,0.6723840625047687,1,0
QN0704,Murray Hill-Broadway Flushing,Queens,12.37,140,5.45,152,27.11,10,831093.2051,6.0741,1,1,0,1,0,2024-01-31,QN07,0.0,0.0,0.08084074373484236,1,0,Low,0,0,0.6931471805599453,0.07773920470945528,0.6723840625047687,1,0
QN0704,Murray Hill-Broadway Flushing,Queens,12.37,140,5.45,152,27.11,10,831093.2051,6.0741,1,1,0,1,0,2024-02-29,QN07,0.0,0.0,0.08084074373484236,1,0,Low,0,0,0.6931471805599453,0.07773920470945528,0.6723840625047687,1,0
QN0704,Murray Hill-Broadway Flushing,Queens,12.37,140,5.45,152,27.11,10,831093.2051,6.0741,1,1,0,1,0,2024-03-31,QN07,0.0,0.0,0.08084074373484236,1,0,Low,0,0,0.6931471805599453,0.07773920470945528,0.6723840625047687,1,0
QN0704,Murray Hill-Broadway Flushing,Queens,12.37,140,5.45,152,27.11,10,831093.2051,6.0741,1,1,0,1,0,2024-04-30,QN07,0.0,0.0,0.08084074373484236,1,0,Low,0,0,0.6931471805599453,0.07773920470945528,0.6723840625047687,1,0
QN0704,Murray Hill-Broadway Flushing,Queens,12.37,140,5.45,152,27.11,10,831093.2051,6.0741,1,1,0,1,0,2024-05-31,QN07,0.0,0.0,0.08084074373484236,1,0,Low,0,0,0.6931471805599453,0.07773920470945528,0.6723840625047687,1,0
QN0704,Murray Hill-Broadway Flushing,Queens,12.37,140,5.45,152,27.11,10,831093.2051,6.0741,1,1,0,1,0,2024-06-30,QN07,0.0,0.0,0.08084074373484236,1,0,Low,0,0,0.6931471805599453,0.07773920470945528,0.6723840625047687,1,0
QN0704,Murray Hill-Broadway Flushing,Queens,12.37,140,5.45,152,27.11,10,831093.2051,6.0741,1,1,0,1,0,2024-07-31,QN07,0.0,0.0,0.08084074373484236,1,0,Low,0,0,0.6931471805599453,0.07773920470945528,0.6723840625047687,1,0
QN0704,Murray Hill-Broadway Flushing,Queens,12.37,140,5.45,152,27.11,10,831093.2051,6.0741,1,1,0,1,0,2024-08-31,QN07,0.0,0.0,0.08084074373484236,1,0,Low,0,0,0.6931471805599453,0.07773920470945528,0.6723840625047687,1,0
QN0704,Murray Hill-Broadway Flushing,Queens,12.37,140,5.45,152,27.11,10,831093.2051,6.0741,1,1,0,1,0,2024-09-30,QN07,0.0,0.0,0.08084074373484236,1,0,Low,0,0,0.6931471805599453,0.07773920470945528,0.6723840625047687,1,0
QN0704,Murray Hill-Broadway Flushing,Queens,12.37,140,5.45,152,27.11,10,831093.2051,6.0741,1,1,0,1,0,2024-10-31,QN07,0.0,0.0,0.08084074373484236,1,0,Low,0,0,0.6931471805599453,0.07773920470945528,0.6723840625047687,1,0
QN0704,Murray Hill-Broadway Flushing,Queens,12.37,140,5.45,152,27.11,10,831093.2051,6.0741,1,1,0,1,0,2024-11-30,QN07,0.0,0.0,0.08084074373484236,1,0,Low,0,0,0.6931471805599453,0.07773920470945528,0.6723840625047687,1,0
QN0704,Murray Hill-Broadway Flushing,Queens,12.37,140,5.45,152,27.11,10,831093.2051,6.0741,1,1,0,1,0,2024-12-31,QN07,0.0,0.0,0.08084074373484236,1,0,Low,0,0,0.6931471805599453,0.07773920470945528,0.6723840625047687,1,0
BK1204,Mapleton-Midwood (West),Brooklyn,26.43,21,5.11,162,13.99,109,750828.8393,6.0584,3,2,2,3,0,2023-01-31,BK12,144.0,0.0,0.11350737797956867,1,0,Low,1,0,1.3862943611198906,0.10751483362918357,0.6699882498359554,1,0
BK1204,Mapleton-Midwood (West),Brooklyn,26.43,21,5.11,162,13.99,109,750828.8393,6.0584,3,2,2,3,0,2023-02-28,BK12,143.0,0.0,0.11350737797956867,1,0,Low,1,0,1.3862943611198906,0.10751483362918357,0.6699882498359554,1,0
BK1204,Mapleton-Midwood (West),Brooklyn,26.43,21,5.11,162,13.99,109,750828.8393,6.0584,3,2,2,3,0,2023-03-31,BK12,151.0,0.0,0.11350737797956867,1,0,Low,1,0,1.3862943611198906,0.10751483362918357,0.6699882498359554,1,0
BK1204,Mapleton-Midwood (West),Brooklyn,26.43,21,5.11,162,13.99,109,750828.8393,6.0584,3,2,2,3,0,2023-04-30,BK12,145.0,0.0,0.11350737797956867,1,0,Low,1,0,1.3862943611198906,0.10751483362918357,0.6699882498359554,1,0
BK1204,Mapleton-Midwood (West),Brooklyn,26.43,21,5.11,162,13.99,109,750828.8393,6.0584,3,2,2,3,0,2023-05-31,BK12,138.0,0.0,0.11350737797956867,1,0,Low,1,0,1.3862943611198906,0.10751483362918357,0.6699882498359554,1,0
BK1204,Mapleton-Midwood (West),Brooklyn,26.43,21,5.11,162,13.99,109,750828.8393,6.0584,3,2,2,3,0,2023-06-30,BK12,131.0,0.0,0.11350737797956867,1,0,Low,1,0,1.3862943611198906,0.10751483362918357,0.6699882498359554,1,0
BK1204,Mapleton-Midwood (West),Brooklyn,26.43,21,5.11,162,13.99,109,750828.8393,6.0584,3,2,2,3,0,2023-07-31,BK12,140.0,0.0,0.11350737797956867,1,0,Low,1,0,1.3862943611198906,0.10751483362918357,0.6699882498359554,1,0
BK1204,Mapleton-Midwood (West),Brooklyn,26.43,21,5.11,162,13.99,109,750828.8393,6.0584,3,2,2,3,0,2023-08-31,BK12,144.0,0.0,0.11350737797956867,1,0,Low,1,0,1.3862943611198906,0.10751483362918357,0.6699882498359554,1,0
BK1204,Mapleton-Midwood (West),Brooklyn,26.43,21,5.11,162,13.99,109,750828.8393,6.0584,3,2,2,3,0,2023-09-30,BK12,140.0,0.0,0.11350737797956867,1,0,Low,1,0,1.3862943611198906,0.10751483362918357,0.6699882498359554,1,0
BK1204,Mapleton-Midwood (West),Brooklyn,26.43,21,5.11,162,13.99,109,750828.8393,6.0584,3,2,2,3,0,2023-10-31,BK12,143.0,0.0,0.11350737797956867,1,0,Low,1,0,1.3862943611198906,0.10751483362918357,0.6699882498359554,1,0
BK1204,Mapleton-Midwood (West),Brooklyn,26.43,21,5.11,162,13.99,109,750828.8393,6.0584,3,2,2,3,0,2023-11-30,BK12,133.0,0.0,0.11350737797956867,1,0,Low,1,0,1.3862943611198906,0.10751483362918357,0.6699882498359554,1,0
BK1204,Mapleton-Midwood (West),Brooklyn,26.43,21,5.11,162,13.99,109,750828.8393,6.0584,3,2,2,3,0,2023-12-31,BK12,141.0,0.0,0.11350737797956867,1,0,Low,1,0,1.3862943611198906,0.10751483362918357,0.6699882498359554,1,0
BK1204,Mapleton-Midwood (West),Brooklyn,26.43,21,5.11,162,13.99,109,750828.8393,6.0584,3,2,2,3,0,2024-01-31,BK12,144.0,0.0,0.11350737797956867,1,0,Low,1,0,1.3862943611198906,0.10751483362918357,0.6699882498359554,1,0
BK1204,Mapleton-Midwood (West),Brooklyn,26.43,21,5.11,162,13.99,109,750828.8393,6.0584,3,2,2,3,0,2024-02-29,BK12,142.0,0.0,0.11350737797956867,1,0,Low,1,0,1.3862943611198906,0.10751483362918357,0.6699882498359554,1,0
BK1204,Mapleton-Midwood (West),Brooklyn,26.43,21,5.11,162,13.99,109,750828.8393,6.0584,3,2,2,3,0,2024-03-31,BK12,132.0,0.0,0.11350737797956867,1,0,Low,1,0,1.3862943611198906,0.10751483362918357,0.6699882498359554,1,0
BK1204,Mapleton-Midwood (West),Brooklyn,26.43,21,5.11,162,13.99,109,750828.8393,6.0584,3,2,2,3,0,2024-04-30,BK12,135.0,0.0,0.11350737797956867,1,0,Low,1,0,1.3862943611198906,0.10751483362918357,0.6699882498359554,1,0
BK1204,Mapleton-Midwood (West),Brooklyn,26.43,21,5.11,162,13.99,109,750828.8393,6.0584,3,2,2,3,0,2024-05-31,BK12,127.0,0.0,0.11350737797956867,1,0,Low,1,0,1.3862943611198906,0.10751483362918357,0.6699882498359554,1,0
BK1204,Mapleton-Midwood (West),Brooklyn,26.43,21,5.11,162,13.99,109,750828.8393,6.0584,3,2,2,3,0,2024-06-30,BK12,130.0,0.0,0.11350737797956867,1,0,Low,1,0,1.3862943611198906,0.10751483362918357,0.6699882498359554,1,0
BK1204,Mapleton-Midwood (West),Brooklyn,26.43,21,5.11,162,13.99,109,750828.8393,6.0584,3,2,2,3,0,2024-07-31,BK12,141.0,0.0,0.11350737797956867,1,0,Low,1,0,1.3862943611198906,0.10751483362918357,0.6699882498359554,1,0
BK1204,Mapleton-Midwood (West),Brooklyn,26.43,21,5.11,162,13.99,109,750828.8393,6.0584,3,2,2,3,0,2024-08-31,BK12,129.0,0.0,0.11350737797956867,1,0,Low,1,0,1.3862943611198906,0.10751483362918357,0.6699882498359554,1,0
BK1204,Mapleton-Midwood (West),Brooklyn,26.43,21,5.11,162,13.99,109,750828.8393,6.0584,3,2,2,3,0,2024-09-30,BK12,135.0,0.0,0.11350737797956867,1,0,Low,1,0,1.3862943611198906,0.10751483362918357,0.6699882498359554,1,0
BK1204,Mapleton-Midwood (West),Brooklyn,26.43,21,5.11,162,13.99,109,750828.8393,6.0584,3,2,2,3,0,2024-10-31,BK12,142.0,0.0,0.11350737797956867,1,0,Low,1,0,1.3862943611198906,0.10751483362918357,0.6699882498359554,1,0
BK1204,Mapleton-Midwood (West),Brooklyn,26.43,21,5.11,162,13.99,109,750828.8393,6.0584,3,2,2,3,0,2024-11-30,BK12,138.0,0.0,0.11350737797956867,1,0,Low,1,0,1.3862943611198906,0.10751483362918357,0.6699882498359554,1,0
BK1204,Mapleton-Midwood (West),Brooklyn,26.43,21,5.11,162,13.99,109,750828.8393,6.0584,3,2,2,3,0,2024-12-31,BK12,134.0,0.0,0.11350737797956867,1,0,Low,1,0,1.3862943611198906,0.10751483362918357,0.6699882498359554,1,0
BK1103,Gravesend (West),Brooklyn,16.0,87,8.94,55,21.88,24,749121.5149,6.0331,2,2,1,2,0,2023-01-31,BK11,0.0,0.0,0.125,0,1,High,1,0,1.0986122886681098,0.11778303565638346,0.6661274816499061,0,1
BK1103,Gravesend (West),Brooklyn,16.0,87,8.94,55,21.88,24,749121.5149,6.0331,2,2,1,2,0,2023-02-28,BK11,0.0,0.0,0.125,0,1,High,1,0,1.0986122886681098,0.11778303565638346,0.6661274816499061,0,1
BK1103,Gravesend (West),Brooklyn,16.0,87,8.94,55,21.88,24,749121.5149,6.0331,2,2,1,2,0,2023-03-31,BK11,0.0,0.0,0.125,0,1,High,1,0,1.0986122886681098,0.11778303565638346,0.6661274816499061,0,1
BK1103,Gravesend (West),Brooklyn,16.0,87,8.94,55,21.88,24,749121.5149,6.0331,2,2,1,2,0,2023-04-30,BK11,0.0,0.0,0.125,0,1,High,1,0,1.0986122886681098,0.11778303565638346,0.6661274816499061,0,1
BK1103,Gravesend (West),Brooklyn,16.0,87,8.94,55,21.88,24,749121.5149,6.0331,2,2,1,2,0,2023-05-31,BK11,0.0,0.0,0.125,0,1,High,1,0,1.0986122886681098,0.11778303565638346,0.6661274816499061,0,1
BK1103,Gravesend (West),Brooklyn,16.0,87,8.94,55,21.88,24,749121.5149,6.0331,2,2,1,2,0,2023-06-30,BK11,0.0,0.0,0.125,0,1,High,1,0,1.0986122886681098,0.11778303565638346,0.6661274816499061,0,1
BK1103,Gravesend (West),Brooklyn,16.0,87,8.94,55,21.88,24,749121.5149,6.0331,2,2,1,2,0,2023-07-31,BK11,0.0,0.0,0.125,0,1,High,1,0,1.0986122886681098,0.11778303565638346,0.6661274816499061,0,1
BK1103,Gravesend (West),Brooklyn,16.0,87,8.94,55,21.88,24,749121.5149,6.0331,2,2,1,2,0,2023-08-31,BK11,0.0,0.0,0.125,0,1,High,1,0,1.0986122886681098,0.11778303565638346,0.6661274816499061,0,1
BK1103,Gravesend (West),Brooklyn,16.0,87,8.94,55,21.88,24,749121.5149,6.0331,2,2,1,2,0,2023-09-30,BK11,0.0,0.0,0.125,0,1,High,1,0,1.0986122886681098,0.11778303565638346,0.6661274816499061,0,1
BK1103,Gravesend (West),Brooklyn,16.0,87,8.94,55,21.88,24,749121.5149,6.0331,2,2,1,2,0,2023-10-31,BK11,0.0,0.0,0.125,0,1,High,1,0,1.0986122886681098,0.11778303565638346,0.6661274816499061,0,1
BK1103,Gravesend (West),Brooklyn,16.0,87,8.94,55,21.88,24,749121.5149,6.0331,2,2,1,2,0,2023-11-30,BK11,0.0,0.0,0.125,0,1,High,1,0,1.0986122886681098,0.11778303565638346,0.6661274816499061,0,1
BK1103,Gravesend (West),Brooklyn,16.0,87,8.94,55,21.88,24,749121.5149,6.0331,2,2,1,2,0,2023-12-31,BK11,0.0,0.0,0.125,0,1,High,1,0,1.0986122886681098,0.11778303565638346,0.6661274816499061,0,1
BK1103,Gravesend (West),Brooklyn,16.0,87,8.94,55,21.88,24,749121.5149,6.0331,2,2,1,2,0,2024-01-31,BK11,0.0,0.0,0.125,0,1,High,1,0,1.0986122886681098,0.11778303565638346,0.6661274816499061,0,1
BK1103,Gravesend (West),Brooklyn,16.0,87,8.94,55,21.88,24,749121.5149,6.0331,2,2,1,2,0,2024-02-29,BK11,0.0,0.0,0.125,0,1,High,1,0,1.0986122886681098,0.11778303565638346,0.6661274816499061,0,1
BK1103,Gravesend (West),Brooklyn,16.0,87,8.94,55,21.88,24,749121.5149,6.0331,2,2,1,2,0,2024-03-31,BK11,0.0,0.0,0.125,0,1,High,1,0,1.0986122886681098,0.11778303565638346,0.6661274816499061,0,1
BK1103,Gravesend (West),Brooklyn,16.0,87,8.94,55,21.88,24,749121.5149,6.0331,2,2,1,2,0,2024-04-30,BK11,0.0,0.0,0.125,0,1,High,1,0,1.0986122886681098,0.11778303565638346,0.6661274816499061,0,1
BK1103,Gravesend (West),Brooklyn,16.0,87,8.94,55,21.88,24,749121.5149,6.0331,2,2,1,2,0,2024-05-31,BK11,0.0,0.0,0.125,0,1,High,1,0,1.0986122886681098,0.11778303565638346,0.6661274816499061,0,1
BK1103,Gravesend (West),Brooklyn,16.0,87,8.94,55,21.88,24,749121.5149,6.0331,2,2,1,2,0,2024-06-30,BK11,0.0,0.0,0.125,0,1,High,1,0,1.0986122886681098,0.11778303565638346,0.6661274816499061,0,1
BK1103,Gravesend (West),Brooklyn,16.0,87,8.94,55,21.88,24,749121.5149,6.0331,2,2,1,2,0,2024-07-31,BK11,0.0,0.0,0.125,0,1,High,1,0,1.0986122886681098,0.11778303565638346,0.6661274816499061,0,1
BK1103,Gravesend (West),Brooklyn,16.0,87,8.94,55,21.88,24,749121.5149,6.0331,2,2,1,2,0,2024-08-31,BK11,0.0,0.0,0.125,0,1,High,1,0,1.0986122886681098,0.11778303565638346,0.6661274816499061,0,1
BK1103,Gravesend (West),Brooklyn,16.0,87,8.94,55,21.88,24,749121.5149,6.0331,2,2,1,2,0,2024-09-30,BK11,0.0,0.0,0.125,0,1,High,1,0,1.0986122886681098,0.11778303565638346,0.6661274816499061,0,1
BK1103,Gravesend (West),Brooklyn,16.0,87,8.94,55,21.88,24,749121.5149,6.0331,2,2,1,2,0,2024-10-31,BK11,0.0,0.0,0.125,0,1,High,1,0,1.0986122886681098,0.11778303565638346,0.6661274816499061,0,1
BK1103,Gravesend (West),Brooklyn,16.0,87,8.94,55,21.88,24,749121.5149,6.0331,2,2,1,2,0,2024-11-30,BK11,0.0,0.0,0.125,0,1,High,1,0,1.0986122886681098,0.11778303565638346,0.6661274816499061,0,1
BK1103,Gravesend (West),Brooklyn,16.0,87,8.94,55,21.88,24,749121.5149,6.0331,2,2,1,2,0,2024-12-31,BK11,0.0,0.0,0.125,0,1,High,1,0,1.0986122886681098,0.11778303565638346,0.6661274816499061,0,1
BX0602,Tremont,Bronx,31.25,8,12.47,17,16.4,69,-374790.7404,6.0214,4,4,0,4,0,2023-01-31,BX06,2057.0,1.0,0.128,0,1,High,0,0,1.6094379124341003,0.12044615307586716,0.6643420671132746,0,1
BX0602,Tremont,Bronx,31.25,8,12.47,17,16.4,69,-374790.7404,6.0214,4,4,0,4,0,2023-02-28,BX06,2136.0,1.0,0.128,0,1,High,0,0,1.6094379124341003,0.12044615307586716,0.6643420671132746,0,1
BX0602,Tremont,Bronx,31.25,8,12.47,17,16.4,69,-374790.7404,6.0214,4,4,0,4,0,2023-03-31,BX06,2076.0,1.0,0.128,0,1,High,0,0,1.6094379124341003,0.12044615307586716,0.6643420671132746,0,1
BX0602,Tremont,Bronx,31.25,8,12.47,17,16.4,69,-374790.7404,6.0214,4,4,0,4,0,2023-04-30,BX06,2086.0,1.0,0.128,0,1,High,0,0,1.6094379124341003,0.12044615307586716,0.6643420671132746,0,1
BX0602,Tremont,Bronx,31.25,8,12.47,17,16.4,69,-374790.7404,6.0214,4,4,0,4,0,2023-05-31,BX06,2097.0,1.0,0.128,0,1,High,0,0,1.6094379124341003,0.12044615307586716,0.6643420671132746,0,1
BX0602,Tremont,Bronx,31.25,8,12.47,17,16.4,69,-374790.7404,6.0214,4,4,0,4,0,2023-06-30,BX06,2067.0,1.0,0.128,0,1,High,0,0,1.6094379124341003,0.12044615307586716,0.6643420671132746,0,1
BX0602,Tremont,Bronx,31.25,8,12.47,17,16.4,69,-374790.7404,6.0214,4,4,0,4,0,2023-07-31,BX06,2067.0,1.0,0.128,0,1,High,0,0,1.6094379124341003,0.12044615307586716,0.6643420671132746,0,1
BX0602,Tremont,Bronx,31.25,8,12.47,17,16.4,69,-374790.7404,6.0214,4,4,0,4,0,2023-08-31,BX06,2089.0,1.0,0.128,0,1,High,0,0,1.6094379124341003,0.12044615307586716,0.6643420671132746,0,1
BX0602,Tremont,Bronx,31.25,8,12.47,17,16.4,69,-374790.7404,6.0214,4,4,0,4,0,2023-09-30,BX06,2115.0,1.0,0.128,0,1,High,0,0,1.6094379124341003,0.12044615307586716,0.6643420671132746,0,1
BX0602,Tremont,Bronx,31.25,8,12.47,17,16.4,69,-374790.7404,6.0214,4,4,0,4,0,2023-10-31,BX06,2076.0,1.0,0.128,0,1,High,0,0,1.6094379124341003,0.12044615307586716,0.6643420671132746,0,1
BX0602,Tremont,Bronx,31.25,8,12.47,17,16.4,69,-374790.7404,6.0214,4,4,0,4,0,2023-11-30,BX06,2042.0,1.0,0.128,0,1,High,0,0,1.6094379124341003,0.12044615307586716,0.6643420671132746,0,1
BX0602,Tremont,Bronx,31.25,8,12.47,17,16.4,69,-374790.7404,6.0214,4,4,0,4,0,2023-12-31,BX06,2044.0,1.0,0.128,0,1,High,0,0,1.6094379124341003,0.12044615307586716,0.6643420671132746,0,1
BX0602,Tremont,Bronx,31.25,8,12.47,17,16.4,69,-374790.7404,6.0214,4,4,0,4,0,2024-01-31,BX06,2080.0,1.0,0.128,0,1,High,0,0,1.6094379124341003,0.12044615307586716,0.6643420671132746,0,1
BX0602,Tremont,Bronx,31.25,8,12.47,17,16.4,69,-374790.7404,6.0214,4,4,0,4,0,2024-02-29,BX06,2034.0,1.0,0.128,0,1,High,0,0,1.6094379124341003,0.12044615307586716,0.6643420671132746,0,1
BX0602,Tremont,Bronx,31.25,8,12.47,17,16.4,69,-374790.7404,6.0214,4,4,0,4,0,2024-03-31,BX06,1985.0,1.0,0.128,0,1,High,0,0,1.6094379124341003,0.12044615307586716,0.6643420671132746,0,1
BX0602,Tremont,Bronx,31.25,8,12.47,17,16.4,69,-374790.7404,6.0214,4,4,0,4,0,2024-04-30,BX06,1988.0,1.0,0.128,0,1,High,0,0,1.6094379124341003,0.12044615307586716,0.6643420671132746,0,1
BX0602,Tremont,Bronx,31.25,8,12.47,17,16.4,69,-374790.7404,6.0214,4,4,0,4,0,2024-05-31,BX06,1962.0,1.0,0.128,0,1,High,0,0,1.6094379124341003,0.12044615307586716,0.6643420671132746,0,1
BX0602,Tremont,Bronx,31.25,8,12.47,17,16.4,69,-374790.7404,6.0214,4,4,0,4,0,2024-06-30,BX06,2008.0,1.0,0.128,0,1,High,0,0,1.6094379124341003,0.12044615307586716,0.6643420671132746,0,1
BX0602,Tremont,Bronx,31.25,8,12.47,17,16.4,69,-374790.7404,6.0214,4,4,0,4,0,2024-07-31,BX06,2014.0,1.0,0.128,0,1,High,0,0,1.6094379124341003,0.12044615307586716,0.6643420671132746,0,1
BX0602,Tremont,Bronx,31.25,8,12.47,17,16.4,69,-374790.7404,6.0214,4,4,0,4,0,2024-08-31,BX06,1986.0,1.0,0.128,0,1,High,0,0,1.6094379124341003,0.12044615307586716,0.6643420671132746,0,1
BX0602,Tremont,Bronx,31.25,8,12.47,17,16.4,69,-374790.7404,6.0214,4,4,0,4,0,2024-09-30,BX06,1948.0,1.0,0.128,0,1,High,0,0,1.6094379124341003,0.12044615307586716,0.6643420671132746,0,1
BX0602,Tremont,Bronx,31.25,8,12.47,17,16.4,69,-374790.7404,6.0214,4,4,0,4,0,2024-10-31,BX06,2015.0,1.0,0.128,0,1,High,0,0,1.6094379124341003,0.12044615307586716,0.6643420671132746,0,1
BX0602,Tremont,Bronx,31.25,8,12.47,17,16.4,69,-374790.7404,6.0214,4,4,0,4,0,2024-11-30,BX06,1828.0,1.0,0.128,0,1,High,0,0,1.6094379124341003,0.12044615307586716,0.6643420671132746,0,1
BX0602,Tremont,Bronx,31.25,8,12.47,17,16.4,69,-374790.7404,6.0214,4,4,0,4,0,2024-12-31,BX06,1801.0,1.0,0.128,0,1,High,0,0,1.6094379124341003,0.12044615307586716,0.6643420671132746,0,1
QN1001,South Ozone Park,Queens,12.48,139,9.05,51,17.76,52,-11249.6798,6.0137,4,4,0,4,1,2023-01-31,QN10,0.0,0.0,0.3205128205128205,0,1,High,0,1,1.6094379124341003,0.278020161540044,0.6631670507088249,0,1
QN1001,South Ozone Park,Queens,12.48,139,9.05,51,17.76,52,-11249.6798,6.0137,4,4,0,4,1,2023-02-28,QN10,0.0,0.0,0.3205128205128205,0,1,High,0,1,1.6094379124341003,0.278020161540044,0.6631670507088249,0,1
QN1001,South Ozone Park,Queens,12.48,139,9.05,51,17.76,52,-11249.6798,6.0137,4,4,0,4,1,2023-03-31,QN10,0.0,0.0,0.3205128205128205,0,1,High,0,1,1.6094379124341003,0.278020161540044,0.6631670507088249,0,1
QN1001,South Ozone Park,Queens,12.48,139,9.05,51,17.76,52,-11249.6798,6.0137,4,4,0,4,1,2023-04-30,QN10,0.0,0.0,0.3205128205128205,0,1,High,0,1,1.6094379124341003,0.278020161540044,0.6631670507088249,0,1
QN1001,South Ozone Park,Queens,12.48,139,9.05,51,17.76,52,-11249.6798,6.0137,4,4,0,4,1,2023-05-31,QN10,0.0,0.0,0.3205128205128205,0,1,High,0,1,1.6094379124341003,0.278020161540044,0.6631670507088249,0,1
QN1001,South Ozone Park,Queens,12.48,139,9.05,51,17.76,52,-11249.6798,6.0137,4,4,0,4,1,2023-06-30,QN10,0.0,0.0,0.3205128205128205,0,1,High,0,1,1.6094379124341003,0.278020161540044,0.6631670507088249,0,1
QN1001,South Ozone Park,Queens,12.48,139,9.05,51,17.76,52,-11249.6798,6.0137,4,4,0,4,1,2023-07-31,QN10,0.0,0.0,0.3205128205128205,0,1,High,0,1,1.6094379124341003,0.278020161540044,0.6631670507088249,0,1
QN1001,South Ozone Park,Queens,12.48,139,9.05,51,17.76,52,-11249.6798,6.0137,4,4,0,4,1,2023-08-31,QN10,0.0,0.0,0.3205128205128205,0,1,High,0,1,1.6094379124341003,0.278020161540044,0.6631670507088249,0,1
QN1001,South Ozone Park,Queens,12.48,139,9.05,51,17.76,52,-11249.6798,6.0137,4,4,0,4,1,2023-09-30,QN10,0.0,0.0,0.3205128205128205,0,1,High,0,1,1.6094379124341003,0.278020161540044,0.6631670507088249,0,1
QN1001,South Ozone Park,Queens,12.48,139,9.05,51,17.76,52,-11249.6798,6.0137,4,4,0,4,1,2023-10-31,QN10,0.0,0.0,0.3205128205128205,0,1,High,0,1,1.6094379124341003,0.278020161540044,0.6631670507088249,0,1
QN1001,South Ozone Park,Queens,12.48,139,9.05,51,17.76,52,-11249.6798,6.0137,4,4,0,4,1,2023-11-30,QN10,0.0,0.0,0.3205128205128205,0,1,High,0,1,1.6094379124341003,0.278020161540044,0.6631670507088249,0,1
QN1001,South Ozone Park,Queens,12.48,139,9.05,51,17.76,52,-11249.6798,6.0137,4,4,0,4,1,2023-12-31,QN10,0.0,0.0,0.3205128205128205,0,1,High,0,1,1.6094379124341003,0.278020161540044,0.6631670507088249,0,1
QN1001,South Ozone Park,Queens,12.48,139,9.05,51,17.76,52,-11249.6798,6.0137,4,4,0,4,1,2024-01-31,QN10,0.0,0.0,0.3205128205128205,0,1,High,0,1,1.6094379124341003,0.278020161540044,0.6631670507088249,0,1
QN1001,South Ozone Park,Queens,12.48,139,9.05,51,17.76,52,-11249.6798,6.0137,4,4,0,4,1,2024-02-29,QN10,0.0,0.0,0.3205128205128205,0,1,High,0,1,1.6094379124341003,0.278020161540044,0.6631670507088249,0,1
QN1001,South Ozone Park,Queens,12.48,139,9.05,51,17.76,52,-11249.6798,6.0137,4,4,0,4,1,2024-03-31,QN10,0.0,0.0,0.3205128205128205,0,1,High,0,1,1.6094379124341003,0.278020161540044,0.6631670507088249,0,1
QN1001,South Ozone Park,Queens,12.48,139,9.05,51,17.76,52,-11249.6798,6.0137,4,4,0,4,1,2024-04-30,QN10,0.0,0.0,0.3205128205128205,0,1,High,0,1,1.6094379124341003,0.278020161540044,0.6631670507088249,0,1
QN1001,South Ozone Park,Queens,12.48,139,9.05,51,17.76,52,-11249.6798,6.0137,4,4,0,4,1,2024-05-31,QN10,0.0,0.0,0.3205128205128205,0,1,High,0,1,1.6094379124341003,0.278020161540044,0.6631670507088249,0,1
QN1001,South Ozone Park,Queens,12.48,139,9.05,51,17.76,52,-11249.6798,6.0137,4,4,0,4,1,2024-06-30,QN10,0.0,0.0,0.3205128205128205,0,1,High,0,1,1.6094379124341003,0.278020161540044,0.6631670507088249,0,1
QN1001,South Ozone Park,Queens,12.48,139,9.05,51,17.76,52,-11249.6798,6.0137,4,4,0,4,1,2024-07-31,QN10,0.0,0.0,0.3205128205128205,0,1,High,0,1,1.6094379124341003,0.278020161540044,0.6631670507088249,0,1
QN1001,South Ozone Park,Queens,12.48,139,9.05,51,17.76,52,-11249.6798,6.0137,4,4,0,4,1,2024-08-31,QN10,0.0,0.0,0.3205128205128205,0,1,High,0,1,1.6094379124341003,0.278020161540044,0.6631670507088249,0,1
QN1001,South Ozone Park,Queens,12.48,139,9.05,51,17.76,52,-11249.6798,6.0137,4,4,0,4,1,2024-09-30,QN10,0.0,0.0,0.3205128205128205,0,1,High,0,1,1.6094379124341003,0.278020161540044,0.6631670507088249,0,1
QN1001,South Ozone Park,Queens,12.48,139,9.05,51,17.76,52,-11249.6798,6.0137,4,4,0,4,1,2024-10-31,QN10,0.0,0.0,0.3205128205128205,0,1,High,0,1,1.6094379124341003,0.278020161540044,0.6631670507088249,0,1
QN1001,South Ozone Park,Queens,12.48,139,9.05,51,17.76,52,-11249.6798,6.0137,4,4,0,4,1,2024-11-30,QN10,0.0,0.0,0.3205128205128205,0,1,High,0,1,1.6094379124341003,0.278020161540044,0.6631670507088249,0,1
QN1001,South Ozone Park,Queens,12.48,139,9.05,51,17.76,52,-11249.6798,6.0137,4,4,0,4,1,2024-12-31,QN10,0.0,0.0,0.3205128205128205,0,1,High,0,1,1.6094379124341003,0.278020161540044,0.6631670507088249,0,1
BX0401,Concourse-Concourse Village,Bronx,23.82,31,11.09,26,19.07,39,-651134.1577,5.9755,5,5,0,4,2,2023-01-31,BX04,2238.0,1.0,0.20990764063811923,0,1,High,0,1,1.791759469228055,0.190544026644222,0.6573377485464895,0,1
BX0401,Concourse-Concourse Village,Bronx,23.82,31,11.09,26,19.07,39,-651134.1577,5.9755,5,5,0,4,2,2023-02-28,BX04,2200.0,1.0,0.20990764063811923,0,1,High,0,1,1.791759469228055,0.190544026644222,0.6573377485464895,0,1
BX0401,Concourse-Concourse Village,Bronx,23.82,31,11.09,26,19.07,39,-651134.1577,5.9755,5,5,0,4,2,2023-03-31,BX04,2177.0,1.0,0.20990764063811923,0,1,High,0,1,1.791759469228055,0.190544026644222,0.6573377485464895,0,1
BX0401,Concourse-Concourse Village,Bronx,23.82,31,11.09,26,19.07,39,-651134.1577,5.9755,5,5,0,4,2,2023-04-30,BX04,2189.0,1.0,0.20990764063811923,0,1,High,0,1,1.791759469228055,0.190544026644222,0.6573377485464895,0,1
BX0401,Concourse-Concourse Village,Bronx,23.82,31,11.09,26,19.07,39,-651134.1577,5.9755,5,5,0,4,2,2023-05-31,BX04,2243.0,1.0,0.20990764063811923,0,1,High,0,1,1.791759469228055,0.190544026644222,0.6573377485464895,0,1
BX0401,Concourse-Concourse Village,Bronx,23.82,31,11.09,26,19.07,39,-651134.1577,5.9755,5,5,0,4,2,2023-06-30,BX04,2262.0,1.0,0.20990764063811923,0,1,High,0,1,1.791759469228055,0.190544026644222,0.6573377485464895,0,1
BX0401,Concourse-Concourse Village,Bronx,23.82,31,11.09,26,19.07,39,-651134.1577,5.9755,5,5,0,4,2,2023-07-31,BX04,2221.0,1.0,0.20990764063811923,0,1,High,0,1,1.791759469228055,0.190544026644222,0.6573377485464895,0,1
BX0401,Concourse-Concourse Village,Bronx,23.82,31,11.09,26,19.07,39,-651134.1577,5.9755,5,5,0,4,2,2023-08-31,BX04,2186.0,1.0,0.20990764063811923,0,1,High,0,1,1.791759469228055,0.190544026644222,0.6573377485464895,0,1
BX0401,Concourse-Concourse Village,Bronx,23.82,31,11.09,26,19.07,39,-651134.1577,5.9755,5,5,0,4,2,2023-09-30,BX04,2226.0,1.0,0.20990764063811923,0,1,High,0,1,1.791759469228055,0.190544026644222,0.6573377485464895,0,1
BX0401,Concourse-Concourse Village,Bronx,23.82,31,11.09,26,19.07,39,-651134.1577,5.9755,5,5,0,4,2,2023-10-31,BX04,2214.0,1.0,0.20990764063811923,0,1,High,0,1,1.791759469228055,0.190544026644222,0.6573377485464895,0,1
BX0401,Concourse-Concourse Village,Bronx,23.82,31,11.09,26,19.07,39,-651134.1577,5.9755,5,5,0,4,2,2023-11-30,BX04,2198.0,1.0,0.20990764063811923,0,1,High,0,1,1.791759469228055,0.190544026644222,0.6573377485464895,0,1
BX0401,Concourse-Concourse Village,Bronx,23.82,31,11.09,26,19.07,39,-651134.1577,5.9755,5,5,0,4,2,2023-12-31,BX04,2198.0,1.0,0.20990764063811923,0,1,High,0,1,1.791759469228055,0.190544026644222,0.6573377485464895,0,1
BX0401,Concourse-Concourse Village,Bronx,23.82,31,11.09,26,19.07,39,-651134.1577,5.9755,5,5,0,4,2,2024-01-31,BX04,2169.0,1.0,0.20990764063811923,0,1,High,0,1,1.791759469228055,0.190544026644222,0.6573377485464895,0,1
BX0401,Concourse-Concourse Village,Bronx,23.82,31,11.09,26,19.07,39,-651134.1577,5.9755,5,5,0,4,2,2024-02-29,BX04,2167.0,1.0,0.20990764063811923,0,1,High,0,1,1.791759469228055,0.190544026644222,0.6573377485464895,0,1
BX0401,Concourse-Concourse Village,Bronx,23.82,31,11.09,26,19.07,39,-651134.1577,5.9755,5,5,0,4,2,2024-03-31,BX04,2149.0,1.0,0.20990764063811923,0,1,High,0,1,1.791759469228055,0.190544026644222,0.6573377485464895,0,1
BX0401,Concourse-Concourse Village,Bronx,23.82,31,11.09,26,19.07,39,-651134.1577,5.9755,5,5,0,4,2,2024-04-30,BX04,2134.0,1.0,0.20990764063811923,0,1,High,0,1,1.791759469228055,0.190544026644222,0.6573377485464895,0,1
BX0401,Concourse-Concourse Village,Bronx,23.82,31,11.09,26,19.07,39,-651134.1577,5.9755,5,5,0,4,2,2024-05-31,BX04,2120.0,1.0,0.20990764063811923,0,1,High,0,1,1.791759469228055,0.190544026644222,0.6573377485464895,0,1
BX0401,Concourse-Concourse Village,Bronx,23.82,31,11.09,26,19.07,39,-651134.1577,5.9755,5,5,0,4,2,2024-06-30,BX04,2115.0,1.0,0.20990764063811923,0,1,High,0,1,1.791759469228055,0.190544026644222,0.6573377485464895,0,1
BX0401,Concourse-Concourse Village,Bronx,23.82,31,11.09,26,19.07,39,-651134.1577,5.9755,5,5,0,4,2,2024-07-31,BX04,2124.0,1.0,0.20990764063811923,0,1,High,0,1,1.791759469228055,0.190544026644222,0.6573377485464895,0,1
BX0401,Concourse-Concourse Village,Bronx,23.82,31,11.09,26,19.07,39,-651134.1577,5.9755,5,5,0,4,2,2024-08-31,BX04,2122.0,1.0,0.20990764063811923,0,1,High,0,1,1.791759469228055,0.190544026644222,0.6573377485464895,0,1
BX0401,Concourse-Concourse Village,Bronx,23.82,31,11.09,26,19.07,39,-651134.1577,5.9755,5,5,0,4,2,2024-09-30,BX04,2169.0,1.0,0.20990764063811923,0,1,High,0,1,1.791759469228055,0.190544026644222,0.6573377485464895,0,1
BX0401,Concourse-Concourse Village,Bronx,23.82,31,11.09,26,19.07,39,-651134.1577,5.9755,5,5,0,4,2,2024-10-31,BX04,2222.0,1.0,0.20990764063811923,0,1,High,0,1,1.791759469228055,0.190544026644222,0.6573377485464895,0,1
BX0401,Concourse-Concourse Village,Bronx,23.82,31,11.09,26,19.07,39,-651134.1577,5.9755,5,5,0,4,2,2024-11-30,BX04,2133.0,1.0,0.20990764063811923,0,1,High,0,1,1.791759469228055,0.190544026644222,0.6573377485464895,0,1
BX0401,Concourse-Concourse Village,Bronx,23.82,31,11.09,26,19.07,39,-651134.1577,5.9755,5,5,0,4,2,2024-12-31,BX04,2143.0,1.0,0.20990764063811923,0,1,High,0,1,1.791759469228055,0.190544026644222,0.6573377485464895,0,1
BK1201,Sunset Park (East)-Borough Park (West),Brooklyn,16.11,85,9.13,47,29.07,8,556183.1125,5.9516,0,0,0,0,0,2023-01-31,BK12,144.0,0.0,0.0,0,0,Low,0,0,0.0,0.0,0.6536906197067036,1,0
BK1201,Sunset Park (East)-Borough Park (West),Brooklyn,16.11,85,9.13,47,29.07,8,556183.1125,5.9516,0,0,0,0,0,2023-02-28,BK12,143.0,0.0,0.0,0,0,Low,0,0,0.0,0.0,0.6536906197067036,1,0
BK1201,Sunset Park (East)-Borough Park (West),Brooklyn,16.11,85,9.13,47,29.07,8,556183.1125,5.9516,0,0,0,0,0,2023-03-31,BK12,151.0,0.0,0.0,0,0,Low,0,0,0.0,0.0,0.6536906197067036,1,0
BK1201,Sunset Park (East)-Borough Park (West),Brooklyn,16.11,85,9.13,47,29.07,8,556183.1125,5.9516,0,0,0,0,0,2023-04-30,BK12,145.0,0.0,0.0,0,0,Low,0,0,0.0,0.0,0.6536906197067036,1,0
BK1201,Sunset Park (East)-Borough Park (West),Brooklyn,16.11,85,9.13,47,29.07,8,556183.1125,5.9516,0,0,0,0,0,2023-05-31,BK12,138.0,0.0,0.0,0,0,Low,0,0,0.0,0.0,0.6536906197067036,1,0
BK1201,Sunset Park (East)-Borough Park (West),Brooklyn,16.11,85,9.13,47,29.07,8,556183.1125,5.9516,0,0,0,0,0,2023-06-30,BK12,131.0,0.0,0.0,0,0,Low,0,0,0.0,0.0,0.6536906197067036,1,0
BK1201,Sunset Park (East)-Borough Park (West),Brooklyn,16.11,85,9.13,47,29.07,8,556183.1125,5.9516,0,0,0,0,0,2023-07-31,BK12,140.0,0.0,0.0,0,0,Low,0,0,0.0,0.0,0.6536906197067036,1,0
BK1201,Sunset Park (East)-Borough Park (West),Brooklyn,16.11,85,9.13,47,29.07,8,556183.1125,5.9516,0,0,0,0,0,2023-08-31,BK12,144.0,0.0,0.0,0,0,Low,0,0,0.0,0.0,0.6536906197067036,1,0
BK1201,Sunset Park (East)-Borough Park (West),Brooklyn,16.11,85,9.13,47,29.07,8,556183.1125,5.9516,0,0,0,0,0,2023-09-30,BK12,140.0,0.0,0.0,0,0,Low,0,0,0.0,0.0,0.6536906197067036,1,0
BK1201,Sunset Park (East)-Borough Park (West),Brooklyn,16.11,85,9.13,47,29.07,8,556183.1125,5.9516,0,0,0,0,0,2023-10-31,BK12,143.0,0.0,0.0,0,0,Low,0,0,0.0,0.0,0.6536906197067036,1,0
BK1201,Sunset Park (East)-Borough Park (West),Brooklyn,16.11,85,9.13,47,29.07,8,556183.1125,5.9516,0,0,0,0,0,2023-11-30,BK12,133.0,0.0,0.0,0,0,Low,0,0,0.0,0.0,0.6536906197067036,1,0
BK1201,Sunset Park (East)-Borough Park (West),Brooklyn,16.11,85,9.13,47,29.07,8,556183.1125,5.9516,0,0,0,0,0,2023-12-31,BK12,141.0,0.0,0.0,0,0,Low,0,0,0.0,0.0,0.6536906197067036,1,0
BK1201,Sunset Park (East)-Borough Park (West),Brooklyn,16.11,85,9.13,47,29.07,8,556183.1125,5.9516,0,0,0,0,0,2024-01-31,BK12,144.0,0.0,0.0,0,0,Low,0,0,0.0,0.0,0.6536906197067036,1,0
BK1201,Sunset Park (East)-Borough Park (West),Brooklyn,16.11,85,9.13,47,29.07,8,556183.1125,5.9516,0,0,0,0,0,2024-02-29,BK12,142.0,0.0,0.0,0,0,Low,0,0,0.0,0.0,0.6536906197067036,1,0
BK1201,Sunset Park (East)-Borough Park (West),Brooklyn,16.11,85,9.13,47,29.07,8,556183.1125,5.9516,0,0,0,0,0,2024-03-31,BK12,132.0,0.0,0.0,0,0,Low,0,0,0.0,0.0,0.6536906197067036,1,0
BK1201,Sunset Park (East)-Borough Park (West),Brooklyn,16.11,85,9.13,47,29.07,8,556183.1125,5.9516,0,0,0,0,0,2024-04-30,BK12,135.0,0.0,0.0,0,0,Low,0,0,0.0,0.0,0.6536906197067036,1,0
BK1201,Sunset Park (East)-Borough Park (West),Brooklyn,16.11,85,9.13,47,29.07,8,556183.1125,5.9516,0,0,0,0,0,2024-05-31,BK12,127.0,0.0,0.0,0,0,Low,0,0,0.0,0.0,0.6536906197067036,1,0
BK1201,Sunset Park (East)-Borough Park (West),Brooklyn,16.11,85,9.13,47,29.07,8,556183.1125,5.9516,0,0,0,0,0,2024-06-30,BK12,130.0,0.0,0.0,0,0,Low,0,0,0.0,0.0,0.6536906197067036,1,0
BK1201,Sunset Park (East)-Borough Park (West),Brooklyn,16.11,85,9.13,47,29.07,8,556183.1125,5.9516,0,0,0,0,0,2024-07-31,BK12,141.0,0.0,0.0,0,0,Low,0,0,0.0,0.0,0.6536906197067036,1,0
BK1201,Sunset Park (East)-Borough Park (West),Brooklyn,16.11,85,9.13,47,29.07,8,556183.1125,5.9516,0,0,0,0,0,2024-08-31,BK12,129.0,0.0,0.0,0,0,Low,0,0,0.0,0.0,0.6536906197067036,1,0
BK1201,Sunset Park (East)-Borough Park (West),Brooklyn,16.11,85,9.13,47,29.07,8,556183.1125,5.9516,0,0,0,0,0,2024-09-30,BK12,135.0,0.0,0.0,0,0,Low,0,0,0.0,0.0,0.6536906197067036,1,0
BK1201,Sunset Park (East)-Borough Park (West),Brooklyn,16.11,85,9.13,47,29.07,8,556183.1125,5.9516,0,0,0,0,0,2024-10-31,BK12,142.0,0.0,0.0,0,0,Low,0,0,0.0,0.0,0.6536906197067036,1,0
BK1201,Sunset Park (East)-Borough Park (West),Brooklyn,16.11,85,9.13,47,29.07,8,556183.1125,5.9516,0,0,0,0,0,2024-11-30,BK12,138.0,0.0,0.0,0,0,Low,0,0,0.0,0.0,0.6536906197067036,1,0
BK1201,Sunset Park (East)-Borough Park (West),Brooklyn,16.11,85,9.13,47,29.07,8,556183.1125,5.9516,0,0,0,0,0,2024-12-31,BK12,134.0,0.0,0.0,0,0,Low,0,0,0.0,0.0,0.6536906197067036,1,0
BK0401,Bushwick (West),Brooklyn,16.53,81,7.12,103,16.01,80,256139.4679,5.9503,1,1,0,1,0,2023-01-31,BK04,833.0,1.0,0.060496067755595885,0,0,Low,0,0,0.6931471805599453,0.05873678710021032,0.6534922403137448,1,0
BK0401,Bushwick (West),Brooklyn,16.53,81,7.12,103,16.01,80,256139.4679,5.9503,1,1,0,1,0,2023-02-28,BK04,821.0,1.0,0.060496067755595885,0,0,Low,0,0,0.6931471805599453,0.05873678710021032,0.6534922403137448,1,0
BK0401,Bushwick (West),Brooklyn,16.53,81,7.12,103,16.01,80,256139.4679,5.9503,1,1,0,1,0,2023-03-31,BK04,818.0,1.0,0.060496067755595885,0,0,Low,0,0,0.6931471805599453,0.05873678710021032,0.6534922403137448,1,0
BK0401,Bushwick (West),Brooklyn,16.53,81,7.12,103,16.01,80,256139.4679,5.9503,1,1,0,1,0,2023-04-30,BK04,851.0,1.0,0.060496067755595885,0,0,Low,0,0,0.6931471805599453,0.05873678710021032,0.6534922403137448,1,0
BK0401,Bushwick (West),Brooklyn,16.53,81,7.12,103,16.01,80,256139.4679,5.9503,1,1,0,1,0,2023-05-31,BK04,832.0,1.0,0.060496067755595885,0,0,Low,0,0,0.6931471805599453,0.05873678710021032,0.6534922403137448,1,0
BK0401,Bushwick (West),Brooklyn,16.53,81,7.12,103,16.01,80,256139.4679,5.9503,1,1,0,1,0,2023-06-30,BK04,853.0,1.0,0.060496067755595885,0,0,Low,0,0,0.6931471805599453,0.05873678710021032,0.6534922403137448,1,0
BK0401,Bushwick (West),Brooklyn,16.53,81,7.12,103,16.01,80,256139.4679,5.9503,1,1,0,1,0,2023-07-31,BK04,823.0,1.0,0.060496067755595885,0,0,Low,0,0,0.6931471805599453,0.05873678710021032,0.6534922403137448,1,0
BK0401,Bushwick (West),Brooklyn,16.53,81,7.12,103,16.01,80,256139.4679,5.9503,1,1,0,1,0,2023-08-31,BK04,824.0,1.0,0.060496067755595885,0,0,Low,0,0,0.6931471805599453,0.05873678710021032,0.6534922403137448,1,0
BK0401,Bushwick (West),Brooklyn,16.53,81,7.12,103,16.01,80,256139.4679,5.9503,1,1,0,1,0,2023-09-30,BK04,841.0,1.0,0.060496067755595885,0,0,Low,0,0,0.6931471805599453,0.05873678710021032,0.6534922403137448,1,0
BK0401,Bushwick (West),Brooklyn,16.53,81,7.12,103,16.01,80,256139.4679,5.9503,1,1,0,1,0,2023-10-31,BK04,824.0,1.0,0.060496067755595885,0,0,Low,0,0,0.6931471805599453,0.05873678710021032,0.6534922403137448,1,0
BK0401,Bushwick (West),Brooklyn,16.53,81,7.12,103,16.01,80,256139.4679,5.9503,1,1,0,1,0,2023-11-30,BK04,805.0,1.0,0.060496067755595885,0,0,Low,0,0,0.6931471805599453,0.05873678710021032,0.6534922403137448,1,0
BK0401,Bushwick (West),Brooklyn,16.53,81,7.12,103,16.01,80,256139.4679,5.9503,1,1,0,1,0,2023-12-31,BK04,792.0,1.0,0.060496067755595885,0,0,Low,0,0,0.6931471805599453,0.05873678710021032,0.6534922403137448,1,0
BK0401,Bushwick (West),Brooklyn,16.53,81,7.12,103,16.01,80,256139.4679,5.9503,1,1,0,1,0,2024-01-31,BK04,812.0,1.0,0.060496067755595885,0,0,Low,0,0,0.6931471805599453,0.05873678710021032,0.6534922403137448,1,0
BK0401,Bushwick (West),Brooklyn,16.53,81,7.12,103,16.01,80,256139.4679,5.9503,1,1,0,1,0,2024-02-29,BK04,777.0,0.0,0.060496067755595885,0,0,Low,0,0,0.6931471805599453,0.05873678710021032,0.6534922403137448,1,0
BK0401,Bushwick (West),Brooklyn,16.53,81,7.12,103,16.01,80,256139.4679,5.9503,1,1,0,1,0,2024-03-31,BK04,794.0,1.0,0.060496067755595885,0,0,Low,0,0,0.6931471805599453,0.05873678710021032,0.6534922403137448,1,0
BK0401,Bushwick (West),Brooklyn,16.53,81,7.12,103,16.01,80,256139.4679,5.9503,1,1,0,1,0,2024-04-30,BK04,801.0,1.0,0.060496067755595885,0,0,Low,0,0,0.6931471805599453,0.05873678710021032,0.6534922403137448,1,0
BK0401,Bushwick (West),Brooklyn,16.53,81,7.12,103,16.01,80,256139.4679,5.9503,1,1,0,1,0,2024-05-31,BK04,784.0,1.0,0.060496067755595885,0,0,Low,0,0,0.6931471805599453,0.05873678710021032,0.6534922403137448,1,0
BK0401,Bushwick (West),Brooklyn,16.53,81,7.12,103,16.01,80,256139.4679,5.9503,1,1,0,1,0,2024-06-30,BK04,787.0,1.0,0.060496067755595885,0,0,Low,0,0,0.6931471805599453,0.05873678710021032,0.6534922403137448,1,0
BK0401,Bushwick (West),Brooklyn,16.53,81,7.12,103,16.01,80,256139.4679,5.9503,1,1,0,1,0,2024-07-31,BK04,782.0,0.0,0.060496067755595885,0,0,Low,0,0,0.6931471805599453,0.05873678710021032,0.6534922403137448,1,0
BK0401,Bushwick (West),Brooklyn,16.53,81,7.12,103,16.01,80,256139.4679,5.9503,1,1,0,1,0,2024-08-31,BK04,767.0,0.0,0.060496067755595885,0,0,Low,0,0,0.6931471805599453,0.05873678710021032,0.6534922403137448,1,0
BK0401,Bushwick (West),Brooklyn,16.53,81,7.12,103,16.01,80,256139.4679,5.9503,1,1,0,1,0,2024-09-30,BK04,777.0,0.0,0.060496067755595885,0,0,Low,0,0,0.6931471805599453,0.05873678710021032,0.6534922403137448,1,0
BK0401,Bushwick (West),Brooklyn,16.53,81,7.12,103,16.01,80,256139.4679,5.9503,1,1,0,1,0,2024-10-31,BK04,831.0,1.0,0.060496067755595885,0,0,Low,0,0,0.6931471805599453,0.05873678710021032,0.6534922403137448,1,0
BK0401,Bushwick (West),Brooklyn,16.53,81,7.12,103,16.01,80,256139.4679,5.9503,1,1,0,1,0,2024-11-30,BK04,848.0,1.0,0.060496067755595885,0,0,Low,0,0,0.6931471805599453,0.05873678710021032,0.6534922403137448,1,0
BK0401,Bushwick (West),Brooklyn,16.53,81,7.12,103,16.01,80,256139.4679,5.9503,1,1,0,1,0,2024-12-31,BK04,838.0,1.0,0.060496067755595885,0,0,Low,0,0,0.6931471805599453,0.05873678710021032,0.6534922403137448,1,0
BK1501,Gravesend (East)-Homecrest,Brooklyn,17.61,69,7.22,95,17.25,57,1033946.3546,5.9463,1,1,0,1,0,2023-01-31,BK15,204.0,0.0,0.05678591709256105,0,0,Low,0,0,0.6931471805599453,0.05523214814604462,0.6528818421815628,1,0
BK1501,Gravesend (East)-Homecrest,Brooklyn,17.61,69,7.22,95,17.25,57,1033946.3546,5.9463,1,1,0,1,0,2023-02-28,BK15,204.0,0.0,0.05678591709256105,0,0,Low,0,0,0.6931471805599453,0.05523214814604462,0.6528818421815628,1,0
BK1501,Gravesend (East)-Homecrest,Brooklyn,17.61,69,7.22,95,17.25,57,1033946.3546,5.9463,1,1,0,1,0,2023-03-31,BK15,191.0,0.0,0.05678591709256105,0,0,Low,0,0,0.6931471805599453,0.05523214814604462,0.6528818421815628,1,0
BK1501,Gravesend (East)-Homecrest,Brooklyn,17.61,69,7.22,95,17.25,57,1033946.3546,5.9463,1,1,0,1,0,2023-04-30,BK15,196.0,0.0,0.05678591709256105,0,0,Low,0,0,0.6931471805599453,0.05523214814604462,0.6528818421815628,1,0
BK1501,Gravesend (East)-Homecrest,Brooklyn,17.61,69,7.22,95,17.25,57,1033946.3546,5.9463,1,1,0,1,0,2023-05-31,BK15,368.0,0.0,0.05678591709256105,0,0,Low,0,0,0.6931471805599453,0.05523214814604462,0.6528818421815628,1,0
BK1501,Gravesend (East)-Homecrest,Brooklyn,17.61,69,7.22,95,17.25,57,1033946.3546,5.9463,1,1,0,1,0,2023-06-30,BK15,363.0,0.0,0.05678591709256105,0,0,Low,0,0,0.6931471805599453,0.05523214814604462,0.6528818421815628,1,0
BK1501,Gravesend (East)-Homecrest,Brooklyn,17.61,69,7.22,95,17.25,57,1033946.3546,5.9463,1,1,0,1,0,2023-07-31,BK15,346.0,0.0,0.05678591709256105,0,0,Low,0,0,0.6931471805599453,0.05523214814604462,0.6528818421815628,1,0
BK1501,Gravesend (East)-Homecrest,Brooklyn,17.61,69,7.22,95,17.25,57,1033946.3546,5.9463,1,1,0,1,0,2023-08-31,BK15,335.0,0.0,0.05678591709256105,0,0,Low,0,0,0.6931471805599453,0.05523214814604462,0.6528818421815628,1,0
BK1501,Gravesend (East)-Homecrest,Brooklyn,17.61,69,7.22,95,17.25,57,1033946.3546,5.9463,1,1,0,1,0,2023-09-30,BK15,347.0,0.0,0.05678591709256105,0,0,Low,0,0,0.6931471805599453,0.05523214814604462,0.6528818421815628,1,0
BK1501,Gravesend (East)-Homecrest,Brooklyn,17.61,69,7.22,95,17.25,57,1033946.3546,5.9463,1,1,0,1,0,2023-10-31,BK15,529.0,0.0,0.05678591709256105,0,0,Low,0,0,0.6931471805599453,0.05523214814604462,0.6528818421815628,1,0
BK1501,Gravesend (East)-Homecrest,Brooklyn,17.61,69,7.22,95,17.25,57,1033946.3546,5.9463,1,1,0,1,0,2023-11-30,BK15,519.0,0.0,0.05678591709256105,0,0,Low,0,0,0.6931471805599453,0.05523214814604462,0.6528818421815628,1,0
BK1501,Gravesend (East)-Homecrest,Brooklyn,17.61,69,7.22,95,17.25,57,1033946.3546,5.9463,1,1,0,1,0,2023-12-31,BK15,496.0,0.0,0.05678591709256105,0,0,Low,0,0,0.6931471805599453,0.05523214814604462,0.6528818421815628,1,0
BK1501,Gravesend (East)-Homecrest,Brooklyn,17.61,69,7.22,95,17.25,57,1033946.3546,5.9463,1,1,0,1,0,2024-01-31,BK15,499.0,0.0,0.05678591709256105,0,0,Low,0,0,0.6931471805599453,0.05523214814604462,0.6528818421815628,1,0
BK1501,Gravesend (East)-Homecrest,Brooklyn,17.61,69,7.22,95,17.25,57,1033946.3546,5.9463,1,1,0,1,0,2024-02-29,BK15,499.0,0.0,0.05678591709256105,0,0,Low,0,0,0.6931471805599453,0.05523214814604462,0.6528818421815628,1,0
BK1501,Gravesend (East)-Homecrest,Brooklyn,17.61,69,7.22,95,17.25,57,1033946.3546,5.9463,1,1,0,1,0,2024-03-31,BK15,469.0,0.0,0.05678591709256105,0,0,Low,0,0,0.6931471805599453,0.05523214814604462,0.6528818421815628,1,0
BK1501,Gravesend (East)-Homecrest,Brooklyn,17.61,69,7.22,95,17.25,57,1033946.3546,5.9463,1,1,0,1,0,2024-04-30,BK15,471.0,0.0,0.05678591709256105,0,0,Low,0,0,0.6931471805599453,0.05523214814604462,0.6528818421815628,1,0
BK1501,Gravesend (East)-Homecrest,Brooklyn,17.61,69,7.22,95,17.25,57,1033946.3546,5.9463,1,1,0,1,0,2024-05-31,BK15,468.0,0.0,0.05678591709256105,0,0,Low,0,0,0.6931471805599453,0.05523214814604462,0.6528818421815628,1,0
BK1501,Gravesend (East)-Homecrest,Brooklyn,17.61,69,7.22,95,17.25,57,1033946.3546,5.9463,1,1,0,1,0,2024-06-30,BK15,191.0,0.0,0.05678591709256105,0,0,Low,0,0,0.6931471805599453,0.05523214814604462,0.6528818421815628,1,0
BK1501,Gravesend (East)-Homecrest,Brooklyn,17.61,69,7.22,95,17.25,57,1033946.3546,5.9463,1,1,0,1,0,2024-07-31,BK15,204.0,0.0,0.05678591709256105,0,0,Low,0,0,0.6931471805599453,0.05523214814604462,0.6528818421815628,1,0
BK1501,Gravesend (East)-Homecrest,Brooklyn,17.61,69,7.22,95,17.25,57,1033946.3546,5.9463,1,1,0,1,0,2024-08-31,BK15,189.0,0.0,0.05678591709256105,0,0,Low,0,0,0.6931471805599453,0.05523214814604462,0.6528818421815628,1,0
BK1501,Gravesend (East)-Homecrest,Brooklyn,17.61,69,7.22,95,17.25,57,1033946.3546,5.9463,1,1,0,1,0,2024-09-30,BK15,196.0,0.0,0.05678591709256105,0,0,Low,0,0,0.6931471805599453,0.05523214814604462,0.6528818421815628,1,0
BK1501,Gravesend (East)-Homecrest,Brooklyn,17.61,69,7.22,95,17.25,57,1033946.3546,5.9463,1,1,0,1,0,2024-10-31,BK15,194.0,0.0,0.05678591709256105,0,0,Low,0,0,0.6931471805599453,0.05523214814604462,0.6528818421815628,1,0
BK1501,Gravesend (East)-Homecrest,Brooklyn,17.61,69,7.22,95,17.25,57,1033946.3546,5.9463,1,1,0,1,0,2024-11-30,BK15,187.0,0.0,0.05678591709256105,0,0,Low,0,0,0.6931471805599453,0.05523214814604462,0.6528818421815628,1,0
BK1501,Gravesend (East)-Homecrest,Brooklyn,17.61,69,7.22,95,17.25,57,1033946.3546,5.9463,1,1,0,1,0,2024-12-31,BK15,182.0,0.0,0.05678591709256105,0,0,Low,0,0,0.6931471805599453,0.05523214814604462,0.6528818421815628,1,0
BK1202,Borough Park,Brooklyn,19.68,52,7.53,85,12.12,152,617741.4649,5.9452,1,1,1,1,0,2023-01-31,BK12,144.0,0.0,0.0508130081300813,0,0,Low,1,0,0.6931471805599453,0.04956415801612102,0.652713982695213,1,0
BK1202,Borough Park,Brooklyn,19.68,52,7.53,85,12.12,152,617741.4649,5.9452,1,1,1,1,0,2023-02-28,BK12,143.0,0.0,0.0508130081300813,0,0,Low,1,0,0.6931471805599453,0.04956415801612102,0.652713982695213,1,0
BK1202,Borough Park,Brooklyn,19.68,52,7.53,85,12.12,152,617741.4649,5.9452,1,1,1,1,0,2023-03-31,BK12,151.0,0.0,0.0508130081300813,0,0,Low,1,0,0.6931471805599453,0.04956415801612102,0.652713982695213,1,0
BK1202,Borough Park,Brooklyn,19.68,52,7.53,85,12.12,152,617741.4649,5.9452,1,1,1,1,0,2023-04-30,BK12,145.0,0.0,0.0508130081300813,0,0,Low,1,0,0.6931471805599453,0.04956415801612102,0.652713982695213,1,0
BK1202,Borough Park,Brooklyn,19.68,52,7.53,85,12.12,152,617741.4649,5.9452,1,1,1,1,0,2023-05-31,BK12,138.0,0.0,0.0508130081300813,0,0,Low,1,0,0.6931471805599453,0.04956415801612102,0.652713982695213,1,0
BK1202,Borough Park,Brooklyn,19.68,52,7.53,85,12.12,152,617741.4649,5.9452,1,1,1,1,0,2023-06-30,BK12,131.0,0.0,0.0508130081300813,0,0,Low,1,0,0.6931471805599453,0.04956415801612102,0.652713982695213,1,0
BK1202,Borough Park,Brooklyn,19.68,52,7.53,85,12.12,152,617741.4649,5.9452,1,1,1,1,0,2023-07-31,BK12,140.0,0.0,0.0508130081300813,0,0,Low,1,0,0.6931471805599453,0.04956415801612102,0.652713982695213,1,0
BK1202,Borough Park,Brooklyn,19.68,52,7.53,85,12.12,152,617741.4649,5.9452,1,1,1,1,0,2023-08-31,BK12,144.0,0.0,0.0508130081300813,0,0,Low,1,0,0.6931471805599453,0.04956415801612102,0.652713982695213,1,0
BK1202,Borough Park,Brooklyn,19.68,52,7.53,85,12.12,152,617741.4649,5.9452,1,1,1,1,0,2023-09-30,BK12,140.0,0.0,0.0508130081300813,0,0,Low,1,0,0.6931471805599453,0.04956415801612102,0.652713982695213,1,0
BK1202,Borough Park,Brooklyn,19.68,52,7.53,85,12.12,152,617741.4649,5.9452,1,1,1,1,0,2023-10-31,BK12,143.0,0.0,0.0508130081300813,0,0,Low,1,0,0.6931471805599453,0.04956415801612102,0.652713982695213,1,0
BK1202,Borough Park,Brooklyn,19.68,52,7.53,85,12.12,152,617741.4649,5.9452,1,1,1,1,0,2023-11-30,BK12,133.0,0.0,0.0508130081300813,0,0,Low,1,0,0.6931471805599453,0.04956415801612102,0.652713982695213,1,0
BK1202,Borough Park,Brooklyn,19.68,52,7.53,85,12.12,152,617741.4649,5.9452,1,1,1,1,0,2023-12-31,BK12,141.0,0.0,0.0508130081300813,0,0,Low,1,0,0.6931471805599453,0.04956415801612102,0.652713982695213,1,0
BK1202,Borough Park,Brooklyn,19.68,52,7.53,85,12.12,152,617741.4649,5.9452,1,1,1,1,0,2024-01-31,BK12,144.0,0.0,0.0508130081300813,0,0,Low,1,0,0.6931471805599453,0.04956415801612102,0.652713982695213,1,0
BK1202,Borough Park,Brooklyn,19.68,52,7.53,85,12.12,152,617741.4649,5.9452,1,1,1,1,0,2024-02-29,BK12,142.0,0.0,0.0508130081300813,0,0,Low,1,0,0.6931471805599453,0.04956415801612102,0.652713982695213,1,0
BK1202,Borough Park,Brooklyn,19.68,52,7.53,85,12.12,152,617741.4649,5.9452,1,1,1,1,0,2024-03-31,BK12,132.0,0.0,0.0508130081300813,0,0,Low,1,0,0.6931471805599453,0.04956415801612102,0.652713982695213,1,0
BK1202,Borough Park,Brooklyn,19.68,52,7.53,85,12.12,152,617741.4649,5.9452,1,1,1,1,0,2024-04-30,BK12,135.0,0.0,0.0508130081300813,0,0,Low,1,0,0.6931471805599453,0.04956415801612102,0.652713982695213,1,0
BK1202,Borough Park,Brooklyn,19.68,52,7.53,85,12.12,152,617741.4649,5.9452,1,1,1,1,0,2024-05-31,BK12,127.0,0.0,0.0508130081300813,0,0,Low,1,0,0.6931471805599453,0.04956415801612102,0.652713982695213,1,0
BK1202,Borough Park,Brooklyn,19.68,52,7.53,85,12.12,152,617741.4649,5.9452,1,1,1,1,0,2024-06-30,BK12,130.0,0.0,0.0508130081300813,0,0,Low,1,0,0.6931471805599453,0.04956415801612102,0.652713982695213,1,0
BK1202,Borough Park,Brooklyn,19.68,52,7.53,85,12.12,152,617741.4649,5.9452,1,1,1,1,0,2024-07-31,BK12,141.0,0.0,0.0508130081300813,0,0,Low,1,0,0.6931471805599453,0.04956415801612102,0.652713982695213,1,0
BK1202,Borough Park,Brooklyn,19.68,52,7.53,85,12.12,152,617741.4649,5.9452,1,1,1,1,0,2024-08-31,BK12,129.0,0.0,0.0508130081300813,0,0,Low,1,0,0.6931471805599453,0.04956415801612102,0.652713982695213,1,0
BK1202,Borough Park,Brooklyn,19.68,52,7.53,85,12.12,152,617741.4649,5.9452,1,1,1,1,0,2024-09-30,BK12,135.0,0.0,0.0508130081300813,0,0,Low,1,0,0.6931471805599453,0.04956415801612102,0.652713982695213,1,0
BK1202,Borough Park,Brooklyn,19.68,52,7.53,85,12.12,152,617741.4649,5.9452,1,1,1,1,0,2024-10-31,BK12,142.0,0.0,0.0508130081300813,0,0,Low,1,0,0.6931471805599453,0.04956415801612102,0.652713982695213,1,0
BK1202,Borough Park,Brooklyn,19.68,52,7.53,85,12.12,152,617741.4649,5.9452,1,1,1,1,0,2024-11-30,BK12,138.0,0.0,0.0508130081300813,0,0,Low,1,0,0.6931471805599453,0.04956415801612102,0.652713982695213,1,0
BK1202,Borough Park,Brooklyn,19.68,52,7.53,85,12.12,152,617741.4649,5.9452,1,1,1,1,0,2024-12-31,BK12,134.0,0.0,0.0508130081300813,0,0,Low,1,0,0.6931471805599453,0.04956415801612102,0.652713982695213,1,0
MN0901,Morningside Heights,Manhattan,22.18,38,10.0,34,18.8,40,-132096.4368,5.8745,7,4,3,6,1,2023-01-31,MN09,731.0,0.0,0.3155996393146979,0,1,High,1,1,2.0794415416798357,0.2742925611724186,0.641925195708901,0,1
MN0901,Morningside Heights,Manhattan,22.18,38,10.0,34,18.8,40,-132096.4368,5.8745,7,4,3,6,1,2023-02-28,MN09,710.0,0.0,0.3155996393146979,0,1,High,1,1,2.0794415416798357,0.2742925611724186,0.641925195708901,0,1
MN0901,Morningside Heights,Manhattan,22.18,38,10.0,34,18.8,40,-132096.4368,5.8745,7,4,3,6,1,2023-03-31,MN09,712.0,0.0,0.3155996393146979,0,1,High,1,1,2.0794415416798357,0.2742925611724186,0.641925195708901,0,1
MN0901,Morningside Heights,Manhattan,22.18,38,10.0,34,18.8,40,-132096.4368,5.8745,7,4,3,6,1,2023-04-30,MN09,724.0,0.0,0.3155996393146979,0,1,High,1,1,2.0794415416798357,0.2742925611724186,0.641925195708901,0,1
MN0901,Morningside Heights,Manhattan,22.18,38,10.0,34,18.8,40,-132096.4368,5.8745,7,4,3,6,1,2023-05-31,MN09,745.0,0.0,0.3155996393146979,0,1,High,1,1,2.0794415416798357,0.2742925611724186,0.641925195708901,0,1
MN0901,Morningside Heights,Manhattan,22.18,38,10.0,34,18.8,40,-132096.4368,5.8745,7,4,3,6,1,2023-06-30,MN09,745.0,0.0,0.3155996393146979,0,1,High,1,1,2.0794415416798357,0.2742925611724186,0.641925195708901,0,1
MN0901,Morningside Heights,Manhattan,22.18,38,10.0,34,18.8,40,-132096.4368,5.8745,7,4,3,6,1,2023-07-31,MN09,772.0,0.0,0.3155996393146979,0,1,High,1,1,2.0794415416798357,0.2742925611724186,0.641925195708901,0,1
MN0901,Morningside Heights,Manhattan,22.18,38,10.0,34,18.8,40,-132096.4368,5.8745,7,4,3,6,1,2023-08-31,MN09,754.0,0.0,0.3155996393146979,0,1,High,1,1,2.0794415416798357,0.2742925611724186,0.641925195708901,0,1
MN0901,Morningside Heights,Manhattan,22.18,38,10.0,34,18.8,40,-132096.4368,5.8745,7,4,3,6,1,2023-09-30,MN09,774.0,0.0,0.3155996393146979,0,1,High,1,1,2.0794415416798357,0.2742925611724186,0.641925195708901,0,1
MN0901,Morningside Heights,Manhattan,22.18,38,10.0,34,18.8,40,-132096.4368,5.8745,7,4,3,6,1,2023-10-31,MN09,777.0,0.0,0.3155996393146979,0,1,High,1,1,2.0794415416798357,0.2742925611724186,0.641925195708901,0,1
MN0901,Morningside Heights,Manhattan,22.18,38,10.0,34,18.8,40,-132096.4368,5.8745,7,4,3,6,1,2023-11-30,MN09,750.0,0.0,0.3155996393146979,0,1,High,1,1,2.0794415416798357,0.2742925611724186,0.641925195708901,0,1
MN0901,Morningside Heights,Manhattan,22.18,38,10.0,34,18.8,40,-132096.4368,5.8745,7,4,3,6,1,2023-12-31,MN09,764.0,0.0,0.3155996393146979,0,1,High,1,1,2.0794415416798357,0.2742925611724186,0.641925195708901,0,1
MN0901,Morningside Heights,Manhattan,22.18,38,10.0,34,18.8,40,-132096.4368,5.8745,7,4,3,6,1,2024-01-31,MN09,744.0,0.0,0.3155996393146979,0,1,High,1,1,2.0794415416798357,0.2742925611724186,0.641925195708901,0,1
MN0901,Morningside Heights,Manhattan,22.18,38,10.0,34,18.8,40,-132096.4368,5.8745,7,4,3,6,1,2024-02-29,MN09,737.0,0.0,0.3155996393146979,0,1,High,1,1,2.0794415416798357,0.2742925611724186,0.641925195708901,0,1
MN0901,Morningside Heights,Manhattan,22.18,38,10.0,34,18.8,40,-132096.4368,5.8745,7,4,3,6,1,2024-03-31,MN09,747.0,0.0,0.3155996393146979,0,1,High,1,1,2.0794415416798357,0.2742925611724186,0.641925195708901,0,1
MN0901,Morningside Heights,Manhattan,22.18,38,10.0,34,18.8,40,-132096.4368,5.8745,7,4,3,6,1,2024-04-30,MN09,707.0,0.0,0.3155996393146979,0,1,High,1,1,2.0794415416798357,0.2742925611724186,0.641925195708901,0,1
MN0901,Morningside Heights,Manhattan,22.18,38,10.0,34,18.8,40,-132096.4368,5.8745,7,4,3,6,1,2024-05-31,MN09,680.0,0.0,0.3155996393146979,0,1,High,1,1,2.0794415416798357,0.2742925611724186,0.641925195708901,0,1
MN0901,Morningside Heights,Manhattan,22.18,38,10.0,34,18.8,40,-132096.4368,5.8745,7,4,3,6,1,2024-06-30,MN09,690.0,0.0,0.3155996393146979,0,1,High,1,1,2.0794415416798357,0.2742925611724186,0.641925195708901,0,1
MN0901,Morningside Heights,Manhattan,22.18,38,10.0,34,18.8,40,-132096.4368,5.8745,7,4,3,6,1,2024-07-31,MN09,694.0,0.0,0.3155996393146979,0,1,High,1,1,2.0794415416798357,0.2742925611724186,0.641925195708901,0,1
MN0901,Morningside Heights,Manhattan,22.18,38,10.0,34,18.8,40,-132096.4368,5.8745,7,4,3,6,1,2024-08-31,MN09,709.0,0.0,0.3155996393146979,0,1,High,1,1,2.0794415416798357,0.2742925611724186,0.641925195708901,0,1
MN0901,Morningside Heights,Manhattan,22.18,38,10.0,34,18.8,40,-132096.4368,5.8745,7,4,3,6,1,2024-09-30,MN09,691.0,0.0,0.3155996393146979,0,1,High,1,1,2.0794415416798357,0.2742925611724186,0.641925195708901,0,1
MN0901,Morningside Heights,Manhattan,22.18,38,10.0,34,18.8,40,-132096.4368,5.8745,7,4,3,6,1,2024-10-31,MN09,692.0,0.0,0.3155996393146979,0,1,High,1,1,2.0794415416798357,0.2742925611724186,0.641925195708901,0,1
MN0901,Morningside Heights,Manhattan,22.18,38,10.0,34,18.8,40,-132096.4368,5.8745,7,4,3,6,1,2024-11-30,MN09,684.0,0.0,0.3155996393146979,0,1,High,1,1,2.0794415416798357,0.2742925611724186,0.641925195708901,0,1
MN0901,Morningside Heights,Manhattan,22.18,38,10.0,34,18.8,40,-132096.4368,5.8745,7,4,3,6,1,2024-12-31,MN09,673.0,0.0,0.3155996393146979,0,1,High,1,1,2.0794415416798357,0.2742925611724186,0.641925195708901,0,1
QN0707,Flushing-Willets Point,Queens,15.96,88,6.67,118,36.52,2,365502.9772,5.8683,1,1,0,1,0,2023-01-31,QN07,0.0,0.0,0.06265664160401002,0,0,Low,0,0,0.6931471805599453,0.060772038342094305,0.6409790786040195,1,0
QN0707,Flushing-Willets Point,Queens,15.96,88,6.67,118,36.52,2,365502.9772,5.8683,1,1,0,1,0,2023-02-28,QN07,0.0,0.0,0.06265664160401002,0,0,Low,0,0,0.6931471805599453,0.060772038342094305,0.6409790786040195,1,0
QN0707,Flushing-Willets Point,Queens,15.96,88,6.67,118,36.52,2,365502.9772,5.8683,1,1,0,1,0,2023-03-31,QN07,0.0,0.0,0.06265664160401002,0,0,Low,0,0,0.6931471805599453,0.060772038342094305,0.6409790786040195,1,0
QN0707,Flushing-Willets Point,Queens,15.96,88,6.67,118,36.52,2,365502.9772,5.8683,1,1,0,1,0,2023-04-30,QN07,0.0,0.0,0.06265664160401002,0,0,Low,0,0,0.6931471805599453,0.060772038342094305,0.6409790786040195,1,0
QN0707,Flushing-Willets Point,Queens,15.96,88,6.67,118,36.52,2,365502.9772,5.8683,1,1,0,1,0,2023-05-31,QN07,0.0,0.0,0.06265664160401002,0,0,Low,0,0,0.6931471805599453,0.060772038342094305,0.6409790786040195,1,0
QN0707,Flushing-Willets Point,Queens,15.96,88,6.67,118,36.52,2,365502.9772,5.8683,1,1,0,1,0,2023-06-30,QN07,0.0,0.0,0.06265664160401002,0,0,Low,0,0,0.6931471805599453,0.060772038342094305,0.6409790786040195,1,0
QN0707,Flushing-Willets Point,Queens,15.96,88,6.67,118,36.52,2,365502.9772,5.8683,1,1,0,1,0,2023-07-31,QN07,0.0,0.0,0.06265664160401002,0,0,Low,0,0,0.6931471805599453,0.060772038342094305,0.6409790786040195,1,0
QN0707,Flushing-Willets Point,Queens,15.96,88,6.67,118,36.52,2,365502.9772,5.8683,1,1,0,1,0,2023-08-31,QN07,0.0,0.0,0.06265664160401002,0,0,Low,0,0,0.6931471805599453,0.060772038342094305,0.6409790786040195,1,0
QN0707,Flushing-Willets Point,Queens,15.96,88,6.67,118,36.52,2,365502.9772,5.8683,1,1,0,1,0,2023-09-30,QN07,0.0,0.0,0.06265664160401002,0,0,Low,0,0,0.6931471805599453,0.060772038342094305,0.6409790786040195,1,0
QN0707,Flushing-Willets Point,Queens,15.96,88,6.67,118,36.52,2,365502.9772,5.8683,1,1,0,1,0,2023-10-31,QN07,0.0,0.0,0.06265664160401002,0,0,Low,0,0,0.6931471805599453,0.060772038342094305,0.6409790786040195,1,0
QN0707,Flushing-Willets Point,Queens,15.96,88,6.67,118,36.52,2,365502.9772,5.8683,1,1,0,1,0,2023-11-30,QN07,0.0,0.0,0.06265664160401002,0,0,Low,0,0,0.6931471805599453,0.060772038342094305,0.6409790786040195,1,0
QN0707,Flushing-Willets Point,Queens,15.96,88,6.67,118,36.52,2,365502.9772,5.8683,1,1,0,1,0,2023-12-31,QN07,0.0,0.0,0.06265664160401002,0,0,Low,0,0,0.6931471805599453,0.060772038342094305,0.6409790786040195,1,0
QN0707,Flushing-Willets Point,Queens,15.96,88,6.67,118,36.52,2,365502.9772,5.8683,1,1,0,1,0,2024-01-31,QN07,0.0,0.0,0.06265664160401002,0,0,Low,0,0,0.6931471805599453,0.060772038342094305,0.6409790786040195,1,0
QN0707,Flushing-Willets Point,Queens,15.96,88,6.67,118,36.52,2,365502.9772,5.8683,1,1,0,1,0,2024-02-29,QN07,0.0,0.0,0.06265664160401002,0,0,Low,0,0,0.6931471805599453,0.060772038342094305,0.6409790786040195,1,0
QN0707,Flushing-Willets Point,Queens,15.96,88,6.67,118,36.52,2,365502.9772,5.8683,1,1,0,1,0,2024-03-31,QN07,0.0,0.0,0.06265664160401002,0,0,Low,0,0,0.6931471805599453,0.060772038342094305,0.6409790786040195,1,0
QN0707,Flushing-Willets Point,Queens,15.96,88,6.67,118,36.52,2,365502.9772,5.8683,1,1,0,1,0,2024-04-30,QN07,0.0,0.0,0.06265664160401002,0,0,Low,0,0,0.6931471805599453,0.060772038342094305,0.6409790786040195,1,0
QN0707,Flushing-Willets Point,Queens,15.96,88,6.67,118,36.52,2,365502.9772,5.8683,1,1,0,1,0,2024-05-31,QN07,0.0,0.0,0.06265664160401002,0,0,Low,0,0,0.6931471805599453,0.060772038342094305,0.6409790786040195,1,0
QN0707,Flushing-Willets Point,Queens,15.96,88,6.67,118,36.52,2,365502.9772,5.8683,1,1,0,1,0,2024-06-30,QN07,0.0,0.0,0.06265664160401002,0,0,Low,0,0,0.6931471805599453,0.060772038342094305,0.6409790786040195,1,0
QN0707,Flushing-Willets Point,Queens,15.96,88,6.67,118,36.52,2,365502.9772,5.8683,1,1,0,1,0,2024-07-31,QN07,0.0,0.0,0.06265664160401002,0,0,Low,0,0,0.6931471805599453,0.060772038342094305,0.6409790786040195,1,0
QN0707,Flushing-Willets Point,Queens,15.96,88,6.67,118,36.52,2,365502.9772,5.8683,1,1,0,1,0,2024-08-31,QN07,0.0,0.0,0.06265664160401002,0,0,Low,0,0,0.6931471805599453,0.060772038342094305,0.6409790786040195,1,0
QN0707,Flushing-Willets Point,Queens,15.96,88,6.67,118,36.52,2,365502.9772,5.8683,1,1,0,1,0,2024-09-30,QN07,0.0,0.0,0.06265664160401002,0,0,Low,0,0,0.6931471805599453,0.060772038342094305,0.6409790786040195,1,0
QN0707,Flushing-Willets Point,Queens,15.96,88,6.67,118,36.52,2,365502.9772,5.8683,1,1,0,1,0,2024-10-31,QN07,0.0,0.0,0.06265664160401002,0,0,Low,0,0,0.6931471805599453,0.060772038342094305,0.6409790786040195,1,0
QN0707,Flushing-Willets Point,Queens,15.96,88,6.67,118,36.52,2,365502.9772,5.8683,1,1,0,1,0,2024-11-30,QN07,0.0,0.0,0.06265664160401002,0,0,Low,0,0,0.6931471805599453,0.060772038342094305,0.6409790786040195,1,0
QN0707,Flushing-Willets Point,Queens,15.96,88,6.67,118,36.52,2,365502.9772,5.8683,1,1,0,1,0,2024-12-31,QN07,0.0,0.0,0.06265664160401002,0,0,Low,0,0,0.6931471805599453,0.060772038342094305,0.6409790786040195,1,0
QN0103,Astoria (Central),Queens,11.65,150,6.82,114,16.1,77,589411.2964,5.8564,0,0,0,0,0,2023-01-31,QN01,1356.0,1.0,0.0,0,0,Low,0,0,0.0,0.0,0.6391631441607787,1,0
QN0103,Astoria (Central),Queens,11.65,150,6.82,114,16.1,77,589411.2964,5.8564,0,0,0,0,0,2023-02-28,QN01,376.0,0.0,0.0,0,0,Low,0,0,0.0,0.0,0.6391631441607787,1,0
QN0103,Astoria (Central),Queens,11.65,150,6.82,114,16.1,77,589411.2964,5.8564,0,0,0,0,0,2023-03-31,QN01,596.0,0.0,0.0,0,0,Low,0,0,0.0,0.0,0.6391631441607787,1,0
QN0103,Astoria (Central),Queens,11.65,150,6.82,114,16.1,77,589411.2964,5.8564,0,0,0,0,0,2023-04-30,QN01,617.0,0.0,0.0,0,0,Low,0,0,0.0,0.0,0.6391631441607787,1,0
QN0103,Astoria (Central),Queens,11.65,150,6.82,114,16.1,77,589411.2964,5.8564,0,0,0,0,0,2023-05-31,QN01,581.0,0.0,0.0,0,0,Low,0,0,0.0,0.0,0.6391631441607787,1,0
QN0103,Astoria (Central),Queens,11.65,150,6.82,114,16.1,77,589411.2964,5.8564,0,0,0,0,0,2023-06-30,QN01,611.0,0.0,0.0,0,0,Low,0,0,0.0,0.0,0.6391631441607787,1,0
QN0103,Astoria (Central),Queens,11.65,150,6.82,114,16.1,77,589411.2964,5.8564,0,0,0,0,0,2023-07-31,QN01,597.0,0.0,0.0,0,0,Low,0,0,0.0,0.0,0.6391631441607787,1,0
QN0103,Astoria (Central),Queens,11.65,150,6.82,114,16.1,77,589411.2964,5.8564,0,0,0,0,0,2023-08-31,QN01,928.0,1.0,0.0,0,0,Low,0,0,0.0,0.0,0.6391631441607787,1,0
QN0103,Astoria (Central),Queens,11.65,150,6.82,114,16.1,77,589411.2964,5.8564,0,0,0,0,0,2023-09-30,QN01,961.0,1.0,0.0,0,0,Low,0,0,0.0,0.0,0.6391631441607787,1,0
QN0103,Astoria (Central),Queens,11.65,150,6.82,114,16.1,77,589411.2964,5.8564,0,0,0,0,0,2023-10-31,QN01,972.0,1.0,0.0,0,0,Low,0,0,0.0,0.0,0.6391631441607787,1,0
QN0103,Astoria (Central),Queens,11.65,150,6.82,114,16.1,77,589411.2964,5.8564,0,0,0,0,0,2023-11-30,QN01,982.0,1.0,0.0,0,0,Low,0,0,0.0,0.0,0.6391631441607787,1,0
QN0103,Astoria (Central),Queens,11.65,150,6.82,114,16.1,77,589411.2964,5.8564,0,0,0,0,0,2023-12-31,QN01,947.0,1.0,0.0,0,0,Low,0,0,0.0,0.0,0.6391631441607787,1,0
QN0103,Astoria (Central),Queens,11.65,150,6.82,114,16.1,77,589411.2964,5.8564,0,0,0,0,0,2024-01-31,QN01,739.0,0.0,0.0,0,0,Low,0,0,0.0,0.0,0.6391631441607787,1,0
QN0103,Astoria (Central),Queens,11.65,150,6.82,114,16.1,77,589411.2964,5.8564,0,0,0,0,0,2024-02-29,QN01,725.0,0.0,0.0,0,0,Low,0,0,0.0,0.0,0.6391631441607787,1,0
QN0103,Astoria (Central),Queens,11.65,150,6.82,114,16.1,77,589411.2964,5.8564,0,0,0,0,0,2024-03-31,QN01,727.0,0.0,0.0,0,0,Low,0,0,0.0,0.0,0.6391631441607787,1,0
QN0103,Astoria (Central),Queens,11.65,150,6.82,114,16.1,77,589411.2964,5.8564,0,0,0,0,0,2024-04-30,QN01,709.0,0.0,0.0,0,0,Low,0,0,0.0,0.0,0.6391631441607787,1,0
QN0103,Astoria (Central),Queens,11.65,150,6.82,114,16.1,77,589411.2964,5.8564,0,0,0,0,0,2024-05-31,QN01,665.0,0.0,0.0,0,0,Low,0,0,0.0,0.0,0.6391631441607787,1,0
QN0103,Astoria (Central),Queens,11.65,150,6.82,114,16.1,77,589411.2964,5.8564,0,0,0,0,0,2024-06-30,QN01,352.0,0.0,0.0,0,0,Low,0,0,0.0,0.0,0.6391631441607787,1,0
QN0103,Astoria (Central),Queens,11.65,150,6.82,114,16.1,77,589411.2964,5.8564,0,0,0,0,0,2024-07-31,QN01,344.0,0.0,0.0,0,0,Low,0,0,0.0,0.0,0.6391631441607787,1,0
QN0103,Astoria (Central),Queens,11.65,150,6.82,114,16.1,77,589411.2964,5.8564,0,0,0,0,0,2024-08-31,QN01,356.0,0.0,0.0,0,0,Low,0,0,0.0,0.0,0.6391631441607787,1,0
QN0103,Astoria (Central),Queens,11.65,150,6.82,114,16.1,77,589411.2964,5.8564,0,0,0,0,0,2024-09-30,QN01,362.0,0.0,0.0,0,0,Low,0,0,0.0,0.0,0.6391631441607787,1,0
QN0103,Astoria (Central),Queens,11.65,150,6.82,114,16.1,77,589411.2964,5.8564,0,0,0,0,0,2024-10-31,QN01,319.0,0.0,0.0,0,0,Low,0,0,0.0,0.0,0.6391631441607787,1,0
QN0103,Astoria (Central),Queens,11.65,150,6.82,114,16.1,77,589411.2964,5.8564,0,0,0,0,0,2024-11-30,QN01,320.0,0.0,0.0,0,0,Low,0,0,0.0,0.0,0.6391631441607787,1,0
QN0103,Astoria (Central),Queens,11.65,150,6.82,114,16.1,77,589411.2964,5.8564,0,0,0,0,0,2024-12-31,QN01,313.0,0.0,0.0,0,0,Low,0,0,0.0,0.0,0.6391631441607787,1,0
QN0501,Maspeth,Queens,11.58,151,6.87,112,18.05,45,500753.8188,5.8532,0,0,0,0,0,2023-01-31,QN05,285.0,0.0,0.0,0,0,Low,0,0,0.0,0.0,0.6386748256550334,1,0
QN0501,Maspeth,Queens,11.58,151,6.87,112,18.05,45,500753.8188,5.8532,0,0,0,0,0,2023-02-28,QN05,283.0,0.0,0.0,0,0,Low,0,0,0.0,0.0,0.6386748256550334,1,0
QN0501,Maspeth,Queens,11.58,151,6.87,112,18.05,45,500753.8188,5.8532,0,0,0,0,0,2023-03-31,QN05,289.0,0.0,0.0,0,0,Low,0,0,0.0,0.0,0.6386748256550334,1,0
QN0501,Maspeth,Queens,11.58,151,6.87,112,18.05,45,500753.8188,5.8532,0,0,0,0,0,2023-04-30,QN05,289.0,0.0,0.0,0,0,Low,0,0,0.0,0.0,0.6386748256550334,1,0
QN0501,Maspeth,Queens,11.58,151,6.87,112,18.05,45,500753.8188,5.8532,0,0,0,0,0,2023-05-31,QN05,279.0,0.0,0.0,0,0,Low,0,0,0.0,0.0,0.6386748256550334,1,0
QN0501,Maspeth,Queens,11.58,151,6.87,112,18.05,45,500753.8188,5.8532,0,0,0,0,0,2023-06-30,QN05,285.0,0.0,0.0,0,0,Low,0,0,0.0,0.0,0.6386748256550334,1,0
QN0501,Maspeth,Queens,11.58,151,6.87,112,18.05,45,500753.8188,5.8532,0,0,0,0,0,2023-07-31,QN05,287.0,0.0,0.0,0,0,Low,0,0,0.0,0.0,0.6386748256550334,1,0
QN0501,Maspeth,Queens,11.58,151,6.87,112,18.05,45,500753.8188,5.8532,0,0,0,0,0,2023-08-31,QN05,286.0,0.0,0.0,0,0,Low,0,0,0.0,0.0,0.6386748256550334,1,0
QN0501,Maspeth,Queens,11.58,151,6.87,112,18.05,45,500753.8188,5.8532,0,0,0,0,0,2023-09-30,QN05,276.0,0.0,0.0,0,0,Low,0,0,0.0,0.0,0.6386748256550334,1,0
QN0501,Maspeth,Queens,11.58,151,6.87,112,18.05,45,500753.8188,5.8532,0,0,0,0,0,2023-10-31,QN05,274.0,0.0,0.0,0,0,Low,0,0,0.0,0.0,0.6386748256550334,1,0
QN0501,Maspeth,Queens,11.58,151,6.87,112,18.05,45,500753.8188,5.8532,0,0,0,0,0,2023-11-30,QN05,265.0,0.0,0.0,0,0,Low,0,0,0.0,0.0,0.6386748256550334,1,0
QN0501,Maspeth,Queens,11.58,151,6.87,112,18.05,45,500753.8188,5.8532,0,0,0,0,0,2023-12-31,QN05,261.0,0.0,0.0,0,0,Low,0,0,0.0,0.0,0.6386748256550334,1,0
QN0501,Maspeth,Queens,11.58,151,6.87,112,18.05,45,500753.8188,5.8532,0,0,0,0,0,2024-01-31,QN05,262.0,0.0,0.0,0,0,Low,0,0,0.0,0.0,0.6386748256550334,1,0
QN0501,Maspeth,Queens,11.58,151,6.87,112,18.05,45,500753.8188,5.8532,0,0,0,0,0,2024-02-29,QN05,259.0,0.0,0.0,0,0,Low,0,0,0.0,0.0,0.6386748256550334,1,0
QN0501,Maspeth,Queens,11.58,151,6.87,112,18.05,45,500753.8188,5.8532,0,0,0,0,0,2024-03-31,QN05,255.0,0.0,0.0,0,0,Low,0,0,0.0,0.0,0.6386748256550334,1,0
QN0501,Maspeth,Queens,11.58,151,6.87,112,18.05,45,500753.8188,5.8532,0,0,0,0,0,2024-04-30,QN05,228.0,0.0,0.0,0,0,Low,0,0,0.0,0.0,0.6386748256550334,1,0
QN0501,Maspeth,Queens,11.58,151,6.87,112,18.05,45,500753.8188,5.8532,0,0,0,0,0,2024-05-31,QN05,227.0,0.0,0.0,0,0,Low,0,0,0.0,0.0,0.6386748256550334,1,0
QN0501,Maspeth,Queens,11.58,151,6.87,112,18.05,45,500753.8188,5.8532,0,0,0,0,0,2024-06-30,QN05,246.0,0.0,0.0,0,0,Low,0,0,0.0,0.0,0.6386748256550334,1,0
QN0501,Maspeth,Queens,11.58,151,6.87,112,18.05,45,500753.8188,5.8532,0,0,0,0,0,2024-07-31,QN05,240.0,0.0,0.0,0,0,Low,0,0,0.0,0.0,0.6386748256550334,1,0
QN0501,Maspeth,Queens,11.58,151,6.87,112,18.05,45,500753.8188,5.8532,0,0,0,0,0,2024-08-31,QN05,242.0,0.0,0.0,0,0,Low,0,0,0.0,0.0,0.6386748256550334,1,0
QN0501,Maspeth,Queens,11.58,151,6.87,112,18.05,45,500753.8188,5.8532,0,0,0,0,0,2024-09-30,QN05,234.0,0.0,0.0,0,0,Low,0,0,0.0,0.0,0.6386748256550334,1,0
QN0501,Maspeth,Queens,11.58,151,6.87,112,18.05,45,500753.8188,5.8532,0,0,0,0,0,2024-10-31,QN05,246.0,0.0,0.0,0,0,Low,0,0,0.0,0.0,0.6386748256550334,1,0
QN0501,Maspeth,Queens,11.58,151,6.87,112,18.05,45,500753.8188,5.8532,0,0,0,0,0,2024-11-30,QN05,224.0,0.0,0.0,0,0,Low,0,0,0.0,0.0,0.6386748256550334,1,0
QN0501,Maspeth,Queens,11.58,151,6.87,112,18.05,45,500753.8188,5.8532,0,0,0,0,0,2024-12-31,QN05,232.0,0.0,0.0,0,0,Low,0,0,0.0,0.0,0.6386748256550334,1,0
QN1401,Far Rockaway-Bayswater,Queens,16.15,84,9.85,37,15.24,91,-234290.8483,5.8437,8,7,2,7,1,2023-01-31,QN14,183.0,0.0,0.49535603715170284,0,1,High,1,1,2.1972245773362196,0.4023643304299162,0.6372251300911019,0,1
QN1401,Far Rockaway-Bayswater,Queens,16.15,84,9.85,37,15.24,91,-234290.8483,5.8437,8,7,2,7,1,2023-02-28,QN14,180.0,0.0,0.49535603715170284,0,1,High,1,1,2.1972245773362196,0.4023643304299162,0.6372251300911019,0,1
QN1401,Far Rockaway-Bayswater,Queens,16.15,84,9.85,37,15.24,91,-234290.8483,5.8437,8,7,2,7,1,2023-03-31,QN14,180.0,0.0,0.49535603715170284,0,1,High,1,1,2.1972245773362196,0.4023643304299162,0.6372251300911019,0,1
QN1401,Far Rockaway-Bayswater,Queens,16.15,84,9.85,37,15.24,91,-234290.8483,5.8437,8,7,2,7,1,2023-04-30,QN14,164.0,0.0,0.49535603715170284,0,1,High,1,1,2.1972245773362196,0.4023643304299162,0.6372251300911019,0,1
QN1401,Far Rockaway-Bayswater,Queens,16.15,84,9.85,37,15.24,91,-234290.8483,5.8437,8,7,2,7,1,2023-05-31,QN14,170.0,0.0,0.49535603715170284,0,1,High,1,1,2.1972245773362196,0.4023643304299162,0.6372251300911019,0,1
QN1401,Far Rockaway-Bayswater,Queens,16.15,84,9.85,37,15.24,91,-234290.8483,5.8437,8,7,2,7,1,2023-06-30,QN14,170.0,0.0,0.49535603715170284,0,1,High,1,1,2.1972245773362196,0.4023643304299162,0.6372251300911019,0,1
QN1401,Far Rockaway-Bayswater,Queens,16.15,84,9.85,37,15.24,91,-234290.8483,5.8437,8,7,2,7,1,2023-07-31,QN14,176.0,0.0,0.49535603715170284,0,1,High,1,1,2.1972245773362196,0.4023643304299162,0.6372251300911019,0,1
QN1401,Far Rockaway-Bayswater,Queens,16.15,84,9.85,37,15.24,91,-234290.8483,5.8437,8,7,2,7,1,2023-08-31,QN14,178.0,0.0,0.49535603715170284,0,1,High,1,1,2.1972245773362196,0.4023643304299162,0.6372251300911019,0,1
QN1401,Far Rockaway-Bayswater,Queens,16.15,84,9.85,37,15.24,91,-234290.8483,5.8437,8,7,2,7,1,2023-09-30,QN14,175.0,0.0,0.49535603715170284,0,1,High,1,1,2.1972245773362196,0.4023643304299162,0.6372251300911019,0,1
QN1401,Far Rockaway-Bayswater,Queens,16.15,84,9.85,37,15.24,91,-234290.8483,5.8437,8,7,2,7,1,2023-10-31,QN14,177.0,0.0,0.49535603715170284,0,1,High,1,1,2.1972245773362196,0.4023643304299162,0.6372251300911019,0,1
QN1401,Far Rockaway-Bayswater,Queens,16.15,84,9.85,37,15.24,91,-234290.8483,5.8437,8,7,2,7,1,2023-11-30,QN14,177.0,0.0,0.49535603715170284,0,1,High,1,1,2.1972245773362196,0.4023643304299162,0.6372251300911019,0,1
QN1401,Far Rockaway-Bayswater,Queens,16.15,84,9.85,37,15.24,91,-234290.8483,5.8437,8,7,2,7,1,2023-12-31,QN14,169.0,0.0,0.49535603715170284,0,1,High,1,1,2.1972245773362196,0.4023643304299162,0.6372251300911019,0,1
QN1401,Far Rockaway-Bayswater,Queens,16.15,84,9.85,37,15.24,91,-234290.8483,5.8437,8,7,2,7,1,2024-01-31,QN14,172.0,0.0,0.49535603715170284,0,1,High,1,1,2.1972245773362196,0.4023643304299162,0.6372251300911019,0,1
QN1401,Far Rockaway-Bayswater,Queens,16.15,84,9.85,37,15.24,91,-234290.8483,5.8437,8,7,2,7,1,2024-02-29,QN14,176.0,0.0,0.49535603715170284,0,1,High,1,1,2.1972245773362196,0.4023643304299162,0.6372251300911019,0,1
QN1401,Far Rockaway-Bayswater,Queens,16.15,84,9.85,37,15.24,91,-234290.8483,5.8437,8,7,2,7,1,2024-03-31,QN14,172.0,0.0,0.49535603715170284,0,1,High,1,1,2.1972245773362196,0.4023643304299162,0.6372251300911019,0,1
QN1401,Far Rockaway-Bayswater,Queens,16.15,84,9.85,37,15.24,91,-234290.8483,5.8437,8,7,2,7,1,2024-04-30,QN14,164.0,0.0,0.49535603715170284,0,1,High,1,1,2.1972245773362196,0.4023643304299162,0.6372251300911019,0,1
QN1401,Far Rockaway-Bayswater,Queens,16.15,84,9.85,37,15.24,91,-234290.8483,5.8437,8,7,2,7,1,2024-05-31,QN14,174.0,0.0,0.49535603715170284,0,1,High,1,1,2.1972245773362196,0.4023643304299162,0.6372251300911019,0,1
QN1401,Far Rockaway-Bayswater,Queens,16.15,84,9.85,37,15.24,91,-234290.8483,5.8437,8,7,2,7,1,2024-06-30,QN14,167.0,0.0,0.49535603715170284,0,1,High,1,1,2.1972245773362196,0.4023643304299162,0.6372251300911019,0,1
QN1401,Far Rockaway-Bayswater,Queens,16.15,84,9.85,37,15.24,91,-234290.8483,5.8437,8,7,2,7,1,2024-07-31,QN14,169.0,0.0,0.49535603715170284,0,1,High,1,1,2.1972245773362196,0.4023643304299162,0.6372251300911019,0,1
QN1401,Far Rockaway-Bayswater,Queens,16.15,84,9.85,37,15.24,91,-234290.8483,5.8437,8,7,2,7,1,2024-08-31,QN14,166.0,0.0,0.49535603715170284,0,1,High,1,1,2.1972245773362196,0.4023643304299162,0.6372251300911019,0,1
QN1401,Far Rockaway-Bayswater,Queens,16.15,84,9.85,37,15.24,91,-234290.8483,5.8437,8,7,2,7,1,2024-09-30,QN14,167.0,0.0,0.49535603715170284,0,1,High,1,1,2.1972245773362196,0.4023643304299162,0.6372251300911019,0,1
QN1401,Far Rockaway-Bayswater,Queens,16.15,84,9.85,37,15.24,91,-234290.8483,5.8437,8,7,2,7,1,2024-10-31,QN14,149.0,0.0,0.49535603715170284,0,1,High,1,1,2.1972245773362196,0.4023643304299162,0.6372251300911019,0,1
QN1401,Far Rockaway-Bayswater,Queens,16.15,84,9.85,37,15.24,91,-234290.8483,5.8437,8,7,2,7,1,2024-11-30,QN14,165.0,0.0,0.49535603715170284,0,1,High,1,1,2.1972245773362196,0.4023643304299162,0.6372251300911019,0,1
QN1401,Far Rockaway-Bayswater,Queens,16.15,84,9.85,37,15.24,91,-234290.8483,5.8437,8,7,2,7,1,2024-12-31,QN14,157.0,0.0,0.49535603715170284,0,1,High,1,1,2.1972245773362196,0.4023643304299162,0.6372251300911019,0,1
QN0805,Jamaica Hills-Briarwood,Queens,14.25,109,9.67,41,18.54,42,-42203.402,5.8399,0,0,0,0,0,2023-01-31,QN08,315.0,0.0,0.0,0,0,Low,0,0,0.0,0.0,0.6366452518655293,1,0
QN0805,Jamaica Hills-Briarwood,Queens,14.25,109,9.67,41,18.54,42,-42203.402,5.8399,0,0,0,0,0,2023-02-28,QN08,297.0,0.0,0.0,0,0,Low,0,0,0.0,0.0,0.6366452518655293,1,0
QN0805,Jamaica Hills-Briarwood,Queens,14.25,109,9.67,41,18.54,42,-42203.402,5.8399,0,0,0,0,0,2023-03-31,QN08,303.0,0.0,0.0,0,0,Low,0,0,0.0,0.0,0.6366452518655293,1,0
QN0805,Jamaica Hills-Briarwood,Queens,14.25,109,9.67,41,18.54,42,-42203.402,5.8399,0,0,0,0,0,2023-04-30,QN08,293.0,0.0,0.0,0,0,Low,0,0,0.0,0.0,0.6366452518655293,1,0
QN0805,Jamaica Hills-Briarwood,Queens,14.25,109,9.67,41,18.54,42,-42203.402,5.8399,0,0,0,0,0,2023-05-31,QN08,311.0,0.0,0.0,0,0,Low,0,0,0.0,0.0,0.6366452518655293,1,0
QN0805,Jamaica Hills-Briarwood,Queens,14.25,109,9.67,41,18.54,42,-42203.402,5.8399,0,0,0,0,0,2023-06-30,QN08,304.0,0.0,0.0,0,0,Low,0,0,0.0,0.0,0.6366452518655293,1,0
QN0805,Jamaica Hills-Briarwood,Queens,14.25,109,9.67,41,18.54,42,-42203.402,5.8399,0,0,0,0,0,2023-07-31,QN08,291.0,0.0,0.0,0,0,Low,0,0,0.0,0.0,0.6366452518655293,1,0
QN0805,Jamaica Hills-Briarwood,Queens,14.25,109,9.67,41,18.54,42,-42203.402,5.8399,0,0,0,0,0,2023-08-31,QN08,302.0,0.0,0.0,0,0,Low,0,0,0.0,0.0,0.6366452518655293,1,0
QN0805,Jamaica Hills-Briarwood,Queens,14.25,109,9.67,41,18.54,42,-42203.402,5.8399,0,0,0,0,0,2023-09-30,QN08,296.0,0.0,0.0,0,0,Low,0,0,0.0,0.0,0.6366452518655293,1,0
QN0805,Jamaica Hills-Briarwood,Queens,14.25,109,9.67,41,18.54,42,-42203.402,5.8399,0,0,0,0,0,2023-10-31,QN08,302.0,0.0,0.0,0,0,Low,0,0,0.0,0.0,0.6366452518655293,1,0
QN0805,Jamaica Hills-Briarwood,Queens,14.25,109,9.67,41,18.54,42,-42203.402,5.8399,0,0,0,0,0,2023-11-30,QN08,307.0,0.0,0.0,0,0,Low,0,0,0.0,0.0,0.6366452518655293,1,0
QN0805,Jamaica Hills-Briarwood,Queens,14.25,109,9.67,41,18.54,42,-42203.402,5.8399,0,0,0,0,0,2023-12-31,QN08,281.0,0.0,0.0,0,0,Low,0,0,0.0,0.0,0.6366452518655293,1,0
QN0805,Jamaica Hills-Briarwood,Queens,14.25,109,9.67,41,18.54,42,-42203.402,5.8399,0,0,0,0,0,2024-01-31,QN08,304.0,0.0,0.0,0,0,Low,0,0,0.0,0.0,0.6366452518655293,1,0
QN0805,Jamaica Hills-Briarwood,Queens,14.25,109,9.67,41,18.54,42,-42203.402,5.8399,0,0,0,0,0,2024-02-29,QN08,313.0,0.0,0.0,0,0,Low,0,0,0.0,0.0,0.6366452518655293,1,0
QN0805,Jamaica Hills-Briarwood,Queens,14.25,109,9.67,41,18.54,42,-42203.402,5.8399,0,0,0,0,0,2024-03-31,QN08,304.0,0.0,0.0,0,0,Low,0,0,0.0,0.0,0.6366452518655293,1,0
QN0805,Jamaica Hills-Briarwood,Queens,14.25,109,9.67,41,18.54,42,-42203.402,5.8399,0,0,0,0,0,2024-04-30,QN08,294.0,0.0,0.0,0,0,Low,0,0,0.0,0.0,0.6366452518655293,1,0
QN0805,Jamaica Hills-Briarwood,Queens,14.25,109,9.67,41,18.54,42,-42203.402,5.8399,0,0,0,0,0,2024-05-31,QN08,298.0,0.0,0.0,0,0,Low,0,0,0.0,0.0,0.6366452518655293,1,0
QN0805,Jamaica Hills-Briarwood,Queens,14.25,109,9.67,41,18.54,42,-42203.402,5.8399,0,0,0,0,0,2024-06-30,QN08,276.0,0.0,0.0,0,0,Low,0,0,0.0,0.0,0.6366452518655293,1,0
QN0805,Jamaica Hills-Briarwood,Queens,14.25,109,9.67,41,18.54,42,-42203.402,5.8399,0,0,0,0,0,2024-07-31,QN08,282.0,0.0,0.0,0,0,Low,0,0,0.0,0.0,0.6366452518655293,1,0
QN0805,Jamaica Hills-Briarwood,Queens,14.25,109,9.67,41,18.54,42,-42203.402,5.8399,0,0,0,0,0,2024-08-31,QN08,290.0,0.0,0.0,0,0,Low,0,0,0.0,0.0,0.6366452518655293,1,0
QN0805,Jamaica Hills-Briarwood,Queens,14.25,109,9.67,41,18.54,42,-42203.402,5.8399,0,0,0,0,0,2024-09-30,QN08,278.0,0.0,0.0,0,0,Low,0,0,0.0,0.0,0.6366452518655293,1,0
QN0805,Jamaica Hills-Briarwood,Queens,14.25,109,9.67,41,18.54,42,-42203.402,5.8399,0,0,0,0,0,2024-10-31,QN08,282.0,0.0,0.0,0,0,Low,0,0,0.0,0.0,0.6366452518655293,1,0
QN0805,Jamaica Hills-Briarwood,Queens,14.25,109,9.67,41,18.54,42,-42203.402,5.8399,0,0,0,0,0,2024-11-30,QN08,297.0,0.0,0.0,0,0,Low,0,0,0.0,0.0,0.6366452518655293,1,0
QN0805,Jamaica Hills-Briarwood,Queens,14.25,109,9.67,41,18.54,42,-42203.402,5.8399,0,0,0,0,0,2024-12-31,QN08,301.0,0.0,0.0,0,0,Low,0,0,0.0,0.0,0.6366452518655293,1,0
BX1002,Throgs Neck-Schuylerville,Bronx,15.43,96,7.13,101,9.27,186,954937.338,5.8195,1,1,0,0,1,2023-01-31,BX10,575.0,0.0,0.06480881399870382,0,0,Low,0,1,0.6931471805599453,0.06279526567410723,0.6335322213914025,1,0
BX1002,Throgs Neck-Schuylerville,Bronx,15.43,96,7.13,101,9.27,186,954937.338,5.8195,1,1,0,0,1,2023-02-28,BX10,580.0,0.0,0.06480881399870382,0,0,Low,0,1,0.6931471805599453,0.06279526567410723,0.6335322213914025,1,0
BX1002,Throgs Neck-Schuylerville,Bronx,15.43,96,7.13,101,9.27,186,954937.338,5.8195,1,1,0,0,1,2023-03-31,BX10,576.0,0.0,0.06480881399870382,0,0,Low,0,1,0.6931471805599453,0.06279526567410723,0.6335322213914025,1,0
BX1002,Throgs Neck-Schuylerville,Bronx,15.43,96,7.13,101,9.27,186,954937.338,5.8195,1,1,0,0,1,2023-04-30,BX10,569.0,0.0,0.06480881399870382,0,0,Low,0,1,0.6931471805599453,0.06279526567410723,0.6335322213914025,1,0
BX1002,Throgs Neck-Schuylerville,Bronx,15.43,96,7.13,101,9.27,186,954937.338,5.8195,1,1,0,0,1,2023-05-31,BX10,578.0,0.0,0.06480881399870382,0,0,Low,0,1,0.6931471805599453,0.06279526567410723,0.6335322213914025,1,0
BX1002,Throgs Neck-Schuylerville,Bronx,15.43,96,7.13,101,9.27,186,954937.338,5.8195,1,1,0,0,1,2023-06-30,BX10,568.0,0.0,0.06480881399870382,0,0,Low,0,1,0.6931471805599453,0.06279526567410723,0.6335322213914025,1,0
BX1002,Throgs Neck-Schuylerville,Bronx,15.43,96,7.13,101,9.27,186,954937.338,5.8195,1,1,0,0,1,2023-07-31,BX10,580.0,0.0,0.06480881399870382,0,0,Low,0,1,0.6931471805599453,0.06279526567410723,0.6335322213914025,1,0
BX1002,Throgs Neck-Schuylerville,Bronx,15.43,96,7.13,101,9.27,186,954937.338,5.8195,1,1,0,0,1,2023-08-31,BX10,591.0,0.0,0.06480881399870382,0,0,Low,0,1,0.6931471805599453,0.06279526567410723,0.6335322213914025,1,0
BX1002,Throgs Neck-Schuylerville,Bronx,15.43,96,7.13,101,9.27,186,954937.338,5.8195,1,1,0,0,1,2023-09-30,BX10,597.0,0.0,0.06480881399870382,0,0,Low,0,1,0.6931471805599453,0.06279526567410723,0.6335322213914025,1,0
BX1002,Throgs Neck-Schuylerville,Bronx,15.43,96,7.13,101,9.27,186,954937.338,5.8195,1,1,0,0,1,2023-10-31,BX10,585.0,0.0,0.06480881399870382,0,0,Low,0,1,0.6931471805599453,0.06279526567410723,0.6335322213914025,1,0
BX1002,Throgs Neck-Schuylerville,Bronx,15.43,96,7.13,101,9.27,186,954937.338,5.8195,1,1,0,0,1,2023-11-30,BX10,580.0,0.0,0.06480881399870382,0,0,Low,0,1,0.6931471805599453,0.06279526567410723,0.6335322213914025,1,0
BX1002,Throgs Neck-Schuylerville,Bronx,15.43,96,7.13,101,9.27,186,954937.338,5.8195,1,1,0,0,1,2023-12-31,BX10,576.0,0.0,0.06480881399870382,0,0,Low,0,1,0.6931471805599453,0.06279526567410723,0.6335322213914025,1,0
BX1002,Throgs Neck-Schuylerville,Bronx,15.43,96,7.13,101,9.27,186,954937.338,5.8195,1,1,0,0,1,2024-01-31,BX10,566.0,0.0,0.06480881399870382,0,0,Low,0,1,0.6931471805599453,0.06279526567410723,0.6335322213914025,1,0
BX1002,Throgs Neck-Schuylerville,Bronx,15.43,96,7.13,101,9.27,186,954937.338,5.8195,1,1,0,0,1,2024-02-29,BX10,500.0,0.0,0.06480881399870382,0,0,Low,0,1,0.6931471805599453,0.06279526567410723,0.6335322213914025,1,0
BX1002,Throgs Neck-Schuylerville,Bronx,15.43,96,7.13,101,9.27,186,954937.338,5.8195,1,1,0,0,1,2024-03-31,BX10,536.0,0.0,0.06480881399870382,0,0,Low,0,1,0.6931471805599453,0.06279526567410723,0.6335322213914025,1,0
BX1002,Throgs Neck-Schuylerville,Bronx,15.43,96,7.13,101,9.27,186,954937.338,5.8195,1,1,0,0,1,2024-04-30,BX10,533.0,0.0,0.06480881399870382,0,0,Low,0,1,0.6931471805599453,0.06279526567410723,0.6335322213914025,1,0
BX1002,Throgs Neck-Schuylerville,Bronx,15.43,96,7.13,101,9.27,186,954937.338,5.8195,1,1,0,0,1,2024-05-31,BX10,525.0,0.0,0.06480881399870382,0,0,Low,0,1,0.6931471805599453,0.06279526567410723,0.6335322213914025,1,0
BX1002,Throgs Neck-Schuylerville,Bronx,15.43,96,7.13,101,9.27,186,954937.338,5.8195,1,1,0,0,1,2024-06-30,BX10,525.0,0.0,0.06480881399870382,0,0,Low,0,1,0.6931471805599453,0.06279526567410723,0.6335322213914025,1,0
BX1002,Throgs Neck-Schuylerville,Bronx,15.43,96,7.13,101,9.27,186,954937.338,5.8195,1,1,0,0,1,2024-07-31,BX10,561.0,0.0,0.06480881399870382,0,0,Low,0,1,0.6931471805599453,0.06279526567410723,0.6335322213914025,1,0
BX1002,Throgs Neck-Schuylerville,Bronx,15.43,96,7.13,101,9.27,186,954937.338,5.8195,1,1,0,0,1,2024-08-31,BX10,540.0,0.0,0.06480881399870382,0,0,Low,0,1,0.6931471805599453,0.06279526567410723,0.6335322213914025,1,0
BX1002,Throgs Neck-Schuylerville,Bronx,15.43,96,7.13,101,9.27,186,954937.338,5.8195,1,1,0,0,1,2024-09-30,BX10,566.0,0.0,0.06480881399870382,0,0,Low,0,1,0.6931471805599453,0.06279526567410723,0.6335322213914025,1,0
BX1002,Throgs Neck-Schuylerville,Bronx,15.43,96,7.13,101,9.27,186,954937.338,5.8195,1,1,0,0,1,2024-10-31,BX10,566.0,0.0,0.06480881399870382,0,0,Low,0,1,0.6931471805599453,0.06279526567410723,0.6335322213914025,1,0
BX1002,Throgs Neck-Schuylerville,Bronx,15.43,96,7.13,101,9.27,186,954937.338,5.8195,1,1,0,0,1,2024-11-30,BX10,557.0,0.0,0.06480881399870382,0,0,Low,0,1,0.6931471805599453,0.06279526567410723,0.6335322213914025,1,0
BX1002,Throgs Neck-Schuylerville,Bronx,15.43,96,7.13,101,9.27,186,954937.338,5.8195,1,1,0,0,1,2024-12-31,BX10,543.0,0.0,0.06480881399870382,0,0,Low,0,1,0.6931471805599453,0.06279526567410723,0.6335322213914025,1,0
BX0903,Castle Hill-Unionport,Bronx,23.77,33,8.71,63,15.51,85,358427.6011,5.8161,3,3,0,3,0,2023-01-31,BX09,1197.0,1.0,0.12620950778291964,0,1,High,0,0,1.3862943611198906,0.11885757616015859,0.6330133829790479,0,1
BX0903,Castle Hill-Unionport,Bronx,23.77,33,8.71,63,15.51,85,358427.6011,5.8161,3,3,0,3,0,2023-02-28,BX09,1216.0,1.0,0.12620950778291964,0,1,High,0,0,1.3862943611198906,0.11885757616015859,0.6330133829790479,0,1
BX0903,Castle Hill-Unionport,Bronx,23.77,33,8.71,63,15.51,85,358427.6011,5.8161,3,3,0,3,0,2023-03-31,BX09,1220.0,1.0,0.12620950778291964,0,1,High,0,0,1.3862943611198906,0.11885757616015859,0.6330133829790479,0,1
BX0903,Castle Hill-Unionport,Bronx,23.77,33,8.71,63,15.51,85,358427.6011,5.8161,3,3,0,3,0,2023-04-30,BX09,1233.0,1.0,0.12620950778291964,0,1,High,0,0,1.3862943611198906,0.11885757616015859,0.6330133829790479,0,1
BX0903,Castle Hill-Unionport,Bronx,23.77,33,8.71,63,15.51,85,358427.6011,5.8161,3,3,0,3,0,2023-05-31,BX09,1251.0,1.0,0.12620950778291964,0,1,High,0,0,1.3862943611198906,0.11885757616015859,0.6330133829790479,0,1
BX0903,Castle Hill-Unionport,Bronx,23.77,33,8.71,63,15.51,85,358427.6011,5.8161,3,3,0,3,0,2023-06-30,BX09,1231.0,1.0,0.12620950778291964,0,1,High,0,0,1.3862943611198906,0.11885757616015859,0.6330133829790479,0,1
BX0903,Castle Hill-Unionport,Bronx,23.77,33,8.71,63,15.51,85,358427.6011,5.8161,3,3,0,3,0,2023-07-31,BX09,1227.0,1.0,0.12620950778291964,0,1,High,0,0,1.3862943611198906,0.11885757616015859,0.6330133829790479,0,1
BX0903,Castle Hill-Unionport,Bronx,23.77,33,8.71,63,15.51,85,358427.6011,5.8161,3,3,0,3,0,2023-08-31,BX09,1245.0,1.0,0.12620950778291964,0,1,High,0,0,1.3862943611198906,0.11885757616015859,0.6330133829790479,0,1
BX0903,Castle Hill-Unionport,Bronx,23.77,33,8.71,63,15.51,85,358427.6011,5.8161,3,3,0,3,0,2023-09-30,BX09,1240.0,1.0,0.12620950778291964,0,1,High,0,0,1.3862943611198906,0.11885757616015859,0.6330133829790479,0,1
BX0903,Castle Hill-Unionport,Bronx,23.77,33,8.71,63,15.51,85,358427.6011,5.8161,3,3,0,3,0,2023-10-31,BX09,1211.0,1.0,0.12620950778291964,0,1,High,0,0,1.3862943611198906,0.11885757616015859,0.6330133829790479,0,1
BX0903,Castle Hill-Unionport,Bronx,23.77,33,8.71,63,15.51,85,358427.6011,5.8161,3,3,0,3,0,2023-11-30,BX09,1196.0,1.0,0.12620950778291964,0,1,High,0,0,1.3862943611198906,0.11885757616015859,0.6330133829790479,0,1
BX0903,Castle Hill-Unionport,Bronx,23.77,33,8.71,63,15.51,85,358427.6011,5.8161,3,3,0,3,0,2023-12-31,BX09,1140.0,1.0,0.12620950778291964,0,1,High,0,0,1.3862943611198906,0.11885757616015859,0.6330133829790479,0,1
BX0903,Castle Hill-Unionport,Bronx,23.77,33,8.71,63,15.51,85,358427.6011,5.8161,3,3,0,3,0,2024-01-31,BX09,1166.0,1.0,0.12620950778291964,0,1,High,0,0,1.3862943611198906,0.11885757616015859,0.6330133829790479,0,1
BX0903,Castle Hill-Unionport,Bronx,23.77,33,8.71,63,15.51,85,358427.6011,5.8161,3,3,0,3,0,2024-02-29,BX09,1166.0,1.0,0.12620950778291964,0,1,High,0,0,1.3862943611198906,0.11885757616015859,0.6330133829790479,0,1
BX0903,Castle Hill-Unionport,Bronx,23.77,33,8.71,63,15.51,85,358427.6011,5.8161,3,3,0,3,0,2024-03-31,BX09,1173.0,1.0,0.12620950778291964,0,1,High,0,0,1.3862943611198906,0.11885757616015859,0.6330133829790479,0,1
BX0903,Castle Hill-Unionport,Bronx,23.77,33,8.71,63,15.51,85,358427.6011,5.8161,3,3,0,3,0,2024-04-30,BX09,1279.0,1.0,0.12620950778291964,0,1,High,0,0,1.3862943611198906,0.11885757616015859,0.6330133829790479,0,1
BX0903,Castle Hill-Unionport,Bronx,23.77,33,8.71,63,15.51,85,358427.6011,5.8161,3,3,0,3,0,2024-05-31,BX09,1366.0,1.0,0.12620950778291964,0,1,High,0,0,1.3862943611198906,0.11885757616015859,0.6330133829790479,0,1
BX0903,Castle Hill-Unionport,Bronx,23.77,33,8.71,63,15.51,85,358427.6011,5.8161,3,3,0,3,0,2024-06-30,BX09,1532.0,1.0,0.12620950778291964,0,1,High,0,0,1.3862943611198906,0.11885757616015859,0.6330133829790479,0,1
BX0903,Castle Hill-Unionport,Bronx,23.77,33,8.71,63,15.51,85,358427.6011,5.8161,3,3,0,3,0,2024-07-31,BX09,1548.0,1.0,0.12620950778291964,0,1,High,0,0,1.3862943611198906,0.11885757616015859,0.6330133829790479,0,1
BX0903,Castle Hill-Unionport,Bronx,23.77,33,8.71,63,15.51,85,358427.6011,5.8161,3,3,0,3,0,2024-08-31,BX09,1568.0,1.0,0.12620950778291964,0,1,High,0,0,1.3862943611198906,0.11885757616015859,0.6330133829790479,0,1
BX0903,Castle Hill-Unionport,Bronx,23.77,33,8.71,63,15.51,85,358427.6011,5.8161,3,3,0,3,0,2024-09-30,BX09,1518.0,1.0,0.12620950778291964,0,1,High,0,0,1.3862943611198906,0.11885757616015859,0.6330133829790479,0,1
BX0903,Castle Hill-Unionport,Bronx,23.77,33,8.71,63,15.51,85,358427.6011,5.8161,3,3,0,3,0,2024-10-31,BX09,1535.0,1.0,0.12620950778291964,0,1,High,0,0,1.3862943611198906,0.11885757616015859,0.6330133829790479,0,1
BX0903,Castle Hill-Unionport,Bronx,23.77,33,8.71,63,15.51,85,358427.6011,5.8161,3,3,0,3,0,2024-11-30,BX09,1528.0,1.0,0.12620950778291964,0,1,High,0,0,1.3862943611198906,0.11885757616015859,0.6330133829790479,0,1
BX0903,Castle Hill-Unionport,Bronx,23.77,33,8.71,63,15.51,85,358427.6011,5.8161,3,3,0,3,0,2024-12-31,BX09,1550.0,1.0,0.12620950778291964,0,1,High,0,0,1.3862943611198906,0.11885757616015859,0.6330133829790479,0,1
BX1103,Pelham Gardens,Bronx,14.2,111,6.81,115,12.9,136,217002.497,5.7972,2,2,0,1,2,2023-01-31,BX11,0.0,0.0,0.14084507042253522,0,1,High,0,1,1.0986122886681098,0.13176927763112334,0.6301292518044895,0,1
BX1103,Pelham Gardens,Bronx,14.2,111,6.81,115,12.9,136,217002.497,5.7972,2,2,0,1,2,2023-02-28,BX11,0.0,0.0,0.14084507042253522,0,1,High,0,1,1.0986122886681098,0.13176927763112334,0.6301292518044895,0,1
BX1103,Pelham Gardens,Bronx,14.2,111,6.81,115,12.9,136,217002.497,5.7972,2,2,0,1,2,2023-03-31,BX11,0.0,0.0,0.14084507042253522,0,1,High,0,1,1.0986122886681098,0.13176927763112334,0.6301292518044895,0,1
BX1103,Pelham Gardens,Bronx,14.2,111,6.81,115,12.9,136,217002.497,5.7972,2,2,0,1,2,2023-04-30,BX11,0.0,0.0,0.14084507042253522,0,1,High,0,1,1.0986122886681098,0.13176927763112334,0.6301292518044895,0,1
BX1103,Pelham Gardens,Bronx,14.2,111,6.81,115,12.9,136,217002.497,5.7972,2,2,0,1,2,2023-05-31,BX11,0.0,0.0,0.14084507042253522,0,1,High,0,1,1.0986122886681098,0.13176927763112334,0.6301292518044895,0,1
BX1103,Pelham Gardens,Bronx,14.2,111,6.81,115,12.9,136,217002.497,5.7972,2,2,0,1,2,2023-06-30,BX11,0.0,0.0,0.14084507042253522,0,1,High,0,1,1.0986122886681098,0.13176927763112334,0.6301292518044895,0,1
BX1103,Pelham Gardens,Bronx,14.2,111,6.81,115,12.9,136,217002.497,5.7972,2,2,0,1,2,2023-07-31,BX11,0.0,0.0,0.14084507042253522,0,1,High,0,1,1.0986122886681098,0.13176927763112334,0.6301292518044895,0,1
BX1103,Pelham Gardens,Bronx,14.2,111,6.81,115,12.9,136,217002.497,5.7972,2,2,0,1,2,2023-08-31,BX11,0.0,0.0,0.14084507042253522,0,1,High,0,1,1.0986122886681098,0.13176927763112334,0.6301292518044895,0,1
BX1103,Pelham Gardens,Bronx,14.2,111,6.81,115,12.9,136,217002.497,5.7972,2,2,0,1,2,2023-09-30,BX11,0.0,0.0,0.14084507042253522,0,1,High,0,1,1.0986122886681098,0.13176927763112334,0.6301292518044895,0,1
BX1103,Pelham Gardens,Bronx,14.2,111,6.81,115,12.9,136,217002.497,5.7972,2,2,0,1,2,2023-10-31,BX11,0.0,0.0,0.14084507042253522,0,1,High,0,1,1.0986122886681098,0.13176927763112334,0.6301292518044895,0,1
BX1103,Pelham Gardens,Bronx,14.2,111,6.81,115,12.9,136,217002.497,5.7972,2,2,0,1,2,2023-11-30,BX11,0.0,0.0,0.14084507042253522,0,1,High,0,1,1.0986122886681098,0.13176927763112334,0.6301292518044895,0,1
BX1103,Pelham Gardens,Bronx,14.2,111,6.81,115,12.9,136,217002.497,5.7972,2,2,0,1,2,2023-12-31,BX11,0.0,0.0,0.14084507042253522,0,1,High,0,1,1.0986122886681098,0.13176927763112334,0.6301292518044895,0,1
BX1103,Pelham Gardens,Bronx,14.2,111,6.81,115,12.9,136,217002.497,5.7972,2,2,0,1,2,2024-01-31,BX11,0.0,0.0,0.14084507042253522,0,1,High,0,1,1.0986122886681098,0.13176927763112334,0.6301292518044895,0,1
BX1103,Pelham Gardens,Bronx,14.2,111,6.81,115,12.9,136,217002.497,5.7972,2,2,0,1,2,2024-02-29,BX11,0.0,0.0,0.14084507042253522,0,1,High,0,1,1.0986122886681098,0.13176927763112334,0.6301292518044895,0,1
BX1103,Pelham Gardens,Bronx,14.2,111,6.81,115,12.9,136,217002.497,5.7972,2,2,0,1,2,2024-03-31,BX11,0.0,0.0,0.14084507042253522,0,1,High,0,1,1.0986122886681098,0.13176927763112334,0.6301292518044895,0,1
BX1103,Pelham Gardens,Bronx,14.2,111,6.81,115,12.9,136,217002.497,5.7972,2,2,0,1,2,2024-04-30,BX11,0.0,0.0,0.14084507042253522,0,1,High,0,1,1.0986122886681098,0.13176927763112334,0.6301292518044895,0,1
BX1103,Pelham Gardens,Bronx,14.2,111,6.81,115,12.9,136,217002.497,5.7972,2,2,0,1,2,2024-05-31,BX11,0.0,0.0,0.14084507042253522,0,1,High,0,1,1.0986122886681098,0.13176927763112334,0.6301292518044895,0,1
BX1103,Pelham Gardens,Bronx,14.2,111,6.81,115,12.9,136,217002.497,5.7972,2,2,0,1,2,2024-06-30,BX11,0.0,0.0,0.14084507042253522,0,1,High,0,1,1.0986122886681098,0.13176927763112334,0.6301292518044895,0,1
BX1103,Pelham Gardens,Bronx,14.2,111,6.81,115,12.9,136,217002.497,5.7972,2,2,0,1,2,2024-07-31,BX11,0.0,0.0,0.14084507042253522,0,1,High,0,1,1.0986122886681098,0.13176927763112334,0.6301292518044895,0,1
BX1103,Pelham Gardens,Bronx,14.2,111,6.81,115,12.9,136,217002.497,5.7972,2,2,0,1,2,2024-08-31,BX11,0.0,0.0,0.14084507042253522,0,1,High,0,1,1.0986122886681098,0.13176927763112334,0.6301292518044895,0,1
BX1103,Pelham Gardens,Bronx,14.2,111,6.81,115,12.9,136,217002.497,5.7972,2,2,0,1,2,2024-09-30,BX11,0.0,0.0,0.14084507042253522,0,1,High,0,1,1.0986122886681098,0.13176927763112334,0.6301292518044895,0,1
BX1103,Pelham Gardens,Bronx,14.2,111,6.81,115,12.9,136,217002.497,5.7972,2,2,0,1,2,2024-10-31,BX11,0.0,0.0,0.14084507042253522,0,1,High,0,1,1.0986122886681098,0.13176927763112334,0.6301292518044895,0,1
BX1103,Pelham Gardens,Bronx,14.2,111,6.81,115,12.9,136,217002.497,5.7972,2,2,0,1,2,2024-11-30,BX11,0.0,0.0,0.14084507042253522,0,1,High,0,1,1.0986122886681098,0.13176927763112334,0.6301292518044895,0,1
BX1103,Pelham Gardens,Bronx,14.2,111,6.81,115,12.9,136,217002.497,5.7972,2,2,0,1,2,2024-12-31,BX11,0.0,0.0,0.14084507042253522,0,1,High,0,1,1.0986122886681098,0.13176927763112334,0.6301292518044895,0,1
MN0903,Hamilton Heights-Sugar Hill,Manhattan,18.4,62,8.35,71,17.84,50,452959.8826,5.7956,4,4,0,4,1,2023-01-31,MN09,731.0,0.0,0.2173913043478261,0,1,High,0,1,1.6094379124341003,0.19671029424605424,0.6298850925516168,0,1
MN0903,Hamilton Heights-Sugar Hill,Manhattan,18.4,62,8.35,71,17.84,50,452959.8826,5.7956,4,4,0,4,1,2023-02-28,MN09,710.0,0.0,0.2173913043478261,0,1,High,0,1,1.6094379124341003,0.19671029424605424,0.6298850925516168,0,1
MN0903,Hamilton Heights-Sugar Hill,Manhattan,18.4,62,8.35,71,17.84,50,452959.8826,5.7956,4,4,0,4,1,2023-03-31,MN09,712.0,0.0,0.2173913043478261,0,1,High,0,1,1.6094379124341003,0.19671029424605424,0.6298850925516168,0,1
MN0903,Hamilton Heights-Sugar Hill,Manhattan,18.4,62,8.35,71,17.84,50,452959.8826,5.7956,4,4,0,4,1,2023-04-30,MN09,724.0,0.0,0.2173913043478261,0,1,High,0,1,1.6094379124341003,0.19671029424605424,0.6298850925516168,0,1
MN0903,Hamilton Heights-Sugar Hill,Manhattan,18.4,62,8.35,71,17.84,50,452959.8826,5.7956,4,4,0,4,1,2023-05-31,MN09,745.0,0.0,0.2173913043478261,0,1,High,0,1,1.6094379124341003,0.19671029424605424,0.6298850925516168,0,1
MN0903,Hamilton Heights-Sugar Hill,Manhattan,18.4,62,8.35,71,17.84,50,452959.8826,5.7956,4,4,0,4,1,2023-06-30,MN09,745.0,0.0,0.2173913043478261,0,1,High,0,1,1.6094379124341003,0.19671029424605424,0.6298850925516168,0,1
MN0903,Hamilton Heights-Sugar Hill,Manhattan,18.4,62,8.35,71,17.84,50,452959.8826,5.7956,4,4,0,4,1,2023-07-31,MN09,772.0,0.0,0.2173913043478261,0,1,High,0,1,1.6094379124341003,0.19671029424605424,0.6298850925516168,0,1
MN0903,Hamilton Heights-Sugar Hill,Manhattan,18.4,62,8.35,71,17.84,50,452959.8826,5.7956,4,4,0,4,1,2023-08-31,MN09,754.0,0.0,0.2173913043478261,0,1,High,0,1,1.6094379124341003,0.19671029424605424,0.6298850925516168,0,1
MN0903,Hamilton Heights-Sugar Hill,Manhattan,18.4,62,8.35,71,17.84,50,452959.8826,5.7956,4,4,0,4,1,2023-09-30,MN09,774.0,0.0,0.2173913043478261,0,1,High,0,1,1.6094379124341003,0.19671029424605424,0.6298850925516168,0,1
MN0903,Hamilton Heights-Sugar Hill,Manhattan,18.4,62,8.35,71,17.84,50,452959.8826,5.7956,4,4,0,4,1,2023-10-31,MN09,777.0,0.0,0.2173913043478261,0,1,High,0,1,1.6094379124341003,0.19671029424605424,0.6298850925516168,0,1
MN0903,Hamilton Heights-Sugar Hill,Manhattan,18.4,62,8.35,71,17.84,50,452959.8826,5.7956,4,4,0,4,1,2023-11-30,MN09,750.0,0.0,0.2173913043478261,0,1,High,0,1,1.6094379124341003,0.19671029424605424,0.6298850925516168,0,1
MN0903,Hamilton Heights-Sugar Hill,Manhattan,18.4,62,8.35,71,17.84,50,452959.8826,5.7956,4,4,0,4,1,2023-12-31,MN09,764.0,0.0,0.2173913043478261,0,1,High,0,1,1.6094379124341003,0.19671029424605424,0.6298850925516168,0,1
MN0903,Hamilton Heights-Sugar Hill,Manhattan,18.4,62,8.35,71,17.84,50,452959.8826,5.7956,4,4,0,4,1,2024-01-31,MN09,744.0,0.0,0.2173913043478261,0,1,High,0,1,1.6094379124341003,0.19671029424605424,0.6298850925516168,0,1
MN0903,Hamilton Heights-Sugar Hill,Manhattan,18.4,62,8.35,71,17.84,50,452959.8826,5.7956,4,4,0,4,1,2024-02-29,MN09,737.0,0.0,0.2173913043478261,0,1,High,0,1,1.6094379124341003,0.19671029424605424,0.6298850925516168,0,1
MN0903,Hamilton Heights-Sugar Hill,Manhattan,18.4,62,8.35,71,17.84,50,452959.8826,5.7956,4,4,0,4,1,2024-03-31,MN09,747.0,0.0,0.2173913043478261,0,1,High,0,1,1.6094379124341003,0.19671029424605424,0.6298850925516168,0,1
MN0903,Hamilton Heights-Sugar Hill,Manhattan,18.4,62,8.35,71,17.84,50,452959.8826,5.7956,4,4,0,4,1,2024-04-30,MN09,707.0,0.0,0.2173913043478261,0,1,High,0,1,1.6094379124341003,0.19671029424605424,0.6298850925516168,0,1
MN0903,Hamilton Heights-Sugar Hill,Manhattan,18.4,62,8.35,71,17.84,50,452959.8826,5.7956,4,4,0,4,1,2024-05-31,MN09,680.0,0.0,0.2173913043478261,0,1,High,0,1,1.6094379124341003,0.19671029424605424,0.6298850925516168,0,1
MN0903,Hamilton Heights-Sugar Hill,Manhattan,18.4,62,8.35,71,17.84,50,452959.8826,5.7956,4,4,0,4,1,2024-06-30,MN09,690.0,0.0,0.2173913043478261,0,1,High,0,1,1.6094379124341003,0.19671029424605424,0.6298850925516168,0,1
MN0903,Hamilton Heights-Sugar Hill,Manhattan,18.4,62,8.35,71,17.84,50,452959.8826,5.7956,4,4,0,4,1,2024-07-31,MN09,694.0,0.0,0.2173913043478261,0,1,High,0,1,1.6094379124341003,0.19671029424605424,0.6298850925516168,0,1
MN0903,Hamilton Heights-Sugar Hill,Manhattan,18.4,62,8.35,71,17.84,50,452959.8826,5.7956,4,4,0,4,1,2024-08-31,MN09,709.0,0.0,0.2173913043478261,0,1,High,0,1,1.6094379124341003,0.19671029424605424,0.6298850925516168,0,1
MN0903,Hamilton Heights-Sugar Hill,Manhattan,18.4,62,8.35,71,17.84,50,452959.8826,5.7956,4,4,0,4,1,2024-09-30,MN09,691.0,0.0,0.2173913043478261,0,1,High,0,1,1.6094379124341003,0.19671029424605424,0.6298850925516168,0,1
MN0903,Hamilton Heights-Sugar Hill,Manhattan,18.4,62,8.35,71,17.84,50,452959.8826,5.7956,4,4,0,4,1,2024-10-31,MN09,692.0,0.0,0.2173913043478261,0,1,High,0,1,1.6094379124341003,0.19671029424605424,0.6298850925516168,0,1
MN0903,Hamilton Heights-Sugar Hill,Manhattan,18.4,62,8.35,71,17.84,50,452959.8826,5.7956,4,4,0,4,1,2024-11-30,MN09,684.0,0.0,0.2173913043478261,0,1,High,0,1,1.6094379124341003,0.19671029424605424,0.6298850925516168,0,1
MN0903,Hamilton Heights-Sugar Hill,Manhattan,18.4,62,8.35,71,17.84,50,452959.8826,5.7956,4,4,0,4,1,2024-12-31,MN09,673.0,0.0,0.2173913043478261,0,1,High,0,1,1.6094379124341003,0.19671029424605424,0.6298850925516168,0,1
BK0504,Spring Creek-Starrett City,Brooklyn,22.38,37,8.13,76,8.26,191,917.4933,5.7885,3,3,1,2,1,2023-01-31,BK05,551.0,0.0,0.13404825737265416,0,1,High,1,1,1.3862943611198906,0.12579375940246243,0.6288016358669941,0,1
BK0504,Spring Creek-Starrett City,Brooklyn,22.38,37,8.13,76,8.26,191,917.4933,5.7885,3,3,1,2,1,2023-02-28,BK05,531.0,0.0,0.13404825737265416,0,1,High,1,1,1.3862943611198906,0.12579375940246243,0.6288016358669941,0,1
BK0504,Spring Creek-Starrett City,Brooklyn,22.38,37,8.13,76,8.26,191,917.4933,5.7885,3,3,1,2,1,2023-03-31,BK05,527.0,0.0,0.13404825737265416,0,1,High,1,1,1.3862943611198906,0.12579375940246243,0.6288016358669941,0,1
BK0504,Spring Creek-Starrett City,Brooklyn,22.38,37,8.13,76,8.26,191,917.4933,5.7885,3,3,1,2,1,2023-04-30,BK05,515.0,0.0,0.13404825737265416,0,1,High,1,1,1.3862943611198906,0.12579375940246243,0.6288016358669941,0,1
BK0504,Spring Creek-Starrett City,Brooklyn,22.38,37,8.13,76,8.26,191,917.4933,5.7885,3,3,1,2,1,2023-05-31,BK05,503.0,0.0,0.13404825737265416,0,1,High,1,1,1.3862943611198906,0.12579375940246243,0.6288016358669941,0,1
BK0504,Spring Creek-Starrett City,Brooklyn,22.38,37,8.13,76,8.26,191,917.4933,5.7885,3,3,1,2,1,2023-06-30,BK05,572.0,0.0,0.13404825737265416,0,1,High,1,1,1.3862943611198906,0.12579375940246243,0.6288016358669941,0,1
BK0504,Spring Creek-Starrett City,Brooklyn,22.38,37,8.13,76,8.26,191,917.4933,5.7885,3,3,1,2,1,2023-07-31,BK05,557.0,0.0,0.13404825737265416,0,1,High,1,1,1.3862943611198906,0.12579375940246243,0.6288016358669941,0,1
BK0504,Spring Creek-Starrett City,Brooklyn,22.38,37,8.13,76,8.26,191,917.4933,5.7885,3,3,1,2,1,2023-08-31,BK05,554.0,0.0,0.13404825737265416,0,1,High,1,1,1.3862943611198906,0.12579375940246243,0.6288016358669941,0,1
BK0504,Spring Creek-Starrett City,Brooklyn,22.38,37,8.13,76,8.26,191,917.4933,5.7885,3,3,1,2,1,2023-09-30,BK05,553.0,0.0,0.13404825737265416,0,1,High,1,1,1.3862943611198906,0.12579375940246243,0.6288016358669941,0,1
BK0504,Spring Creek-Starrett City,Brooklyn,22.38,37,8.13,76,8.26,191,917.4933,5.7885,3,3,1,2,1,2023-10-31,BK05,545.0,0.0,0.13404825737265416,0,1,High,1,1,1.3862943611198906,0.12579375940246243,0.6288016358669941,0,1
BK0504,Spring Creek-Starrett City,Brooklyn,22.38,37,8.13,76,8.26,191,917.4933,5.7885,3,3,1,2,1,2023-11-30,BK05,544.0,0.0,0.13404825737265416,0,1,High,1,1,1.3862943611198906,0.12579375940246243,0.6288016358669941,0,1
BK0504,Spring Creek-Starrett City,Brooklyn,22.38,37,8.13,76,8.26,191,917.4933,5.7885,3,3,1,2,1,2023-12-31,BK05,518.0,0.0,0.13404825737265416,0,1,High,1,1,1.3862943611198906,0.12579375940246243,0.6288016358669941,0,1
BK0504,Spring Creek-Starrett City,Brooklyn,22.38,37,8.13,76,8.26,191,917.4933,5.7885,3,3,1,2,1,2024-01-31,BK05,537.0,0.0,0.13404825737265416,0,1,High,1,1,1.3862943611198906,0.12579375940246243,0.6288016358669941,0,1
BK0504,Spring Creek-Starrett City,Brooklyn,22.38,37,8.13,76,8.26,191,917.4933,5.7885,3,3,1,2,1,2024-02-29,BK05,522.0,0.0,0.13404825737265416,0,1,High,1,1,1.3862943611198906,0.12579375940246243,0.6288016358669941,0,1
BK0504,Spring Creek-Starrett City,Brooklyn,22.38,37,8.13,76,8.26,191,917.4933,5.7885,3,3,1,2,1,2024-03-31,BK05,516.0,0.0,0.13404825737265416,0,1,High,1,1,1.3862943611198906,0.12579375940246243,0.6288016358669941,0,1
BK0504,Spring Creek-Starrett City,Brooklyn,22.38,37,8.13,76,8.26,191,917.4933,5.7885,3,3,1,2,1,2024-04-30,BK05,513.0,0.0,0.13404825737265416,0,1,High,1,1,1.3862943611198906,0.12579375940246243,0.6288016358669941,0,1
BK0504,Spring Creek-Starrett City,Brooklyn,22.38,37,8.13,76,8.26,191,917.4933,5.7885,3,3,1,2,1,2024-05-31,BK05,473.0,0.0,0.13404825737265416,0,1,High,1,1,1.3862943611198906,0.12579375940246243,0.6288016358669941,0,1
BK0504,Spring Creek-Starrett City,Brooklyn,22.38,37,8.13,76,8.26,191,917.4933,5.7885,3,3,1,2,1,2024-06-30,BK05,501.0,0.0,0.13404825737265416,0,1,High,1,1,1.3862943611198906,0.12579375940246243,0.6288016358669941,0,1
BK0504,Spring Creek-Starrett City,Brooklyn,22.38,37,8.13,76,8.26,191,917.4933,5.7885,3,3,1,2,1,2024-07-31,BK05,516.0,0.0,0.13404825737265416,0,1,High,1,1,1.3862943611198906,0.12579375940246243,0.6288016358669941,0,1
BK0504,Spring Creek-Starrett City,Brooklyn,22.38,37,8.13,76,8.26,191,917.4933,5.7885,3,3,1,2,1,2024-08-31,BK05,524.0,0.0,0.13404825737265416,0,1,High,1,1,1.3862943611198906,0.12579375940246243,0.6288016358669941,0,1
BK0504,Spring Creek-Starrett City,Brooklyn,22.38,37,8.13,76,8.26,191,917.4933,5.7885,3,3,1,2,1,2024-09-30,BK05,504.0,0.0,0.13404825737265416,0,1,High,1,1,1.3862943611198906,0.12579375940246243,0.6288016358669941,0,1
BK0504,Spring Creek-Starrett City,Brooklyn,22.38,37,8.13,76,8.26,191,917.4933,5.7885,3,3,1,2,1,2024-10-31,BK05,513.0,0.0,0.13404825737265416,0,1,High,1,1,1.3862943611198906,0.12579375940246243,0.6288016358669941,0,1
BK0504,Spring Creek-Starrett City,Brooklyn,22.38,37,8.13,76,8.26,191,917.4933,5.7885,3,3,1,2,1,2024-11-30,BK05,494.0,0.0,0.13404825737265416,0,1,High,1,1,1.3862943611198906,0.12579375940246243,0.6288016358669941,0,1
BK0504,Spring Creek-Starrett City,Brooklyn,22.38,37,8.13,76,8.26,191,917.4933,5.7885,3,3,1,2,1,2024-12-31,BK05,458.0,0.0,0.13404825737265416,0,1,High,1,1,1.3862943611198906,0.12579375940246243,0.6288016358669941,0,1
QN0104,Astoria (East)-Woodside (North),Queens,16.93,75,8.73,61,18.01,47,757885.3646,5.771,1,1,0,1,0,2023-01-31,QN01,1356.0,1.0,0.05906674542232723,0,0,Low,0,0,0.6931471805599453,0.05738809147199757,0.6261311440386991,1,0
QN0104,Astoria (East)-Woodside (North),Queens,16.93,75,8.73,61,18.01,47,757885.3646,5.771,1,1,0,1,0,2023-02-28,QN01,376.0,0.0,0.05906674542232723,0,0,Low,0,0,0.6931471805599453,0.05738809147199757,0.6261311440386991,1,0
QN0104,Astoria (East)-Woodside (North),Queens,16.93,75,8.73,61,18.01,47,757885.3646,5.771,1,1,0,1,0,2023-03-31,QN01,596.0,0.0,0.05906674542232723,0,0,Low,0,0,0.6931471805599453,0.05738809147199757,0.6261311440386991,1,0
QN0104,Astoria (East)-Woodside (North),Queens,16.93,75,8.73,61,18.01,47,757885.3646,5.771,1,1,0,1,0,2023-04-30,QN01,617.0,0.0,0.05906674542232723,0,0,Low,0,0,0.6931471805599453,0.05738809147199757,0.6261311440386991,1,0
QN0104,Astoria (East)-Woodside (North),Queens,16.93,75,8.73,61,18.01,47,757885.3646,5.771,1,1,0,1,0,2023-05-31,QN01,581.0,0.0,0.05906674542232723,0,0,Low,0,0,0.6931471805599453,0.05738809147199757,0.6261311440386991,1,0
QN0104,Astoria (East)-Woodside (North),Queens,16.93,75,8.73,61,18.01,47,757885.3646,5.771,1,1,0,1,0,2023-06-30,QN01,611.0,0.0,0.05906674542232723,0,0,Low,0,0,0.6931471805599453,0.05738809147199757,0.6261311440386991,1,0
QN0104,Astoria (East)-Woodside (North),Queens,16.93,75,8.73,61,18.01,47,757885.3646,5.771,1,1,0,1,0,2023-07-31,QN01,597.0,0.0,0.05906674542232723,0,0,Low,0,0,0.6931471805599453,0.05738809147199757,0.6261311440386991,1,0
QN0104,Astoria (East)-Woodside (North),Queens,16.93,75,8.73,61,18.01,47,757885.3646,5.771,1,1,0,1,0,2023-08-31,QN01,928.0,1.0,0.05906674542232723,0,0,Low,0,0,0.6931471805599453,0.05738809147199757,0.6261311440386991,1,0
QN0104,Astoria (East)-Woodside (North),Queens,16.93,75,8.73,61,18.01,47,757885.3646,5.771,1,1,0,1,0,2023-09-30,QN01,961.0,1.0,0.05906674542232723,0,0,Low,0,0,0.6931471805599453,0.05738809147199757,0.6261311440386991,1,0
QN0104,Astoria (East)-Woodside (North),Queens,16.93,75,8.73,61,18.01,47,757885.3646,5.771,1,1,0,1,0,2023-10-31,QN01,972.0,1.0,0.05906674542232723,0,0,Low,0,0,0.6931471805599453,0.05738809147199757,0.6261311440386991,1,0
QN0104,Astoria (East)-Woodside (North),Queens,16.93,75,8.73,61,18.01,47,757885.3646,5.771,1,1,0,1,0,2023-11-30,QN01,982.0,1.0,0.05906674542232723,0,0,Low,0,0,0.6931471805599453,0.05738809147199757,0.6261311440386991,1,0
QN0104,Astoria (East)-Woodside (North),Queens,16.93,75,8.73,61,18.01,47,757885.3646,5.771,1,1,0,1,0,2023-12-31,QN01,947.0,1.0,0.05906674542232723,0,0,Low,0,0,0.6931471805599453,0.05738809147199757,0.6261311440386991,1,0
QN0104,Astoria (East)-Woodside (North),Queens,16.93,75,8.73,61,18.01,47,757885.3646,5.771,1,1,0,1,0,2024-01-31,QN01,739.0,0.0,0.05906674542232723,0,0,Low,0,0,0.6931471805599453,0.05738809147199757,0.6261311440386991,1,0
QN0104,Astoria (East)-Woodside (North),Queens,16.93,75,8.73,61,18.01,47,757885.3646,5.771,1,1,0,1,0,2024-02-29,QN01,725.0,0.0,0.05906674542232723,0,0,Low,0,0,0.6931471805599453,0.05738809147199757,0.6261311440386991,1,0
QN0104,Astoria (East)-Woodside (North),Queens,16.93,75,8.73,61,18.01,47,757885.3646,5.771,1,1,0,1,0,2024-03-31,QN01,727.0,0.0,0.05906674542232723,0,0,Low,0,0,0.6931471805599453,0.05738809147199757,0.6261311440386991,1,0
QN0104,Astoria (East)-Woodside (North),Queens,16.93,75,8.73,61,18.01,47,757885.3646,5.771,1,1,0,1,0,2024-04-30,QN01,709.0,0.0,0.05906674542232723,0,0,Low,0,0,0.6931471805599453,0.05738809147199757,0.6261311440386991,1,0
QN0104,Astoria (East)-Woodside (North),Queens,16.93,75,8.73,61,18.01,47,757885.3646,5.771,1,1,0,1,0,2024-05-31,QN01,665.0,0.0,0.05906674542232723,0,0,Low,0,0,0.6931471805599453,0.05738809147199757,0.6261311440386991,1,0
QN0104,Astoria (East)-Woodside (North),Queens,16.93,75,8.73,61,18.01,47,757885.3646,5.771,1,1,0,1,0,2024-06-30,QN01,352.0,0.0,0.05906674542232723,0,0,Low,0,0,0.6931471805599453,0.05738809147199757,0.6261311440386991,1,0
QN0104,Astoria (East)-Woodside (North),Queens,16.93,75,8.73,61,18.01,47,757885.3646,5.771,1,1,0,1,0,2024-07-31,QN01,344.0,0.0,0.05906674542232723,0,0,Low,0,0,0.6931471805599453,0.05738809147199757,0.6261311440386991,1,0
QN0104,Astoria (East)-Woodside (North),Queens,16.93,75,8.73,61,18.01,47,757885.3646,5.771,1,1,0,1,0,2024-08-31,QN01,356.0,0.0,0.05906674542232723,0,0,Low,0,0,0.6931471805599453,0.05738809147199757,0.6261311440386991,1,0
QN0104,Astoria (East)-Woodside (North),Queens,16.93,75,8.73,61,18.01,47,757885.3646,5.771,1,1,0,1,0,2024-09-30,QN01,362.0,0.0,0.05906674542232723,0,0,Low,0,0,0.6931471805599453,0.05738809147199757,0.6261311440386991,1,0
QN0104,Astoria (East)-Woodside (North),Queens,16.93,75,8.73,61,18.01,47,757885.3646,5.771,1,1,0,1,0,2024-10-31,QN01,319.0,0.0,0.05906674542232723,0,0,Low,0,0,0.6931471805599453,0.05738809147199757,0.6261311440386991,1,0
QN0104,Astoria (East)-Woodside (North),Queens,16.93,75,8.73,61,18.01,47,757885.3646,5.771,1,1,0,1,0,2024-11-30,QN01,320.0,0.0,0.05906674542232723,0,0,Low,0,0,0.6931471805599453,0.05738809147199757,0.6261311440386991,1,0
QN0104,Astoria (East)-Woodside (North),Queens,16.93,75,8.73,61,18.01,47,757885.3646,5.771,1,1,0,1,0,2024-12-31,QN01,313.0,0.0,0.05906674542232723,0,0,Low,0,0,0.6931471805599453,0.05738809147199757,0.6261311440386991,1,0
BK0204,Clinton Hill,Brooklyn,17.89,65,7.59,83,10.15,180,189677.3903,5.7684,2,2,0,1,1,2023-01-31,BK02,71.0,0.0,0.11179429849077696,0,0,Low,0,1,1.0986122886681098,0.10597519534525303,0.6257343852527811,1,0
BK0204,Clinton Hill,Brooklyn,17.89,65,7.59,83,10.15,180,189677.3903,5.7684,2,2,0,1,1,2023-02-28,BK02,70.0,0.0,0.11179429849077696,0,0,Low,0,1,1.0986122886681098,0.10597519534525303,0.6257343852527811,1,0
BK0204,Clinton Hill,Brooklyn,17.89,65,7.59,83,10.15,180,189677.3903,5.7684,2,2,0,1,1,2023-03-31,BK02,68.0,0.0,0.11179429849077696,0,0,Low,0,1,1.0986122886681098,0.10597519534525303,0.6257343852527811,1,0
BK0204,Clinton Hill,Brooklyn,17.89,65,7.59,83,10.15,180,189677.3903,5.7684,2,2,0,1,1,2023-04-30,BK02,63.0,0.0,0.11179429849077696,0,0,Low,0,1,1.0986122886681098,0.10597519534525303,0.6257343852527811,1,0
BK0204,Clinton Hill,Brooklyn,17.89,65,7.59,83,10.15,180,189677.3903,5.7684,2,2,0,1,1,2023-05-31,BK02,65.0,0.0,0.11179429849077696,0,0,Low,0,1,1.0986122886681098,0.10597519534525303,0.6257343852527811,1,0
BK0204,Clinton Hill,Brooklyn,17.89,65,7.59,83,10.15,180,189677.3903,5.7684,2,2,0,1,1,2023-06-30,BK02,70.0,0.0,0.11179429849077696,0,0,Low,0,1,1.0986122886681098,0.10597519534525303,0.6257343852527811,1,0
BK0204,Clinton Hill,Brooklyn,17.89,65,7.59,83,10.15,180,189677.3903,5.7684,2,2,0,1,1,2023-07-31,BK02,79.0,0.0,0.11179429849077696,0,0,Low,0,1,1.0986122886681098,0.10597519534525303,0.6257343852527811,1,0
BK0204,Clinton Hill,Brooklyn,17.89,65,7.59,83,10.15,180,189677.3903,5.7684,2,2,0,1,1,2023-08-31,BK02,75.0,0.0,0.11179429849077696,0,0,Low,0,1,1.0986122886681098,0.10597519534525303,0.6257343852527811,1,0
BK0204,Clinton Hill,Brooklyn,17.89,65,7.59,83,10.15,180,189677.3903,5.7684,2,2,0,1,1,2023-09-30,BK02,73.0,0.0,0.11179429849077696,0,0,Low,0,1,1.0986122886681098,0.10597519534525303,0.6257343852527811,1,0
BK0204,Clinton Hill,Brooklyn,17.89,65,7.59,83,10.15,180,189677.3903,5.7684,2,2,0,1,1,2023-10-31,BK02,78.0,0.0,0.11179429849077696,0,0,Low,0,1,1.0986122886681098,0.10597519534525303,0.6257343852527811,1,0
BK0204,Clinton Hill,Brooklyn,17.89,65,7.59,83,10.15,180,189677.3903,5.7684,2,2,0,1,1,2023-11-30,BK02,70.0,0.0,0.11179429849077696,0,0,Low,0,1,1.0986122886681098,0.10597519534525303,0.6257343852527811,1,0
BK0204,Clinton Hill,Brooklyn,17.89,65,7.59,83,10.15,180,189677.3903,5.7684,2,2,0,1,1,2023-12-31,BK02,73.0,0.0,0.11179429849077696,0,0,Low,0,1,1.0986122886681098,0.10597519534525303,0.6257343852527811,1,0
BK0204,Clinton Hill,Brooklyn,17.89,65,7.59,83,10.15,180,189677.3903,5.7684,2,2,0,1,1,2024-01-31,BK02,68.0,0.0,0.11179429849077696,0,0,Low,0,1,1.0986122886681098,0.10597519534525303,0.6257343852527811,1,0
BK0204,Clinton Hill,Brooklyn,17.89,65,7.59,83,10.15,180,189677.3903,5.7684,2,2,0,1,1,2024-02-29,BK02,75.0,0.0,0.11179429849077696,0,0,Low,0,1,1.0986122886681098,0.10597519534525303,0.6257343852527811,1,0
BK0204,Clinton Hill,Brooklyn,17.89,65,7.59,83,10.15,180,189677.3903,5.7684,2,2,0,1,1,2024-03-31,BK02,69.0,0.0,0.11179429849077696,0,0,Low,0,1,1.0986122886681098,0.10597519534525303,0.6257343852527811,1,0
BK0204,Clinton Hill,Brooklyn,17.89,65,7.59,83,10.15,180,189677.3903,5.7684,2,2,0,1,1,2024-04-30,BK02,72.0,0.0,0.11179429849077696,0,0,Low,0,1,1.0986122886681098,0.10597519534525303,0.6257343852527811,1,0
BK0204,Clinton Hill,Brooklyn,17.89,65,7.59,83,10.15,180,189677.3903,5.7684,2,2,0,1,1,2024-05-31,BK02,67.0,0.0,0.11179429849077696,0,0,Low,0,1,1.0986122886681098,0.10597519534525303,0.6257343852527811,1,0
BK0204,Clinton Hill,Brooklyn,17.89,65,7.59,83,10.15,180,189677.3903,5.7684,2,2,0,1,1,2024-06-30,BK02,66.0,0.0,0.11179429849077696,0,0,Low,0,1,1.0986122886681098,0.10597519534525303,0.6257343852527811,1,0
BK0204,Clinton Hill,Brooklyn,17.89,65,7.59,83,10.15,180,189677.3903,5.7684,2,2,0,1,1,2024-07-31,BK02,71.0,0.0,0.11179429849077696,0,0,Low,0,1,1.0986122886681098,0.10597519534525303,0.6257343852527811,1,0
BK0204,Clinton Hill,Brooklyn,17.89,65,7.59,83,10.15,180,189677.3903,5.7684,2,2,0,1,1,2024-08-31,BK02,75.0,0.0,0.11179429849077696,0,0,Low,0,1,1.0986122886681098,0.10597519534525303,0.6257343852527811,1,0
BK0204,Clinton Hill,Brooklyn,17.89,65,7.59,83,10.15,180,189677.3903,5.7684,2,2,0,1,1,2024-09-30,BK02,74.0,0.0,0.11179429849077696,0,0,Low,0,1,1.0986122886681098,0.10597519534525303,0.6257343852527811,1,0
BK0204,Clinton Hill,Brooklyn,17.89,65,7.59,83,10.15,180,189677.3903,5.7684,2,2,0,1,1,2024-10-31,BK02,75.0,0.0,0.11179429849077696,0,0,Low,0,1,1.0986122886681098,0.10597519534525303,0.6257343852527811,1,0
BK0204,Clinton Hill,Brooklyn,17.89,65,7.59,83,10.15,180,189677.3903,5.7684,2,2,0,1,1,2024-11-30,BK02,74.0,0.0,0.11179429849077696,0,0,Low,0,1,1.0986122886681098,0.10597519534525303,0.6257343852527811,1,0
BK0204,Clinton Hill,Brooklyn,17.89,65,7.59,83,10.15,180,189677.3903,5.7684,2,2,0,1,1,2024-12-31,BK02,67.0,0.0,0.11179429849077696,0,0,Low,0,1,1.0986122886681098,0.10597519534525303,0.6257343852527811,1,0
MN0302,Lower East Side,Manhattan,23.39,34,5.32,158,12.56,140,280679.9482,5.768,6,6,0,5,1,2023-01-31,MN03,318.0,0.0,0.25651988029072254,0,1,High,0,1,1.9459101490553132,0.22834589983473833,0.6256733454395628,0,1
MN0302,Lower East Side,Manhattan,23.39,34,5.32,158,12.56,140,280679.9482,5.768,6,6,0,5,1,2023-02-28,MN03,185.0,0.0,0.25651988029072254,0,1,High,0,1,1.9459101490553132,0.22834589983473833,0.6256733454395628,0,1
MN0302,Lower East Side,Manhattan,23.39,34,5.32,158,12.56,140,280679.9482,5.768,6,6,0,5,1,2023-03-31,MN03,201.0,0.0,0.25651988029072254,0,1,High,0,1,1.9459101490553132,0.22834589983473833,0.6256733454395628,0,1
MN0302,Lower East Side,Manhattan,23.39,34,5.32,158,12.56,140,280679.9482,5.768,6,6,0,5,1,2023-04-30,MN03,271.0,0.0,0.25651988029072254,0,1,High,0,1,1.9459101490553132,0.22834589983473833,0.6256733454395628,0,1
MN0302,Lower East Side,Manhattan,23.39,34,5.32,158,12.56,140,280679.9482,5.768,6,6,0,5,1,2023-05-31,MN03,266.0,0.0,0.25651988029072254,0,1,High,0,1,1.9459101490553132,0.22834589983473833,0.6256733454395628,0,1
MN0302,Lower East Side,Manhattan,23.39,34,5.32,158,12.56,140,280679.9482,5.768,6,6,0,5,1,2023-06-30,MN03,234.0,0.0,0.25651988029072254,0,1,High,0,1,1.9459101490553132,0.22834589983473833,0.6256733454395628,0,1
MN0302,Lower East Side,Manhattan,23.39,34,5.32,158,12.56,140,280679.9482,5.768,6,6,0,5,1,2023-07-31,MN03,206.0,0.0,0.25651988029072254,0,1,High,0,1,1.9459101490553132,0.22834589983473833,0.6256733454395628,0,1
MN0302,Lower East Side,Manhattan,23.39,34,5.32,158,12.56,140,280679.9482,5.768,6,6,0,5,1,2023-08-31,MN03,305.0,0.0,0.25651988029072254,0,1,High,0,1,1.9459101490553132,0.22834589983473833,0.6256733454395628,0,1
MN0302,Lower East Side,Manhattan,23.39,34,5.32,158,12.56,140,280679.9482,5.768,6,6,0,5,1,2023-09-30,MN03,256.0,0.0,0.25651988029072254,0,1,High,0,1,1.9459101490553132,0.22834589983473833,0.6256733454395628,0,1
MN0302,Lower East Side,Manhattan,23.39,34,5.32,158,12.56,140,280679.9482,5.768,6,6,0,5,1,2023-10-31,MN03,218.0,0.0,0.25651988029072254,0,1,High,0,1,1.9459101490553132,0.22834589983473833,0.6256733454395628,0,1
MN0302,Lower East Side,Manhattan,23.39,34,5.32,158,12.56,140,280679.9482,5.768,6,6,0,5,1,2023-11-30,MN03,220.0,0.0,0.25651988029072254,0,1,High,0,1,1.9459101490553132,0.22834589983473833,0.6256733454395628,0,1
MN0302,Lower East Side,Manhattan,23.39,34,5.32,158,12.56,140,280679.9482,5.768,6,6,0,5,1,2023-12-31,MN03,205.0,0.0,0.25651988029072254,0,1,High,0,1,1.9459101490553132,0.22834589983473833,0.6256733454395628,0,1
MN0302,Lower East Side,Manhattan,23.39,34,5.32,158,12.56,140,280679.9482,5.768,6,6,0,5,1,2024-01-31,MN03,110.0,0.0,0.25651988029072254,0,1,High,0,1,1.9459101490553132,0.22834589983473833,0.6256733454395628,0,1
MN0302,Lower East Side,Manhattan,23.39,34,5.32,158,12.56,140,280679.9482,5.768,6,6,0,5,1,2024-02-29,MN03,110.0,0.0,0.25651988029072254,0,1,High,0,1,1.9459101490553132,0.22834589983473833,0.6256733454395628,0,1
MN0302,Lower East Side,Manhattan,23.39,34,5.32,158,12.56,140,280679.9482,5.768,6,6,0,5,1,2024-03-31,MN03,105.0,0.0,0.25651988029072254,0,1,High,0,1,1.9459101490553132,0.22834589983473833,0.6256733454395628,0,1
MN0302,Lower East Side,Manhattan,23.39,34,5.32,158,12.56,140,280679.9482,5.768,6,6,0,5,1,2024-04-30,MN03,99.0,0.0,0.25651988029072254,0,1,High,0,1,1.9459101490553132,0.22834589983473833,0.6256733454395628,0,1
MN0302,Lower East Side,Manhattan,23.39,34,5.32,158,12.56,140,280679.9482,5.768,6,6,0,5,1,2024-05-31,MN03,106.0,0.0,0.25651988029072254,0,1,High,0,1,1.9459101490553132,0.22834589983473833,0.6256733454395628,0,1
MN0302,Lower East Side,Manhattan,23.39,34,5.32,158,12.56,140,280679.9482,5.768,6,6,0,5,1,2024-06-30,MN03,101.0,0.0,0.25651988029072254,0,1,High,0,1,1.9459101490553132,0.22834589983473833,0.6256733454395628,0,1
MN0302,Lower East Side,Manhattan,23.39,34,5.32,158,12.56,140,280679.9482,5.768,6,6,0,5,1,2024-07-31,MN03,110.0,0.0,0.25651988029072254,0,1,High,0,1,1.9459101490553132,0.22834589983473833,0.6256733454395628,0,1
MN0302,Lower East Side,Manhattan,23.39,34,5.32,158,12.56,140,280679.9482,5.768,6,6,0,5,1,2024-08-31,MN03,111.0,0.0,0.25651988029072254,0,1,High,0,1,1.9459101490553132,0.22834589983473833,0.6256733454395628,0,1
MN0302,Lower East Side,Manhattan,23.39,34,5.32,158,12.56,140,280679.9482,5.768,6,6,0,5,1,2024-09-30,MN03,107.0,0.0,0.25651988029072254,0,1,High,0,1,1.9459101490553132,0.22834589983473833,0.6256733454395628,0,1
MN0302,Lower East Side,Manhattan,23.39,34,5.32,158,12.56,140,280679.9482,5.768,6,6,0,5,1,2024-10-31,MN03,99.0,0.0,0.25651988029072254,0,1,High,0,1,1.9459101490553132,0.22834589983473833,0.6256733454395628,0,1
MN0302,Lower East Side,Manhattan,23.39,34,5.32,158,12.56,140,280679.9482,5.768,6,6,0,5,1,2024-11-30,MN03,107.0,0.0,0.25651988029072254,0,1,High,0,1,1.9459101490553132,0.22834589983473833,0.6256733454395628,0,1
MN0302,Lower East Side,Manhattan,23.39,34,5.32,158,12.56,140,280679.9482,5.768,6,6,0,5,1,2024-12-31,MN03,92.0,0.0,0.25651988029072254,0,1,High,0,1,1.9459101490553132,0.22834589983473833,0.6256733454395628,0,1
BK0701,Windsor Terrace-South Slope,Brooklyn,13.94,119,6.39,123,10.51,174,567706.2066,5.7483,0,0,0,0,0,2023-01-31,BK07,368.0,0.0,0.0,0,0,Low,0,0,0.0,0.0,0.622667134638568,1,0
BK0701,Windsor Terrace-South Slope,Brooklyn,13.94,119,6.39,123,10.51,174,567706.2066,5.7483,0,0,0,0,0,2023-02-28,BK07,379.0,0.0,0.0,0,0,Low,0,0,0.0,0.0,0.622667134638568,1,0
BK0701,Windsor Terrace-South Slope,Brooklyn,13.94,119,6.39,123,10.51,174,567706.2066,5.7483,0,0,0,0,0,2023-03-31,BK07,379.0,0.0,0.0,0,0,Low,0,0,0.0,0.0,0.622667134638568,1,0
BK0701,Windsor Terrace-South Slope,Brooklyn,13.94,119,6.39,123,10.51,174,567706.2066,5.7483,0,0,0,0,0,2023-04-30,BK07,374.0,0.0,0.0,0,0,Low,0,0,0.0,0.0,0.622667134638568,1,0
BK0701,Windsor Terrace-South Slope,Brooklyn,13.94,119,6.39,123,10.51,174,567706.2066,5.7483,0,0,0,0,0,2023-05-31,BK07,378.0,0.0,0.0,0,0,Low,0,0,0.0,0.0,0.622667134638568,1,0
BK0701,Windsor Terrace-South Slope,Brooklyn,13.94,119,6.39,123,10.51,174,567706.2066,5.7483,0,0,0,0,0,2023-06-30,BK07,377.0,0.0,0.0,0,0,Low,0,0,0.0,0.0,0.622667134638568,1,0
BK0701,Windsor Terrace-South Slope,Brooklyn,13.94,119,6.39,123,10.51,174,567706.2066,5.7483,0,0,0,0,0,2023-07-31,BK07,379.0,0.0,0.0,0,0,Low,0,0,0.0,0.0,0.622667134638568,1,0
BK0701,Windsor Terrace-South Slope,Brooklyn,13.94,119,6.39,123,10.51,174,567706.2066,5.7483,0,0,0,0,0,2023-08-31,BK07,373.0,0.0,0.0,0,0,Low,0,0,0.0,0.0,0.622667134638568,1,0
BK0701,Windsor Terrace-South Slope,Brooklyn,13.94,119,6.39,123,10.51,174,567706.2066,5.7483,0,0,0,0,0,2023-09-30,BK07,383.0,0.0,0.0,0,0,Low,0,0,0.0,0.0,0.622667134638568,1,0
BK0701,Windsor Terrace-South Slope,Brooklyn,13.94,119,6.39,123,10.51,174,567706.2066,5.7483,0,0,0,0,0,2023-10-31,BK07,359.0,0.0,0.0,0,0,Low,0,0,0.0,0.0,0.622667134638568,1,0
BK0701,Windsor Terrace-South Slope,Brooklyn,13.94,119,6.39,123,10.51,174,567706.2066,5.7483,0,0,0,0,0,2023-11-30,BK07,364.0,0.0,0.0,0,0,Low,0,0,0.0,0.0,0.622667134638568,1,0
BK0701,Windsor Terrace-South Slope,Brooklyn,13.94,119,6.39,123,10.51,174,567706.2066,5.7483,0,0,0,0,0,2023-12-31,BK07,354.0,0.0,0.0,0,0,Low,0,0,0.0,0.0,0.622667134638568,1,0
BK0701,Windsor Terrace-South Slope,Brooklyn,13.94,119,6.39,123,10.51,174,567706.2066,5.7483,0,0,0,0,0,2024-01-31,BK07,348.0,0.0,0.0,0,0,Low,0,0,0.0,0.0,0.622667134638568,1,0
BK0701,Windsor Terrace-South Slope,Brooklyn,13.94,119,6.39,123,10.51,174,567706.2066,5.7483,0,0,0,0,0,2024-02-29,BK07,350.0,0.0,0.0,0,0,Low,0,0,0.0,0.0,0.622667134638568,1,0
BK0701,Windsor Terrace-South Slope,Brooklyn,13.94,119,6.39,123,10.51,174,567706.2066,5.7483,0,0,0,0,0,2024-03-31,BK07,333.0,0.0,0.0,0,0,Low,0,0,0.0,0.0,0.622667134638568,1,0
BK0701,Windsor Terrace-South Slope,Brooklyn,13.94,119,6.39,123,10.51,174,567706.2066,5.7483,0,0,0,0,0,2024-04-30,BK07,331.0,0.0,0.0,0,0,Low,0,0,0.0,0.0,0.622667134638568,1,0
BK0701,Windsor Terrace-South Slope,Brooklyn,13.94,119,6.39,123,10.51,174,567706.2066,5.7483,0,0,0,0,0,2024-05-31,BK07,330.0,0.0,0.0,0,0,Low,0,0,0.0,0.0,0.622667134638568,1,0
BK0701,Windsor Terrace-South Slope,Brooklyn,13.94,119,6.39,123,10.51,174,567706.2066,5.7483,0,0,0,0,0,2024-06-30,BK07,329.0,0.0,0.0,0,0,Low,0,0,0.0,0.0,0.622667134638568,1,0
BK0701,Windsor Terrace-South Slope,Brooklyn,13.94,119,6.39,123,10.51,174,567706.2066,5.7483,0,0,0,0,0,2024-07-31,BK07,332.0,0.0,0.0,0,0,Low,0,0,0.0,0.0,0.622667134638568,1,0
BK0701,Windsor Terrace-South Slope,Brooklyn,13.94,119,6.39,123,10.51,174,567706.2066,5.7483,0,0,0,0,0,2024-08-31,BK07,363.0,0.0,0.0,0,0,Low,0,0,0.0,0.0,0.622667134638568,1,0
BK0701,Windsor Terrace-South Slope,Brooklyn,13.94,119,6.39,123,10.51,174,567706.2066,5.7483,0,0,0,0,0,2024-09-30,BK07,349.0,0.0,0.0,0,0,Low,0,0,0.0,0.0,0.622667134638568,1,0
BK0701,Windsor Terrace-South Slope,Brooklyn,13.94,119,6.39,123,10.51,174,567706.2066,5.7483,0,0,0,0,0,2024-10-31,BK07,387.0,0.0,0.0,0,0,Low,0,0,0.0,0.0,0.622667134638568,1,0
BK0701,Windsor Terrace-South Slope,Brooklyn,13.94,119,6.39,123,10.51,174,567706.2066,5.7483,0,0,0,0,0,2024-11-30,BK07,378.0,0.0,0.0,0,0,Low,0,0,0.0,0.0,0.622667134638568,1,0
BK0701,Windsor Terrace-South Slope,Brooklyn,13.94,119,6.39,123,10.51,174,567706.2066,5.7483,0,0,0,0,0,2024-12-31,BK07,389.0,0.0,0.0,0,0,Low,0,0,0.0,0.0,0.622667134638568,1,0
BK1002,Dyker Heights,Brooklyn,19.65,53,6.72,116,20.72,28,871603.1507,5.7031,0,0,0,0,0,2023-01-31,BK10,0.0,0.0,0.0,0,0,Low,0,0,0.0,0.0,0.6157696357449145,1,0
BK1002,Dyker Heights,Brooklyn,19.65,53,6.72,116,20.72,28,871603.1507,5.7031,0,0,0,0,0,2023-02-28,BK10,0.0,0.0,0.0,0,0,Low,0,0,0.0,0.0,0.6157696357449145,1,0
BK1002,Dyker Heights,Brooklyn,19.65,53,6.72,116,20.72,28,871603.1507,5.7031,0,0,0,0,0,2023-03-31,BK10,0.0,0.0,0.0,0,0,Low,0,0,0.0,0.0,0.6157696357449145,1,0
BK1002,Dyker Heights,Brooklyn,19.65,53,6.72,116,20.72,28,871603.1507,5.7031,0,0,0,0,0,2023-04-30,BK10,0.0,0.0,0.0,0,0,Low,0,0,0.0,0.0,0.6157696357449145,1,0
BK1002,Dyker Heights,Brooklyn,19.65,53,6.72,116,20.72,28,871603.1507,5.7031,0,0,0,0,0,2023-05-31,BK10,0.0,0.0,0.0,0,0,Low,0,0,0.0,0.0,0.6157696357449145,1,0
BK1002,Dyker Heights,Brooklyn,19.65,53,6.72,116,20.72,28,871603.1507,5.7031,0,0,0,0,0,2023-06-30,BK10,0.0,0.0,0.0,0,0,Low,0,0,0.0,0.0,0.6157696357449145,1,0
BK1002,Dyker Heights,Brooklyn,19.65,53,6.72,116,20.72,28,871603.1507,5.7031,0,0,0,0,0,2023-07-31,BK10,0.0,0.0,0.0,0,0,Low,0,0,0.0,0.0,0.6157696357449145,1,0
BK1002,Dyker Heights,Brooklyn,19.65,53,6.72,116,20.72,28,871603.1507,5.7031,0,0,0,0,0,2023-08-31,BK10,0.0,0.0,0.0,0,0,Low,0,0,0.0,0.0,0.6157696357449145,1,0
BK1002,Dyker Heights,Brooklyn,19.65,53,6.72,116,20.72,28,871603.1507,5.7031,0,0,0,0,0,2023-09-30,BK10,0.0,0.0,0.0,0,0,Low,0,0,0.0,0.0,0.6157696357449145,1,0
BK1002,Dyker Heights,Brooklyn,19.65,53,6.72,116,20.72,28,871603.1507,5.7031,0,0,0,0,0,2023-10-31,BK10,0.0,0.0,0.0,0,0,Low,0,0,0.0,0.0,0.6157696357449145,1,0
BK1002,Dyker Heights,Brooklyn,19.65,53,6.72,116,20.72,28,871603.1507,5.7031,0,0,0,0,0,2023-11-30,BK10,0.0,0.0,0.0,0,0,Low,0,0,0.0,0.0,0.6157696357449145,1,0
BK1002,Dyker Heights,Brooklyn,19.65,53,6.72,116,20.72,28,871603.1507,5.7031,0,0,0,0,0,2023-12-31,BK10,0.0,0.0,0.0,0,0,Low,0,0,0.0,0.0,0.6157696357449145,1,0
BK1002,Dyker Heights,Brooklyn,19.65,53,6.72,116,20.72,28,871603.1507,5.7031,0,0,0,0,0,2024-01-31,BK10,0.0,0.0,0.0,0,0,Low,0,0,0.0,0.0,0.6157696357449145,1,0
BK1002,Dyker Heights,Brooklyn,19.65,53,6.72,116,20.72,28,871603.1507,5.7031,0,0,0,0,0,2024-02-29,BK10,0.0,0.0,0.0,0,0,Low,0,0,0.0,0.0,0.6157696357449145,1,0
BK1002,Dyker Heights,Brooklyn,19.65,53,6.72,116,20.72,28,871603.1507,5.7031,0,0,0,0,0,2024-03-31,BK10,0.0,0.0,0.0,0,0,Low,0,0,0.0,0.0,0.6157696357449145,1,0
BK1002,Dyker Heights,Brooklyn,19.65,53,6.72,116,20.72,28,871603.1507,5.7031,0,0,0,0,0,2024-04-30,BK10,0.0,0.0,0.0,0,0,Low,0,0,0.0,0.0,0.6157696357449145,1,0
BK1002,Dyker Heights,Brooklyn,19.65,53,6.72,116,20.72,28,871603.1507,5.7031,0,0,0,0,0,2024-05-31,BK10,0.0,0.0,0.0,0,0,Low,0,0,0.0,0.0,0.6157696357449145,1,0
BK1002,Dyker Heights,Brooklyn,19.65,53,6.72,116,20.72,28,871603.1507,5.7031,0,0,0,0,0,2024-06-30,BK10,0.0,0.0,0.0,0,0,Low,0,0,0.0,0.0,0.6157696357449145,1,0
BK1002,Dyker Heights,Brooklyn,19.65,53,6.72,116,20.72,28,871603.1507,5.7031,0,0,0,0,0,2024-07-31,BK10,0.0,0.0,0.0,0,0,Low,0,0,0.0,0.0,0.6157696357449145,1,0
BK1002,Dyker Heights,Brooklyn,19.65,53,6.72,116,20.72,28,871603.1507,5.7031,0,0,0,0,0,2024-08-31,BK10,0.0,0.0,0.0,0,0,Low,0,0,0.0,0.0,0.6157696357449145,1,0
BK1002,Dyker Heights,Brooklyn,19.65,53,6.72,116,20.72,28,871603.1507,5.7031,0,0,0,0,0,2024-09-30,BK10,0.0,0.0,0.0,0,0,Low,0,0,0.0,0.0,0.6157696357449145,1,0
BK1002,Dyker Heights,Brooklyn,19.65,53,6.72,116,20.72,28,871603.1507,5.7031,0,0,0,0,0,2024-10-31,BK10,0.0,0.0,0.0,0,0,Low,0,0,0.0,0.0,0.6157696357449145,1,0
BK1002,Dyker Heights,Brooklyn,19.65,53,6.72,116,20.72,28,871603.1507,5.7031,0,0,0,0,0,2024-11-30,BK10,0.0,0.0,0.0,0,0,Low,0,0,0.0,0.0,0.6157696357449145,1,0
BK1002,Dyker Heights,Brooklyn,19.65,53,6.72,116,20.72,28,871603.1507,5.7031,0,0,0,0,0,2024-12-31,BK10,0.0,0.0,0.0,0,0,Low,0,0,0.0,0.0,0.6157696357449145,1,0
BK0203,Fort Greene,Brooklyn,17.39,71,8.24,75,10.59,173,32229.3141,5.7024,2,2,0,2,0,2023-01-31,BK02,71.0,0.0,0.11500862564692352,0,0,Low,0,0,1.0986122886681098,0.10886214088836878,0.6156628160717827,1,0
BK0203,Fort Greene,Brooklyn,17.39,71,8.24,75,10.59,173,32229.3141,5.7024,2,2,0,2,0,2023-02-28,BK02,70.0,0.0,0.11500862564692352,0,0,Low,0,0,1.0986122886681098,0.10886214088836878,0.6156628160717827,1,0
BK0203,Fort Greene,Brooklyn,17.39,71,8.24,75,10.59,173,32229.3141,5.7024,2,2,0,2,0,2023-03-31,BK02,68.0,0.0,0.11500862564692352,0,0,Low,0,0,1.0986122886681098,0.10886214088836878,0.6156628160717827,1,0
BK0203,Fort Greene,Brooklyn,17.39,71,8.24,75,10.59,173,32229.3141,5.7024,2,2,0,2,0,2023-04-30,BK02,63.0,0.0,0.11500862564692352,0,0,Low,0,0,1.0986122886681098,0.10886214088836878,0.6156628160717827,1,0
BK0203,Fort Greene,Brooklyn,17.39,71,8.24,75,10.59,173,32229.3141,5.7024,2,2,0,2,0,2023-05-31,BK02,65.0,0.0,0.11500862564692352,0,0,Low,0,0,1.0986122886681098,0.10886214088836878,0.6156628160717827,1,0
BK0203,Fort Greene,Brooklyn,17.39,71,8.24,75,10.59,173,32229.3141,5.7024,2,2,0,2,0,2023-06-30,BK02,70.0,0.0,0.11500862564692352,0,0,Low,0,0,1.0986122886681098,0.10886214088836878,0.6156628160717827,1,0
BK0203,Fort Greene,Brooklyn,17.39,71,8.24,75,10.59,173,32229.3141,5.7024,2,2,0,2,0,2023-07-31,BK02,79.0,0.0,0.11500862564692352,0,0,Low,0,0,1.0986122886681098,0.10886214088836878,0.6156628160717827,1,0
BK0203,Fort Greene,Brooklyn,17.39,71,8.24,75,10.59,173,32229.3141,5.7024,2,2,0,2,0,2023-08-31,BK02,75.0,0.0,0.11500862564692352,0,0,Low,0,0,1.0986122886681098,0.10886214088836878,0.6156628160717827,1,0
BK0203,Fort Greene,Brooklyn,17.39,71,8.24,75,10.59,173,32229.3141,5.7024,2,2,0,2,0,2023-09-30,BK02,73.0,0.0,0.11500862564692352,0,0,Low,0,0,1.0986122886681098,0.10886214088836878,0.6156628160717827,1,0
BK0203,Fort Greene,Brooklyn,17.39,71,8.24,75,10.59,173,32229.3141,5.7024,2,2,0,2,0,2023-10-31,BK02,78.0,0.0,0.11500862564692352,0,0,Low,0,0,1.0986122886681098,0.10886214088836878,0.6156628160717827,1,0
BK0203,Fort Greene,Brooklyn,17.39,71,8.24,75,10.59,173,32229.3141,5.7024,2,2,0,2,0,2023-11-30,BK02,70.0,0.0,0.11500862564692352,0,0,Low,0,0,1.0986122886681098,0.10886214088836878,0.6156628160717827,1,0
BK0203,Fort Greene,Brooklyn,17.39,71,8.24,75,10.59,173,32229.3141,5.7024,2,2,0,2,0,2023-12-31,BK02,73.0,0.0,0.11500862564692352,0,0,Low,0,0,1.0986122886681098,0.10886214088836878,0.6156628160717827,1,0
BK0203,Fort Greene,Brooklyn,17.39,71,8.24,75,10.59,173,32229.3141,5.7024,2,2,0,2,0,2024-01-31,BK02,68.0,0.0,0.11500862564692352,0,0,Low,0,0,1.0986122886681098,0.10886214088836878,0.6156628160717827,1,0
BK0203,Fort Greene,Brooklyn,17.39,71,8.24,75,10.59,173,32229.3141,5.7024,2,2,0,2,0,2024-02-29,BK02,75.0,0.0,0.11500862564692352,0,0,Low,0,0,1.0986122886681098,0.10886214088836878,0.6156628160717827,1,0
BK0203,Fort Greene,Brooklyn,17.39,71,8.24,75,10.59,173,32229.3141,5.7024,2,2,0,2,0,2024-03-31,BK02,69.0,0.0,0.11500862564692352,0,0,Low,0,0,1.0986122886681098,0.10886214088836878,0.6156628160717827,1,0
BK0203,Fort Greene,Brooklyn,17.39,71,8.24,75,10.59,173,32229.3141,5.7024,2,2,0,2,0,2024-04-30,BK02,72.0,0.0,0.11500862564692352,0,0,Low,0,0,1.0986122886681098,0.10886214088836878,0.6156628160717827,1,0
BK0203,Fort Greene,Brooklyn,17.39,71,8.24,75,10.59,173,32229.3141,5.7024,2,2,0,2,0,2024-05-31,BK02,67.0,0.0,0.11500862564692352,0,0,Low,0,0,1.0986122886681098,0.10886214088836878,0.6156628160717827,1,0
BK0203,Fort Greene,Brooklyn,17.39,71,8.24,75,10.59,173,32229.3141,5.7024,2,2,0,2,0,2024-06-30,BK02,66.0,0.0,0.11500862564692352,0,0,Low,0,0,1.0986122886681098,0.10886214088836878,0.6156628160717827,1,0
BK0203,Fort Greene,Brooklyn,17.39,71,8.24,75,10.59,173,32229.3141,5.7024,2,2,0,2,0,2024-07-31,BK02,71.0,0.0,0.11500862564692352,0,0,Low,0,0,1.0986122886681098,0.10886214088836878,0.6156628160717827,1,0
BK0203,Fort Greene,Brooklyn,17.39,71,8.24,75,10.59,173,32229.3141,5.7024,2,2,0,2,0,2024-08-31,BK02,75.0,0.0,0.11500862564692352,0,0,Low,0,0,1.0986122886681098,0.10886214088836878,0.6156628160717827,1,0
BK0203,Fort Greene,Brooklyn,17.39,71,8.24,75,10.59,173,32229.3141,5.7024,2,2,0,2,0,2024-09-30,BK02,74.0,0.0,0.11500862564692352,0,0,Low,0,0,1.0986122886681098,0.10886214088836878,0.6156628160717827,1,0
BK0203,Fort Greene,Brooklyn,17.39,71,8.24,75,10.59,173,32229.3141,5.7024,2,2,0,2,0,2024-10-31,BK02,75.0,0.0,0.11500862564692352,0,0,Low,0,0,1.0986122886681098,0.10886214088836878,0.6156628160717827,1,0
BK0203,Fort Greene,Brooklyn,17.39,71,8.24,75,10.59,173,32229.3141,5.7024,2,2,0,2,0,2024-11-30,BK02,74.0,0.0,0.11500862564692352,0,0,Low,0,0,1.0986122886681098,0.10886214088836878,0.6156628160717827,1,0
BK0203,Fort Greene,Brooklyn,17.39,71,8.24,75,10.59,173,32229.3141,5.7024,2,2,0,2,0,2024-12-31,BK02,67.0,0.0,0.11500862564692352,0,0,Low,0,0,1.0986122886681098,0.10886214088836878,0.6156628160717827,1,0
SI0203,Todt Hill-Emerson Hill-Lighthouse Hill-Manor Heights,Staten Island,23.78,32,5.52,145,10.84,169,577956.4114,5.6998,1,1,1,1,0,2023-01-31,SI02,0.0,0.0,0.04205214465937763,0,0,Low,1,0,0.6931471805599453,0.04119198493836062,0.6152660572858647,1,0
SI0203,Todt Hill-Emerson Hill-Lighthouse Hill-Manor Heights,Staten Island,23.78,32,5.52,145,10.84,169,577956.4114,5.6998,1,1,1,1,0,2023-02-28,SI02,0.0,0.0,0.04205214465937763,0,0,Low,1,0,0.6931471805599453,0.04119198493836062,0.6152660572858647,1,0
SI0203,Todt Hill-Emerson Hill-Lighthouse Hill-Manor Heights,Staten Island,23.78,32,5.52,145,10.84,169,577956.4114,5.6998,1,1,1,1,0,2023-03-31,SI02,0.0,0.0,0.04205214465937763,0,0,Low,1,0,0.6931471805599453,0.04119198493836062,0.6152660572858647,1,0
SI0203,Todt Hill-Emerson Hill-Lighthouse Hill-Manor Heights,Staten Island,23.78,32,5.52,145,10.84,169,577956.4114,5.6998,1,1,1,1,0,2023-04-30,SI02,0.0,0.0,0.04205214465937763,0,0,Low,1,0,0.6931471805599453,0.04119198493836062,0.6152660572858647,1,0
SI0203,Todt Hill-Emerson Hill-Lighthouse Hill-Manor Heights,Staten Island,23.78,32,5.52,145,10.84,169,577956.4114,5.6998,1,1,1,1,0,2023-05-31,SI02,0.0,0.0,0.04205214465937763,0,0,Low,1,0,0.6931471805599453,0.04119198493836062,0.6152660572858647,1,0
SI0203,Todt Hill-Emerson Hill-Lighthouse Hill-Manor Heights,Staten Island,23.78,32,5.52,145,10.84,169,577956.4114,5.6998,1,1,1,1,0,2023-06-30,SI02,0.0,0.0,0.04205214465937763,0,0,Low,1,0,0.6931471805599453,0.04119198493836062,0.6152660572858647,1,0
SI0203,Todt Hill-Emerson Hill-Lighthouse Hill-Manor Heights,Staten Island,23.78,32,5.52,145,10.84,169,577956.4114,5.6998,1,1,1,1,0,2023-07-31,SI02,0.0,0.0,0.04205214465937763,0,0,Low,1,0,0.6931471805599453,0.04119198493836062,0.6152660572858647,1,0
SI0203,Todt Hill-Emerson Hill-Lighthouse Hill-Manor Heights,Staten Island,23.78,32,5.52,145,10.84,169,577956.4114,5.6998,1,1,1,1,0,2023-08-31,SI02,0.0,0.0,0.04205214465937763,0,0,Low,1,0,0.6931471805599453,0.04119198493836062,0.6152660572858647,1,0
SI0203,Todt Hill-Emerson Hill-Lighthouse Hill-Manor Heights,Staten Island,23.78,32,5.52,145,10.84,169,577956.4114,5.6998,1,1,1,1,0,2023-09-30,SI02,0.0,0.0,0.04205214465937763,0,0,Low,1,0,0.6931471805599453,0.04119198493836062,0.6152660572858647,1,0
SI0203,Todt Hill-Emerson Hill-Lighthouse Hill-Manor Heights,Staten Island,23.78,32,5.52,145,10.84,169,577956.4114,5.6998,1,1,1,1,0,2023-10-31,SI02,0.0,0.0,0.04205214465937763,0,0,Low,1,0,0.6931471805599453,0.04119198493836062,0.6152660572858647,1,0
SI0203,Todt Hill-Emerson Hill-Lighthouse Hill-Manor Heights,Staten Island,23.78,32,5.52,145,10.84,169,577956.4114,5.6998,1,1,1,1,0,2023-11-30,SI02,0.0,0.0,0.04205214465937763,0,0,Low,1,0,0.6931471805599453,0.04119198493836062,0.6152660572858647,1,0
SI0203,Todt Hill-Emerson Hill-Lighthouse Hill-Manor Heights,Staten Island,23.78,32,5.52,145,10.84,169,577956.4114,5.6998,1,1,1,1,0,2023-12-31,SI02,0.0,0.0,0.04205214465937763,0,0,Low,1,0,0.6931471805599453,0.04119198493836062,0.6152660572858647,1,0
SI0203,Todt Hill-Emerson Hill-Lighthouse Hill-Manor Heights,Staten Island,23.78,32,5.52,145,10.84,169,577956.4114,5.6998,1,1,1,1,0,2024-01-31,SI02,0.0,0.0,0.04205214465937763,0,0,Low,1,0,0.6931471805599453,0.04119198493836062,0.6152660572858647,1,0
SI0203,Todt Hill-Emerson Hill-Lighthouse Hill-Manor Heights,Staten Island,23.78,32,5.52,145,10.84,169,577956.4114,5.6998,1,1,1,1,0,2024-02-29,SI02,0.0,0.0,0.04205214465937763,0,0,Low,1,0,0.6931471805599453,0.04119198493836062,0.6152660572858647,1,0
SI0203,Todt Hill-Emerson Hill-Lighthouse Hill-Manor Heights,Staten Island,23.78,32,5.52,145,10.84,169,577956.4114,5.6998,1,1,1,1,0,2024-03-31,SI02,0.0,0.0,0.04205214465937763,0,0,Low,1,0,0.6931471805599453,0.04119198493836062,0.6152660572858647,1,0
SI0203,Todt Hill-Emerson Hill-Lighthouse Hill-Manor Heights,Staten Island,23.78,32,5.52,145,10.84,169,577956.4114,5.6998,1,1,1,1,0,2024-04-30,SI02,0.0,0.0,0.04205214465937763,0,0,Low,1,0,0.6931471805599453,0.04119198493836062,0.6152660572858647,1,0
SI0203,Todt Hill-Emerson Hill-Lighthouse Hill-Manor Heights,Staten Island,23.78,32,5.52,145,10.84,169,577956.4114,5.6998,1,1,1,1,0,2024-05-31,SI02,0.0,0.0,0.04205214465937763,0,0,Low,1,0,0.6931471805599453,0.04119198493836062,0.6152660572858647,1,0
SI0203,Todt Hill-Emerson Hill-Lighthouse Hill-Manor Heights,Staten Island,23.78,32,5.52,145,10.84,169,577956.4114,5.6998,1,1,1,1,0,2024-06-30,SI02,0.0,0.0,0.04205214465937763,0,0,Low,1,0,0.6931471805599453,0.04119198493836062,0.6152660572858647,1,0
SI0203,Todt Hill-Emerson Hill-Lighthouse Hill-Manor Heights,Staten Island,23.78,32,5.52,145,10.84,169,577956.4114,5.6998,1,1,1,1,0,2024-07-31,SI02,0.0,0.0,0.04205214465937763,0,0,Low,1,0,0.6931471805599453,0.04119198493836062,0.6152660572858647,1,0
SI0203,Todt Hill-Emerson Hill-Lighthouse Hill-Manor Heights,Staten Island,23.78,32,5.52,145,10.84,169,577956.4114,5.6998,1,1,1,1,0,2024-08-31,SI02,0.0,0.0,0.04205214465937763,0,0,Low,1,0,0.6931471805599453,0.04119198493836062,0.6152660572858647,1,0
SI0203,Todt Hill-Emerson Hill-Lighthouse Hill-Manor Heights,Staten Island,23.78,32,5.52,145,10.84,169,577956.4114,5.6998,1,1,1,1,0,2024-09-30,SI02,0.0,0.0,0.04205214465937763,0,0,Low,1,0,0.6931471805599453,0.04119198493836062,0.6152660572858647,1,0
SI0203,Todt Hill-Emerson Hill-Lighthouse Hill-Manor Heights,Staten Island,23.78,32,5.52,145,10.84,169,577956.4114,5.6998,1,1,1,1,0,2024-10-31,SI02,0.0,0.0,0.04205214465937763,0,0,Low,1,0,0.6931471805599453,0.04119198493836062,0.6152660572858647,1,0
SI0203,Todt Hill-Emerson Hill-Lighthouse Hill-Manor Heights,Staten Island,23.78,32,5.52,145,10.84,169,577956.4114,5.6998,1,1,1,1,0,2024-11-30,SI02,0.0,0.0,0.04205214465937763,0,0,Low,1,0,0.6931471805599453,0.04119198493836062,0.6152660572858647,1,0
SI0203,Todt Hill-Emerson Hill-Lighthouse Hill-Manor Heights,Staten Island,23.78,32,5.52,145,10.84,169,577956.4114,5.6998,1,1,1,1,0,2024-12-31,SI02,0.0,0.0,0.04205214465937763,0,0,Low,1,0,0.6931471805599453,0.04119198493836062,0.6152660572858647,1,0
BX0902,Soundview-Clason Point,Bronx,18.22,63,10.91,28,11.04,168,-42009.3546,5.6944,3,3,0,1,2,2023-01-31,BX09,1197.0,1.0,0.16465422612513722,0,1,High,0,1,1.3862943611198906,0.15242424135402483,0.6144420198074194,0,1
BX0902,Soundview-Clason Point,Bronx,18.22,63,10.91,28,11.04,168,-42009.3546,5.6944,3,3,0,1,2,2023-02-28,BX09,1216.0,1.0,0.16465422612513722,0,1,High,0,1,1.3862943611198906,0.15242424135402483,0.6144420198074194,0,1
BX0902,Soundview-Clason Point,Bronx,18.22,63,10.91,28,11.04,168,-42009.3546,5.6944,3,3,0,1,2,2023-03-31,BX09,1220.0,1.0,0.16465422612513722,0,1,High,0,1,1.3862943611198906,0.15242424135402483,0.6144420198074194,0,1
BX0902,Soundview-Clason Point,Bronx,18.22,63,10.91,28,11.04,168,-42009.3546,5.6944,3,3,0,1,2,2023-04-30,BX09,1233.0,1.0,0.16465422612513722,0,1,High,0,1,1.3862943611198906,0.15242424135402483,0.6144420198074194,0,1
BX0902,Soundview-Clason Point,Bronx,18.22,63,10.91,28,11.04,168,-42009.3546,5.6944,3,3,0,1,2,2023-05-31,BX09,1251.0,1.0,0.16465422612513722,0,1,High,0,1,1.3862943611198906,0.15242424135402483,0.6144420198074194,0,1
BX0902,Soundview-Clason Point,Bronx,18.22,63,10.91,28,11.04,168,-42009.3546,5.6944,3,3,0,1,2,2023-06-30,BX09,1231.0,1.0,0.16465422612513722,0,1,High,0,1,1.3862943611198906,0.15242424135402483,0.6144420198074194,0,1
BX0902,Soundview-Clason Point,Bronx,18.22,63,10.91,28,11.04,168,-42009.3546,5.6944,3,3,0,1,2,2023-07-31,BX09,1227.0,1.0,0.16465422612513722,0,1,High,0,1,1.3862943611198906,0.15242424135402483,0.6144420198074194,0,1
BX0902,Soundview-Clason Point,Bronx,18.22,63,10.91,28,11.04,168,-42009.3546,5.6944,3,3,0,1,2,2023-08-31,BX09,1245.0,1.0,0.16465422612513722,0,1,High,0,1,1.3862943611198906,0.15242424135402483,0.6144420198074194,0,1
BX0902,Soundview-Clason Point,Bronx,18.22,63,10.91,28,11.04,168,-42009.3546,5.6944,3,3,0,1,2,2023-09-30,BX09,1240.0,1.0,0.16465422612513722,0,1,High,0,1,1.3862943611198906,0.15242424135402483,0.6144420198074194,0,1
BX0902,Soundview-Clason Point,Bronx,18.22,63,10.91,28,11.04,168,-42009.3546,5.6944,3,3,0,1,2,2023-10-31,BX09,1211.0,1.0,0.16465422612513722,0,1,High,0,1,1.3862943611198906,0.15242424135402483,0.6144420198074194,0,1
BX0902,Soundview-Clason Point,Bronx,18.22,63,10.91,28,11.04,168,-42009.3546,5.6944,3,3,0,1,2,2023-11-30,BX09,1196.0,1.0,0.16465422612513722,0,1,High,0,1,1.3862943611198906,0.15242424135402483,0.6144420198074194,0,1
BX0902,Soundview-Clason Point,Bronx,18.22,63,10.91,28,11.04,168,-42009.3546,5.6944,3,3,0,1,2,2023-12-31,BX09,1140.0,1.0,0.16465422612513722,0,1,High,0,1,1.3862943611198906,0.15242424135402483,0.6144420198074194,0,1
BX0902,Soundview-Clason Point,Bronx,18.22,63,10.91,28,11.04,168,-42009.3546,5.6944,3,3,0,1,2,2024-01-31,BX09,1166.0,1.0,0.16465422612513722,0,1,High,0,1,1.3862943611198906,0.15242424135402483,0.6144420198074194,0,1
BX0902,Soundview-Clason Point,Bronx,18.22,63,10.91,28,11.04,168,-42009.3546,5.6944,3,3,0,1,2,2024-02-29,BX09,1166.0,1.0,0.16465422612513722,0,1,High,0,1,1.3862943611198906,0.15242424135402483,0.6144420198074194,0,1
BX0902,Soundview-Clason Point,Bronx,18.22,63,10.91,28,11.04,168,-42009.3546,5.6944,3,3,0,1,2,2024-03-31,BX09,1173.0,1.0,0.16465422612513722,0,1,High,0,1,1.3862943611198906,0.15242424135402483,0.6144420198074194,0,1
BX0902,Soundview-Clason Point,Bronx,18.22,63,10.91,28,11.04,168,-42009.3546,5.6944,3,3,0,1,2,2024-04-30,BX09,1279.0,1.0,0.16465422612513722,0,1,High,0,1,1.3862943611198906,0.15242424135402483,0.6144420198074194,0,1
BX0902,Soundview-Clason Point,Bronx,18.22,63,10.91,28,11.04,168,-42009.3546,5.6944,3,3,0,1,2,2024-05-31,BX09,1366.0,1.0,0.16465422612513722,0,1,High,0,1,1.3862943611198906,0.15242424135402483,0.6144420198074194,0,1
BX0902,Soundview-Clason Point,Bronx,18.22,63,10.91,28,11.04,168,-42009.3546,5.6944,3,3,0,1,2,2024-06-30,BX09,1532.0,1.0,0.16465422612513722,0,1,High,0,1,1.3862943611198906,0.15242424135402483,0.6144420198074194,0,1
BX0902,Soundview-Clason Point,Bronx,18.22,63,10.91,28,11.04,168,-42009.3546,5.6944,3,3,0,1,2,2024-07-31,BX09,1548.0,1.0,0.16465422612513722,0,1,High,0,1,1.3862943611198906,0.15242424135402483,0.6144420198074194,0,1
BX0902,Soundview-Clason Point,Bronx,18.22,63,10.91,28,11.04,168,-42009.3546,5.6944,3,3,0,1,2,2024-08-31,BX09,1568.0,1.0,0.16465422612513722,0,1,High,0,1,1.3862943611198906,0.15242424135402483,0.6144420198074194,0,1
BX0902,Soundview-Clason Point,Bronx,18.22,63,10.91,28,11.04,168,-42009.3546,5.6944,3,3,0,1,2,2024-09-30,BX09,1518.0,1.0,0.16465422612513722,0,1,High,0,1,1.3862943611198906,0.15242424135402483,0.6144420198074194,0,1
BX0902,Soundview-Clason Point,Bronx,18.22,63,10.91,28,11.04,168,-42009.3546,5.6944,3,3,0,1,2,2024-10-31,BX09,1535.0,1.0,0.16465422612513722,0,1,High,0,1,1.3862943611198906,0.15242424135402483,0.6144420198074194,0,1
BX0902,Soundview-Clason Point,Bronx,18.22,63,10.91,28,11.04,168,-42009.3546,5.6944,3,3,0,1,2,2024-11-30,BX09,1528.0,1.0,0.16465422612513722,0,1,High,0,1,1.3862943611198906,0.15242424135402483,0.6144420198074194,0,1
BX0902,Soundview-Clason Point,Bronx,18.22,63,10.91,28,11.04,168,-42009.3546,5.6944,3,3,0,1,2,2024-12-31,BX09,1550.0,1.0,0.16465422612513722,0,1,High,0,1,1.3862943611198906,0.15242424135402483,0.6144420198074194,0,1
BK1403,Midwood,Brooklyn,15.05,102,5.66,139,16.66,65,329602.3106,5.6832,0,0,0,0,0,2023-01-31,BK14,88.0,0.0,0.0,0,0,Low,0,0,0.0,0.0,0.6127329050373105,1,0
BK1403,Midwood,Brooklyn,15.05,102,5.66,139,16.66,65,329602.3106,5.6832,0,0,0,0,0,2023-02-28,BK14,85.0,0.0,0.0,0,0,Low,0,0,0.0,0.0,0.6127329050373105,1,0
BK1403,Midwood,Brooklyn,15.05,102,5.66,139,16.66,65,329602.3106,5.6832,0,0,0,0,0,2023-03-31,BK14,85.0,0.0,0.0,0,0,Low,0,0,0.0,0.0,0.6127329050373105,1,0
BK1403,Midwood,Brooklyn,15.05,102,5.66,139,16.66,65,329602.3106,5.6832,0,0,0,0,0,2023-04-30,BK14,91.0,0.0,0.0,0,0,Low,0,0,0.0,0.0,0.6127329050373105,1,0
BK1403,Midwood,Brooklyn,15.05,102,5.66,139,16.66,65,329602.3106,5.6832,0,0,0,0,0,2023-05-31,BK14,88.0,0.0,0.0,0,0,Low,0,0,0.0,0.0,0.6127329050373105,1,0
BK1403,Midwood,Brooklyn,15.05,102,5.66,139,16.66,65,329602.3106,5.6832,0,0,0,0,0,2023-06-30,BK14,87.0,0.0,0.0,0,0,Low,0,0,0.0,0.0,0.6127329050373105,1,0
BK1403,Midwood,Brooklyn,15.05,102,5.66,139,16.66,65,329602.3106,5.6832,0,0,0,0,0,2023-07-31,BK14,86.0,0.0,0.0,0,0,Low,0,0,0.0,0.0,0.6127329050373105,1,0
BK1403,Midwood,Brooklyn,15.05,102,5.66,139,16.66,65,329602.3106,5.6832,0,0,0,0,0,2023-08-31,BK14,88.0,0.0,0.0,0,0,Low,0,0,0.0,0.0,0.6127329050373105,1,0
BK1403,Midwood,Brooklyn,15.05,102,5.66,139,16.66,65,329602.3106,5.6832,0,0,0,0,0,2023-09-30,BK14,92.0,0.0,0.0,0,0,Low,0,0,0.0,0.0,0.6127329050373105,1,0
BK1403,Midwood,Brooklyn,15.05,102,5.66,139,16.66,65,329602.3106,5.6832,0,0,0,0,0,2023-10-31,BK14,91.0,0.0,0.0,0,0,Low,0,0,0.0,0.0,0.6127329050373105,1,0
BK1403,Midwood,Brooklyn,15.05,102,5.66,139,16.66,65,329602.3106,5.6832,0,0,0,0,0,2023-11-30,BK14,83.0,0.0,0.0,0,0,Low,0,0,0.0,0.0,0.6127329050373105,1,0
BK1403,Midwood,Brooklyn,15.05,102,5.66,139,16.66,65,329602.3106,5.6832,0,0,0,0,0,2023-12-31,BK14,92.0,0.0,0.0,0,0,Low,0,0,0.0,0.0,0.6127329050373105,1,0
BK1403,Midwood,Brooklyn,15.05,102,5.66,139,16.66,65,329602.3106,5.6832,0,0,0,0,0,2024-01-31,BK14,86.0,0.0,0.0,0,0,Low,0,0,0.0,0.0,0.6127329050373105,1,0
BK1403,Midwood,Brooklyn,15.05,102,5.66,139,16.66,65,329602.3106,5.6832,0,0,0,0,0,2024-02-29,BK14,88.0,0.0,0.0,0,0,Low,0,0,0.0,0.0,0.6127329050373105,1,0
BK1403,Midwood,Brooklyn,15.05,102,5.66,139,16.66,65,329602.3106,5.6832,0,0,0,0,0,2024-03-31,BK14,84.0,0.0,0.0,0,0,Low,0,0,0.0,0.0,0.6127329050373105,1,0
BK1403,Midwood,Brooklyn,15.05,102,5.66,139,16.66,65,329602.3106,5.6832,0,0,0,0,0,2024-04-30,BK14,74.0,0.0,0.0,0,0,Low,0,0,0.0,0.0,0.6127329050373105,1,0
BK1403,Midwood,Brooklyn,15.05,102,5.66,139,16.66,65,329602.3106,5.6832,0,0,0,0,0,2024-05-31,BK14,77.0,0.0,0.0,0,0,Low,0,0,0.0,0.0,0.6127329050373105,1,0
BK1403,Midwood,Brooklyn,15.05,102,5.66,139,16.66,65,329602.3106,5.6832,0,0,0,0,0,2024-06-30,BK14,89.0,0.0,0.0,0,0,Low,0,0,0.0,0.0,0.6127329050373105,1,0
BK1403,Midwood,Brooklyn,15.05,102,5.66,139,16.66,65,329602.3106,5.6832,0,0,0,0,0,2024-07-31,BK14,91.0,0.0,0.0,0,0,Low,0,0,0.0,0.0,0.6127329050373105,1,0
BK1403,Midwood,Brooklyn,15.05,102,5.66,139,16.66,65,329602.3106,5.6832,0,0,0,0,0,2024-08-31,BK14,92.0,0.0,0.0,0,0,Low,0,0,0.0,0.0,0.6127329050373105,1,0
BK1403,Midwood,Brooklyn,15.05,102,5.66,139,16.66,65,329602.3106,5.6832,0,0,0,0,0,2024-09-30,BK14,88.0,0.0,0.0,0,0,Low,0,0,0.0,0.0,0.6127329050373105,1,0
BK1403,Midwood,Brooklyn,15.05,102,5.66,139,16.66,65,329602.3106,5.6832,0,0,0,0,0,2024-10-31,BK14,90.0,0.0,0.0,0,0,Low,0,0,0.0,0.0,0.6127329050373105,1,0
BK1403,Midwood,Brooklyn,15.05,102,5.66,139,16.66,65,329602.3106,5.6832,0,0,0,0,0,2024-11-30,BK14,88.0,0.0,0.0,0,0,Low,0,0,0.0,0.0,0.6127329050373105,1,0
BK1403,Midwood,Brooklyn,15.05,102,5.66,139,16.66,65,329602.3106,5.6832,0,0,0,0,0,2024-12-31,BK14,90.0,0.0,0.0,0,0,Low,0,0,0.0,0.0,0.6127329050373105,1,0
BX0703,Norwood,Bronx,18.75,61,10.0,33,23.44,22,-502278.5904,5.6821,3,3,0,2,2,2023-01-31,BX07,450.0,0.0,0.16,0,1,High,0,1,1.3862943611198906,0.14842000511827327,0.6125650455509607,0,1
BX0703,Norwood,Bronx,18.75,61,10.0,33,23.44,22,-502278.5904,5.6821,3,3,0,2,2,2023-02-28,BX07,452.0,0.0,0.16,0,1,High,0,1,1.3862943611198906,0.14842000511827327,0.6125650455509607,0,1
BX0703,Norwood,Bronx,18.75,61,10.0,33,23.44,22,-502278.5904,5.6821,3,3,0,2,2,2023-03-31,BX07,464.0,0.0,0.16,0,1,High,0,1,1.3862943611198906,0.14842000511827327,0.6125650455509607,0,1
BX0703,Norwood,Bronx,18.75,61,10.0,33,23.44,22,-502278.5904,5.6821,3,3,0,2,2,2023-04-30,BX07,482.0,0.0,0.16,0,1,High,0,1,1.3862943611198906,0.14842000511827327,0.6125650455509607,0,1
BX0703,Norwood,Bronx,18.75,61,10.0,33,23.44,22,-502278.5904,5.6821,3,3,0,2,2,2023-05-31,BX07,478.0,0.0,0.16,0,1,High,0,1,1.3862943611198906,0.14842000511827327,0.6125650455509607,0,1
BX0703,Norwood,Bronx,18.75,61,10.0,33,23.44,22,-502278.5904,5.6821,3,3,0,2,2,2023-06-30,BX07,476.0,0.0,0.16,0,1,High,0,1,1.3862943611198906,0.14842000511827327,0.6125650455509607,0,1
BX0703,Norwood,Bronx,18.75,61,10.0,33,23.44,22,-502278.5904,5.6821,3,3,0,2,2,2023-07-31,BX07,474.0,0.0,0.16,0,1,High,0,1,1.3862943611198906,0.14842000511827327,0.6125650455509607,0,1
BX0703,Norwood,Bronx,18.75,61,10.0,33,23.44,22,-502278.5904,5.6821,3,3,0,2,2,2023-08-31,BX07,488.0,0.0,0.16,0,1,High,0,1,1.3862943611198906,0.14842000511827327,0.6125650455509607,0,1
BX0703,Norwood,Bronx,18.75,61,10.0,33,23.44,22,-502278.5904,5.6821,3,3,0,2,2,2023-09-30,BX07,493.0,0.0,0.16,0,1,High,0,1,1.3862943611198906,0.14842000511827327,0.6125650455509607,0,1
BX0703,Norwood,Bronx,18.75,61,10.0,33,23.44,22,-502278.5904,5.6821,3,3,0,2,2,2023-10-31,BX07,489.0,0.0,0.16,0,1,High,0,1,1.3862943611198906,0.14842000511827327,0.6125650455509607,0,1
BX0703,Norwood,Bronx,18.75,61,10.0,33,23.44,22,-502278.5904,5.6821,3,3,0,2,2,2023-11-30,BX07,476.0,0.0,0.16,0,1,High,0,1,1.3862943611198906,0.14842000511827327,0.6125650455509607,0,1
BX0703,Norwood,Bronx,18.75,61,10.0,33,23.44,22,-502278.5904,5.6821,3,3,0,2,2,2023-12-31,BX07,456.0,0.0,0.16,0,1,High,0,1,1.3862943611198906,0.14842000511827327,0.6125650455509607,0,1
BX0703,Norwood,Bronx,18.75,61,10.0,33,23.44,22,-502278.5904,5.6821,3,3,0,2,2,2024-01-31,BX07,451.0,0.0,0.16,0,1,High,0,1,1.3862943611198906,0.14842000511827327,0.6125650455509607,0,1
BX0703,Norwood,Bronx,18.75,61,10.0,33,23.44,22,-502278.5904,5.6821,3,3,0,2,2,2024-02-29,BX07,457.0,0.0,0.16,0,1,High,0,1,1.3862943611198906,0.14842000511827327,0.6125650455509607,0,1
BX0703,Norwood,Bronx,18.75,61,10.0,33,23.44,22,-502278.5904,5.6821,3,3,0,2,2,2024-03-31,BX07,441.0,0.0,0.16,0,1,High,0,1,1.3862943611198906,0.14842000511827327,0.6125650455509607,0,1
BX0703,Norwood,Bronx,18.75,61,10.0,33,23.44,22,-502278.5904,5.6821,3,3,0,2,2,2024-04-30,BX07,438.0,0.0,0.16,0,1,High,0,1,1.3862943611198906,0.14842000511827327,0.6125650455509607,0,1
BX0703,Norwood,Bronx,18.75,61,10.0,33,23.44,22,-502278.5904,5.6821,3,3,0,2,2,2024-05-31,BX07,439.0,0.0,0.16,0,1,High,0,1,1.3862943611198906,0.14842000511827327,0.6125650455509607,0,1
BX0703,Norwood,Bronx,18.75,61,10.0,33,23.44,22,-502278.5904,5.6821,3,3,0,2,2,2024-06-30,BX07,439.0,0.0,0.16,0,1,High,0,1,1.3862943611198906,0.14842000511827327,0.6125650455509607,0,1
BX0703,Norwood,Bronx,18.75,61,10.0,33,23.44,22,-502278.5904,5.6821,3,3,0,2,2,2024-07-31,BX07,434.0,0.0,0.16,0,1,High,0,1,1.3862943611198906,0.14842000511827327,0.6125650455509607,0,1
BX0703,Norwood,Bronx,18.75,61,10.0,33,23.44,22,-502278.5904,5.6821,3,3,0,2,2,2024-08-31,BX07,418.0,0.0,0.16,0,1,High,0,1,1.3862943611198906,0.14842000511827327,0.6125650455509607,0,1
BX0703,Norwood,Bronx,18.75,61,10.0,33,23.44,22,-502278.5904,5.6821,3,3,0,2,2,2024-09-30,BX07,408.0,0.0,0.16,0,1,High,0,1,1.3862943611198906,0.14842000511827327,0.6125650455509607,0,1
BX0703,Norwood,Bronx,18.75,61,10.0,33,23.44,22,-502278.5904,5.6821,3,3,0,2,2,2024-10-31,BX07,433.0,0.0,0.16,0,1,High,0,1,1.3862943611198906,0.14842000511827327,0.6125650455509607,0,1
BX0703,Norwood,Bronx,18.75,61,10.0,33,23.44,22,-502278.5904,5.6821,3,3,0,2,2,2024-11-30,BX07,569.0,0.0,0.16,0,1,High,0,1,1.3862943611198906,0.14842000511827327,0.6125650455509607,0,1
BX0703,Norwood,Bronx,18.75,61,10.0,33,23.44,22,-502278.5904,5.6821,3,3,0,2,2,2024-12-31,BX07,569.0,0.0,0.16,0,1,High,0,1,1.3862943611198906,0.14842000511827327,0.6125650455509607,0,1
QN1102,Bayside,Queens,12.79,133,4.4,179,13.86,112,735286.4874,5.6735,0,0,0,0,0,2023-01-31,QN11,0.0,0.0,0.0,0,0,Low,0,0,0.0,0.0,0.6112526895667698,1,0
QN1102,Bayside,Queens,12.79,133,4.4,179,13.86,112,735286.4874,5.6735,0,0,0,0,0,2023-02-28,QN11,0.0,0.0,0.0,0,0,Low,0,0,0.0,0.0,0.6112526895667698,1,0
QN1102,Bayside,Queens,12.79,133,4.4,179,13.86,112,735286.4874,5.6735,0,0,0,0,0,2023-03-31,QN11,0.0,0.0,0.0,0,0,Low,0,0,0.0,0.0,0.6112526895667698,1,0
QN1102,Bayside,Queens,12.79,133,4.4,179,13.86,112,735286.4874,5.6735,0,0,0,0,0,2023-04-30,QN11,0.0,0.0,0.0,0,0,Low,0,0,0.0,0.0,0.6112526895667698,1,0
QN1102,Bayside,Queens,12.79,133,4.4,179,13.86,112,735286.4874,5.6735,0,0,0,0,0,2023-05-31,QN11,0.0,0.0,0.0,0,0,Low,0,0,0.0,0.0,0.6112526895667698,1,0
QN1102,Bayside,Queens,12.79,133,4.4,179,13.86,112,735286.4874,5.6735,0,0,0,0,0,2023-06-30,QN11,0.0,0.0,0.0,0,0,Low,0,0,0.0,0.0,0.6112526895667698,1,0
QN1102,Bayside,Queens,12.79,133,4.4,179,13.86,112,735286.4874,5.6735,0,0,0,0,0,2023-07-31,QN11,0.0,0.0,0.0,0,0,Low,0,0,0.0,0.0,0.6112526895667698,1,0
QN1102,Bayside,Queens,12.79,133,4.4,179,13.86,112,735286.4874,5.6735,0,0,0,0,0,2023-08-31,QN11,0.0,0.0,0.0,0,0,Low,0,0,0.0,0.0,0.6112526895667698,1,0
QN1102,Bayside,Queens,12.79,133,4.4,179,13.86,112,735286.4874,5.6735,0,0,0,0,0,2023-09-30,QN11,0.0,0.0,0.0,0,0,Low,0,0,0.0,0.0,0.6112526895667698,1,0
QN1102,Bayside,Queens,12.79,133,4.4,179,13.86,112,735286.4874,5.6735,0,0,0,0,0,2023-10-31,QN11,0.0,0.0,0.0,0,0,Low,0,0,0.0,0.0,0.6112526895667698,1,0
QN1102,Bayside,Queens,12.79,133,4.4,179,13.86,112,735286.4874,5.6735,0,0,0,0,0,2023-11-30,QN11,0.0,0.0,0.0,0,0,Low,0,0,0.0,0.0,0.6112526895667698,1,0
QN1102,Bayside,Queens,12.79,133,4.4,179,13.86,112,735286.4874,5.6735,0,0,0,0,0,2023-12-31,QN11,0.0,0.0,0.0,0,0,Low,0,0,0.0,0.0,0.6112526895667698,1,0
QN1102,Bayside,Queens,12.79,133,4.4,179,13.86,112,735286.4874,5.6735,0,0,0,0,0,2024-01-31,QN11,0.0,0.0,0.0,0,0,Low,0,0,0.0,0.0,0.6112526895667698,1,0
QN1102,Bayside,Queens,12.79,133,4.4,179,13.86,112,735286.4874,5.6735,0,0,0,0,0,2024-02-29,QN11,0.0,0.0,0.0,0,0,Low,0,0,0.0,0.0,0.6112526895667698,1,0
QN1102,Bayside,Queens,12.79,133,4.4,179,13.86,112,735286.4874,5.6735,0,0,0,0,0,2024-03-31,QN11,0.0,0.0,0.0,0,0,Low,0,0,0.0,0.0,0.6112526895667698,1,0
QN1102,Bayside,Queens,12.79,133,4.4,179,13.86,112,735286.4874,5.6735,0,0,0,0,0,2024-04-30,QN11,0.0,0.0,0.0,0,0,Low,0,0,0.0,0.0,0.6112526895667698,1,0
QN1102,Bayside,Queens,12.79,133,4.4,179,13.86,112,735286.4874,5.6735,0,0,0,0,0,2024-05-31,QN11,0.0,0.0,0.0,0,0,Low,0,0,0.0,0.0,0.6112526895667698,1,0
QN1102,Bayside,Queens,12.79,133,4.4,179,13.86,112,735286.4874,5.6735,0,0,0,0,0,2024-06-30,QN11,0.0,0.0,0.0,0,0,Low,0,0,0.0,0.0,0.6112526895667698,1,0
QN1102,Bayside,Queens,12.79,133,4.4,179,13.86,112,735286.4874,5.6735,0,0,0,0,0,2024-07-31,QN11,0.0,0.0,0.0,0,0,Low,0,0,0.0,0.0,0.6112526895667698,1,0
QN1102,Bayside,Queens,12.79,133,4.4,179,13.86,112,735286.4874,5.6735,0,0,0,0,0,2024-08-31,QN11,0.0,0.0,0.0,0,0,Low,0,0,0.0,0.0,0.6112526895667698,1,0
QN1102,Bayside,Queens,12.79,133,4.4,179,13.86,112,735286.4874,5.6735,0,0,0,0,0,2024-09-30,QN11,0.0,0.0,0.0,0,0,Low,0,0,0.0,0.0,0.6112526895667698,1,0
QN1102,Bayside,Queens,12.79,133,4.4,179,13.86,112,735286.4874,5.6735,0,0,0,0,0,2024-10-31,QN11,0.0,0.0,0.0,0,0,Low,0,0,0.0,0.0,0.6112526895667698,1,0
QN1102,Bayside,Queens,12.79,133,4.4,179,13.86,112,735286.4874,5.6735,0,0,0,0,0,2024-11-30,QN11,0.0,0.0,0.0,0,0,Low,0,0,0.0,0.0,0.6112526895667698,1,0
QN1102,Bayside,Queens,12.79,133,4.4,179,13.86,112,735286.4874,5.6735,0,0,0,0,0,2024-12-31,QN11,0.0,0.0,0.0,0,0,Low,0,0,0.0,0.0,0.6112526895667698,1,0
MN0502,Midtown-Times Square,Manhattan,33.46,4,5.77,136,15.68,84,549637.2908,5.6562,0,0,0,0,0,2023-01-31,MN05,660.0,0.0,0.0,0,0,Low,0,0,0.0,0.0,0.608612717645084,1,0
MN0502,Midtown-Times Square,Manhattan,33.46,4,5.77,136,15.68,84,549637.2908,5.6562,0,0,0,0,0,2023-02-28,MN05,347.0,0.0,0.0,0,0,Low,0,0,0.0,0.0,0.608612717645084,1,0
MN0502,Midtown-Times Square,Manhattan,33.46,4,5.77,136,15.68,84,549637.2908,5.6562,0,0,0,0,0,2023-03-31,MN05,340.0,0.0,0.0,0,0,Low,0,0,0.0,0.0,0.608612717645084,1,0
MN0502,Midtown-Times Square,Manhattan,33.46,4,5.77,136,15.68,84,549637.2908,5.6562,0,0,0,0,0,2023-04-30,MN05,328.0,0.0,0.0,0,0,Low,0,0,0.0,0.0,0.608612717645084,1,0
MN0502,Midtown-Times Square,Manhattan,33.46,4,5.77,136,15.68,84,549637.2908,5.6562,0,0,0,0,0,2023-05-31,MN05,345.0,0.0,0.0,0,0,Low,0,0,0.0,0.0,0.608612717645084,1,0
MN0502,Midtown-Times Square,Manhattan,33.46,4,5.77,136,15.68,84,549637.2908,5.6562,0,0,0,0,0,2023-06-30,MN05,353.0,0.0,0.0,0,0,Low,0,0,0.0,0.0,0.608612717645084,1,0
MN0502,Midtown-Times Square,Manhattan,33.46,4,5.77,136,15.68,84,549637.2908,5.6562,0,0,0,0,0,2023-07-31,MN05,369.0,0.0,0.0,0,0,Low,0,0,0.0,0.0,0.608612717645084,1,0
MN0502,Midtown-Times Square,Manhattan,33.46,4,5.77,136,15.68,84,549637.2908,5.6562,0,0,0,0,0,2023-08-31,MN05,1039.0,1.0,0.0,0,0,Low,0,0,0.0,0.0,0.608612717645084,1,0
MN0502,Midtown-Times Square,Manhattan,33.46,4,5.77,136,15.68,84,549637.2908,5.6562,0,0,0,0,0,2023-09-30,MN05,1106.0,1.0,0.0,0,0,Low,0,0,0.0,0.0,0.608612717645084,1,0
MN0502,Midtown-Times Square,Manhattan,33.46,4,5.77,136,15.68,84,549637.2908,5.6562,0,0,0,0,0,2023-10-31,MN05,1113.0,1.0,0.0,0,0,Low,0,0,0.0,0.0,0.608612717645084,1,0
MN0502,Midtown-Times Square,Manhattan,33.46,4,5.77,136,15.68,84,549637.2908,5.6562,0,0,0,0,0,2023-11-30,MN05,1116.0,1.0,0.0,0,0,Low,0,0,0.0,0.0,0.608612717645084,1,0
MN0502,Midtown-Times Square,Manhattan,33.46,4,5.77,136,15.68,84,549637.2908,5.6562,0,0,0,0,0,2023-12-31,MN05,1086.0,1.0,0.0,0,0,Low,0,0,0.0,0.0,0.608612717645084,1,0
MN0502,Midtown-Times Square,Manhattan,33.46,4,5.77,136,15.68,84,549637.2908,5.6562,0,0,0,0,0,2024-01-31,MN05,1035.0,1.0,0.0,0,0,Low,0,0,0.0,0.0,0.608612717645084,1,0
MN0502,Midtown-Times Square,Manhattan,33.46,4,5.77,136,15.68,84,549637.2908,5.6562,0,0,0,0,0,2024-02-29,MN05,1014.0,1.0,0.0,0,0,Low,0,0,0.0,0.0,0.608612717645084,1,0
MN0502,Midtown-Times Square,Manhattan,33.46,4,5.77,136,15.68,84,549637.2908,5.6562,0,0,0,0,0,2024-03-31,MN05,1006.0,1.0,0.0,0,0,Low,0,0,0.0,0.0,0.608612717645084,1,0
MN0502,Midtown-Times Square,Manhattan,33.46,4,5.77,136,15.68,84,549637.2908,5.6562,0,0,0,0,0,2024-04-30,MN05,1035.0,1.0,0.0,0,0,Low,0,0,0.0,0.0,0.608612717645084,1,0
MN0502,Midtown-Times Square,Manhattan,33.46,4,5.77,136,15.68,84,549637.2908,5.6562,0,0,0,0,0,2024-05-31,MN05,1028.0,1.0,0.0,0,0,Low,0,0,0.0,0.0,0.608612717645084,1,0
MN0502,Midtown-Times Square,Manhattan,33.46,4,5.77,136,15.68,84,549637.2908,5.6562,0,0,0,0,0,2024-06-30,MN05,1019.0,1.0,0.0,0,0,Low,0,0,0.0,0.0,0.608612717645084,1,0
MN0502,Midtown-Times Square,Manhattan,33.46,4,5.77,136,15.68,84,549637.2908,5.6562,0,0,0,0,0,2024-07-31,MN05,1014.0,1.0,0.0,0,0,Low,0,0,0.0,0.0,0.608612717645084,1,0
MN0502,Midtown-Times Square,Manhattan,33.46,4,5.77,136,15.68,84,549637.2908,5.6562,0,0,0,0,0,2024-08-31,MN05,1047.0,1.0,0.0,0,0,Low,0,0,0.0,0.0,0.608612717645084,1,0
MN0502,Midtown-Times Square,Manhattan,33.46,4,5.77,136,15.68,84,549637.2908,5.6562,0,0,0,0,0,2024-09-30,MN05,1003.0,1.0,0.0,0,0,Low,0,0,0.0,0.0,0.608612717645084,1,0
MN0502,Midtown-Times Square,Manhattan,33.46,4,5.77,136,15.68,84,549637.2908,5.6562,0,0,0,0,0,2024-10-31,MN05,977.0,1.0,0.0,0,0,Low,0,0,0.0,0.0,0.608612717645084,1,0
MN0502,Midtown-Times Square,Manhattan,33.46,4,5.77,136,15.68,84,549637.2908,5.6562,0,0,0,0,0,2024-11-30,MN05,982.0,1.0,0.0,0,0,Low,0,0,0.0,0.0,0.608612717645084,1,0
MN0502,Midtown-Times Square,Manhattan,33.46,4,5.77,136,15.68,84,549637.2908,5.6562,0,0,0,0,0,2024-12-31,MN05,985.0,1.0,0.0,0,0,Low,0,0,0.0,0.0,0.608612717645084,1,0
BK0101,Greenpoint,Brooklyn,12.63,137,7.35,91,12.39,147,656338.4355,5.6492,1,1,0,1,0,2023-01-31,BK01,0.0,0.0,0.0791765637371338,0,0,Low,0,0,0.6931471805599453,0.0761983093460415,0.607544520913766,1,0
BK0101,Greenpoint,Brooklyn,12.63,137,7.35,91,12.39,147,656338.4355,5.6492,1,1,0,1,0,2023-02-28,BK01,0.0,0.0,0.0791765637371338,0,0,Low,0,0,0.6931471805599453,0.0761983093460415,0.607544520913766,1,0
BK0101,Greenpoint,Brooklyn,12.63,137,7.35,91,12.39,147,656338.4355,5.6492,1,1,0,1,0,2023-03-31,BK01,0.0,0.0,0.0791765637371338,0,0,Low,0,0,0.6931471805599453,0.0761983093460415,0.607544520913766,1,0
BK0101,Greenpoint,Brooklyn,12.63,137,7.35,91,12.39,147,656338.4355,5.6492,1,1,0,1,0,2023-04-30,BK01,0.0,0.0,0.0791765637371338,0,0,Low,0,0,0.6931471805599453,0.0761983093460415,0.607544520913766,1,0
BK0101,Greenpoint,Brooklyn,12.63,137,7.35,91,12.39,147,656338.4355,5.6492,1,1,0,1,0,2023-05-31,BK01,0.0,0.0,0.0791765637371338,0,0,Low,0,0,0.6931471805599453,0.0761983093460415,0.607544520913766,1,0
BK0101,Greenpoint,Brooklyn,12.63,137,7.35,91,12.39,147,656338.4355,5.6492,1,1,0,1,0,2023-06-30,BK01,0.0,0.0,0.0791765637371338,0,0,Low,0,0,0.6931471805599453,0.0761983093460415,0.607544520913766,1,0
BK0101,Greenpoint,Brooklyn,12.63,137,7.35,91,12.39,147,656338.4355,5.6492,1,1,0,1,0,2023-07-31,BK01,0.0,0.0,0.0791765637371338,0,0,Low,0,0,0.6931471805599453,0.0761983093460415,0.607544520913766,1,0
BK0101,Greenpoint,Brooklyn,12.63,137,7.35,91,12.39,147,656338.4355,5.6492,1,1,0,1,0,2023-08-31,BK01,0.0,0.0,0.0791765637371338,0,0,Low,0,0,0.6931471805599453,0.0761983093460415,0.607544520913766,1,0
BK0101,Greenpoint,Brooklyn,12.63,137,7.35,91,12.39,147,656338.4355,5.6492,1,1,0,1,0,2023-09-30,BK01,0.0,0.0,0.0791765637371338,0,0,Low,0,0,0.6931471805599453,0.0761983093460415,0.607544520913766,1,0
BK0101,Greenpoint,Brooklyn,12.63,137,7.35,91,12.39,147,656338.4355,5.6492,1,1,0,1,0,2023-10-31,BK01,0.0,0.0,0.0791765637371338,0,0,Low,0,0,0.6931471805599453,0.0761983093460415,0.607544520913766,1,0
BK0101,Greenpoint,Brooklyn,12.63,137,7.35,91,12.39,147,656338.4355,5.6492,1,1,0,1,0,2023-11-30,BK01,0.0,0.0,0.0791765637371338,0,0,Low,0,0,0.6931471805599453,0.0761983093460415,0.607544520913766,1,0
BK0101,Greenpoint,Brooklyn,12.63,137,7.35,91,12.39,147,656338.4355,5.6492,1,1,0,1,0,2023-12-31,BK01,0.0,0.0,0.0791765637371338,0,0,Low,0,0,0.6931471805599453,0.0761983093460415,0.607544520913766,1,0
BK0101,Greenpoint,Brooklyn,12.63,137,7.35,91,12.39,147,656338.4355,5.6492,1,1,0,1,0,2024-01-31,BK01,0.0,0.0,0.0791765637371338,0,0,Low,0,0,0.6931471805599453,0.0761983093460415,0.607544520913766,1,0
BK0101,Greenpoint,Brooklyn,12.63,137,7.35,91,12.39,147,656338.4355,5.6492,1,1,0,1,0,2024-02-29,BK01,0.0,0.0,0.0791765637371338,0,0,Low,0,0,0.6931471805599453,0.0761983093460415,0.607544520913766,1,0
BK0101,Greenpoint,Brooklyn,12.63,137,7.35,91,12.39,147,656338.4355,5.6492,1,1,0,1,0,2024-03-31,BK01,0.0,0.0,0.0791765637371338,0,0,Low,0,0,0.6931471805599453,0.0761983093460415,0.607544520913766,1,0
BK0101,Greenpoint,Brooklyn,12.63,137,7.35,91,12.39,147,656338.4355,5.6492,1,1,0,1,0,2024-04-30,BK01,0.0,0.0,0.0791765637371338,0,0,Low,0,0,0.6931471805599453,0.0761983093460415,0.607544520913766,1,0
BK0101,Greenpoint,Brooklyn,12.63,137,7.35,91,12.39,147,656338.4355,5.6492,1,1,0,1,0,2024-05-31,BK01,0.0,0.0,0.0791765637371338,0,0,Low,0,0,0.6931471805599453,0.0761983093460415,0.607544520913766,1,0
BK0101,Greenpoint,Brooklyn,12.63,137,7.35,91,12.39,147,656338.4355,5.6492,1,1,0,1,0,2024-06-30,BK01,0.0,0.0,0.0791765637371338,0,0,Low,0,0,0.6931471805599453,0.0761983093460415,0.607544520913766,1,0
BK0101,Greenpoint,Brooklyn,12.63,137,7.35,91,12.39,147,656338.4355,5.6492,1,1,0,1,0,2024-07-31,BK01,0.0,0.0,0.0791765637371338,0,0,Low,0,0,0.6931471805599453,0.0761983093460415,0.607544520913766,1,0
BK0101,Greenpoint,Brooklyn,12.63,137,7.35,91,12.39,147,656338.4355,5.6492,1,1,0,1,0,2024-08-31,BK01,0.0,0.0,0.0791765637371338,0,0,Low,0,0,0.6931471805599453,0.0761983093460415,0.607544520913766,1,0
BK0101,Greenpoint,Brooklyn,12.63,137,7.35,91,12.39,147,656338.4355,5.6492,1,1,0,1,0,2024-09-30,BK01,0.0,0.0,0.0791765637371338,0,0,Low,0,0,0.6931471805599453,0.0761983093460415,0.607544520913766,1,0
BK0101,Greenpoint,Brooklyn,12.63,137,7.35,91,12.39,147,656338.4355,5.6492,1,1,0,1,0,2024-10-31,BK01,0.0,0.0,0.0791765637371338,0,0,Low,0,0,0.6931471805599453,0.0761983093460415,0.607544520913766,1,0
BK0101,Greenpoint,Brooklyn,12.63,137,7.35,91,12.39,147,656338.4355,5.6492,1,1,0,1,0,2024-11-30,BK01,0.0,0.0,0.0791765637371338,0,0,Low,0,0,0.6931471805599453,0.0761983093460415,0.607544520913766,1,0
BK0101,Greenpoint,Brooklyn,12.63,137,7.35,91,12.39,147,656338.4355,5.6492,1,1,0,1,0,2024-12-31,BK01,0.0,0.0,0.0791765637371338,0,0,Low,0,0,0.6931471805599453,0.0761983093460415,0.607544520913766,1,0
BK0503,East New York-New Lots,Brooklyn,19.51,55,12.36,18,13.23,129,-919757.0744,5.6278,6,5,1,3,3,2023-01-31,BK05,551.0,0.0,0.30753459764223473,0,1,High,1,1,1.9459101490553132,0.26814337751870015,0.6042788909065937,0,1
BK0503,East New York-New Lots,Brooklyn,19.51,55,12.36,18,13.23,129,-919757.0744,5.6278,6,5,1,3,3,2023-02-28,BK05,531.0,0.0,0.30753459764223473,0,1,High,1,1,1.9459101490553132,0.26814337751870015,0.6042788909065937,0,1
BK0503,East New York-New Lots,Brooklyn,19.51,55,12.36,18,13.23,129,-919757.0744,5.6278,6,5,1,3,3,2023-03-31,BK05,527.0,0.0,0.30753459764223473,0,1,High,1,1,1.9459101490553132,0.26814337751870015,0.6042788909065937,0,1
BK0503,East New York-New Lots,Brooklyn,19.51,55,12.36,18,13.23,129,-919757.0744,5.6278,6,5,1,3,3,2023-04-30,BK05,515.0,0.0,0.30753459764223473,0,1,High,1,1,1.9459101490553132,0.26814337751870015,0.6042788909065937,0,1
BK0503,East New York-New Lots,Brooklyn,19.51,55,12.36,18,13.23,129,-919757.0744,5.6278,6,5,1,3,3,2023-05-31,BK05,503.0,0.0,0.30753459764223473,0,1,High,1,1,1.9459101490553132,0.26814337751870015,0.6042788909065937,0,1
BK0503,East New York-New Lots,Brooklyn,19.51,55,12.36,18,13.23,129,-919757.0744,5.6278,6,5,1,3,3,2023-06-30,BK05,572.0,0.0,0.30753459764223473,0,1,High,1,1,1.9459101490553132,0.26814337751870015,0.6042788909065937,0,1
BK0503,East New York-New Lots,Brooklyn,19.51,55,12.36,18,13.23,129,-919757.0744,5.6278,6,5,1,3,3,2023-07-31,BK05,557.0,0.0,0.30753459764223473,0,1,High,1,1,1.9459101490553132,0.26814337751870015,0.6042788909065937,0,1
BK0503,East New York-New Lots,Brooklyn,19.51,55,12.36,18,13.23,129,-919757.0744,5.6278,6,5,1,3,3,2023-08-31,BK05,554.0,0.0,0.30753459764223473,0,1,High,1,1,1.9459101490553132,0.26814337751870015,0.6042788909065937,0,1
BK0503,East New York-New Lots,Brooklyn,19.51,55,12.36,18,13.23,129,-919757.0744,5.6278,6,5,1,3,3,2023-09-30,BK05,553.0,0.0,0.30753459764223473,0,1,High,1,1,1.9459101490553132,0.26814337751870015,0.6042788909065937,0,1
BK0503,East New York-New Lots,Brooklyn,19.51,55,12.36,18,13.23,129,-919757.0744,5.6278,6,5,1,3,3,2023-10-31,BK05,545.0,0.0,0.30753459764223473,0,1,High,1,1,1.9459101490553132,0.26814337751870015,0.6042788909065937,0,1
BK0503,East New York-New Lots,Brooklyn,19.51,55,12.36,18,13.23,129,-919757.0744,5.6278,6,5,1,3,3,2023-11-30,BK05,544.0,0.0,0.30753459764223473,0,1,High,1,1,1.9459101490553132,0.26814337751870015,0.6042788909065937,0,1
BK0503,East New York-New Lots,Brooklyn,19.51,55,12.36,18,13.23,129,-919757.0744,5.6278,6,5,1,3,3,2023-12-31,BK05,518.0,0.0,0.30753459764223473,0,1,High,1,1,1.9459101490553132,0.26814337751870015,0.6042788909065937,0,1
BK0503,East New York-New Lots,Brooklyn,19.51,55,12.36,18,13.23,129,-919757.0744,5.6278,6,5,1,3,3,2024-01-31,BK05,537.0,0.0,0.30753459764223473,0,1,High,1,1,1.9459101490553132,0.26814337751870015,0.6042788909065937,0,1
BK0503,East New York-New Lots,Brooklyn,19.51,55,12.36,18,13.23,129,-919757.0744,5.6278,6,5,1,3,3,2024-02-29,BK05,522.0,0.0,0.30753459764223473,0,1,High,1,1,1.9459101490553132,0.26814337751870015,0.6042788909065937,0,1
BK0503,East New York-New Lots,Brooklyn,19.51,55,12.36,18,13.23,129,-919757.0744,5.6278,6,5,1,3,3,2024-03-31,BK05,516.0,0.0,0.30753459764223473,0,1,High,1,1,1.9459101490553132,0.26814337751870015,0.6042788909065937,0,1
BK0503,East New York-New Lots,Brooklyn,19.51,55,12.36,18,13.23,129,-919757.0744,5.6278,6,5,1,3,3,2024-04-30,BK05,513.0,0.0,0.30753459764223473,0,1,High,1,1,1.9459101490553132,0.26814337751870015,0.6042788909065937,0,1
BK0503,East New York-New Lots,Brooklyn,19.51,55,12.36,18,13.23,129,-919757.0744,5.6278,6,5,1,3,3,2024-05-31,BK05,473.0,0.0,0.30753459764223473,0,1,High,1,1,1.9459101490553132,0.26814337751870015,0.6042788909065937,0,1
BK0503,East New York-New Lots,Brooklyn,19.51,55,12.36,18,13.23,129,-919757.0744,5.6278,6,5,1,3,3,2024-06-30,BK05,501.0,0.0,0.30753459764223473,0,1,High,1,1,1.9459101490553132,0.26814337751870015,0.6042788909065937,0,1
BK0503,East New York-New Lots,Brooklyn,19.51,55,12.36,18,13.23,129,-919757.0744,5.6278,6,5,1,3,3,2024-07-31,BK05,516.0,0.0,0.30753459764223473,0,1,High,1,1,1.9459101490553132,0.26814337751870015,0.6042788909065937,0,1
BK0503,East New York-New Lots,Brooklyn,19.51,55,12.36,18,13.23,129,-919757.0744,5.6278,6,5,1,3,3,2024-08-31,BK05,524.0,0.0,0.30753459764223473,0,1,High,1,1,1.9459101490553132,0.26814337751870015,0.6042788909065937,0,1
BK0503,East New York-New Lots,Brooklyn,19.51,55,12.36,18,13.23,129,-919757.0744,5.6278,6,5,1,3,3,2024-09-30,BK05,504.0,0.0,0.30753459764223473,0,1,High,1,1,1.9459101490553132,0.26814337751870015,0.6042788909065937,0,1
BK0503,East New York-New Lots,Brooklyn,19.51,55,12.36,18,13.23,129,-919757.0744,5.6278,6,5,1,3,3,2024-10-31,BK05,513.0,0.0,0.30753459764223473,0,1,High,1,1,1.9459101490553132,0.26814337751870015,0.6042788909065937,0,1
BK0503,East New York-New Lots,Brooklyn,19.51,55,12.36,18,13.23,129,-919757.0744,5.6278,6,5,1,3,3,2024-11-30,BK05,494.0,0.0,0.30753459764223473,0,1,High,1,1,1.9459101490553132,0.26814337751870015,0.6042788909065937,0,1
BK0503,East New York-New Lots,Brooklyn,19.51,55,12.36,18,13.23,129,-919757.0744,5.6278,6,5,1,3,3,2024-12-31,BK05,458.0,0.0,0.30753459764223473,0,1,High,1,1,1.9459101490553132,0.26814337751870015,0.6042788909065937,0,1
MN0402,Hell's Kitchen,Manhattan,12.22,142,6.36,127,14.75,100,345671.5112,5.6172,5,4,1,4,2,2023-01-31,MN04,334.0,0.0,0.40916530278232405,0,1,High,1,1,1.791759469228055,0.34299754525613546,0.6026613358563123,0,1
MN0402,Hell's Kitchen,Manhattan,12.22,142,6.36,127,14.75,100,345671.5112,5.6172,5,4,1,4,2,2023-02-28,MN04,357.0,0.0,0.40916530278232405,0,1,High,1,1,1.791759469228055,0.34299754525613546,0.6026613358563123,0,1
MN0402,Hell's Kitchen,Manhattan,12.22,142,6.36,127,14.75,100,345671.5112,5.6172,5,4,1,4,2,2023-03-31,MN04,358.0,0.0,0.40916530278232405,0,1,High,1,1,1.791759469228055,0.34299754525613546,0.6026613358563123,0,1
MN0402,Hell's Kitchen,Manhattan,12.22,142,6.36,127,14.75,100,345671.5112,5.6172,5,4,1,4,2,2023-04-30,MN04,370.0,0.0,0.40916530278232405,0,1,High,1,1,1.791759469228055,0.34299754525613546,0.6026613358563123,0,1
MN0402,Hell's Kitchen,Manhattan,12.22,142,6.36,127,14.75,100,345671.5112,5.6172,5,4,1,4,2,2023-05-31,MN04,362.0,0.0,0.40916530278232405,0,1,High,1,1,1.791759469228055,0.34299754525613546,0.6026613358563123,0,1
MN0402,Hell's Kitchen,Manhattan,12.22,142,6.36,127,14.75,100,345671.5112,5.6172,5,4,1,4,2,2023-06-30,MN04,354.0,0.0,0.40916530278232405,0,1,High,1,1,1.791759469228055,0.34299754525613546,0.6026613358563123,0,1
MN0402,Hell's Kitchen,Manhattan,12.22,142,6.36,127,14.75,100,345671.5112,5.6172,5,4,1,4,2,2023-07-31,MN04,337.0,0.0,0.40916530278232405,0,1,High,1,1,1.791759469228055,0.34299754525613546,0.6026613358563123,0,1
MN0402,Hell's Kitchen,Manhattan,12.22,142,6.36,127,14.75,100,345671.5112,5.6172,5,4,1,4,2,2023-08-31,MN04,350.0,0.0,0.40916530278232405,0,1,High,1,1,1.791759469228055,0.34299754525613546,0.6026613358563123,0,1
MN0402,Hell's Kitchen,Manhattan,12.22,142,6.36,127,14.75,100,345671.5112,5.6172,5,4,1,4,2,2023-09-30,MN04,372.0,0.0,0.40916530278232405,0,1,High,1,1,1.791759469228055,0.34299754525613546,0.6026613358563123,0,1
MN0402,Hell's Kitchen,Manhattan,12.22,142,6.36,127,14.75,100,345671.5112,5.6172,5,4,1,4,2,2023-10-31,MN04,359.0,0.0,0.40916530278232405,0,1,High,1,1,1.791759469228055,0.34299754525613546,0.6026613358563123,0,1
MN0402,Hell's Kitchen,Manhattan,12.22,142,6.36,127,14.75,100,345671.5112,5.6172,5,4,1,4,2,2023-11-30,MN04,368.0,0.0,0.40916530278232405,0,1,High,1,1,1.791759469228055,0.34299754525613546,0.6026613358563123,0,1
MN0402,Hell's Kitchen,Manhattan,12.22,142,6.36,127,14.75,100,345671.5112,5.6172,5,4,1,4,2,2023-12-31,MN04,381.0,0.0,0.40916530278232405,0,1,High,1,1,1.791759469228055,0.34299754525613546,0.6026613358563123,0,1
MN0402,Hell's Kitchen,Manhattan,12.22,142,6.36,127,14.75,100,345671.5112,5.6172,5,4,1,4,2,2024-01-31,MN04,389.0,0.0,0.40916530278232405,0,1,High,1,1,1.791759469228055,0.34299754525613546,0.6026613358563123,0,1
MN0402,Hell's Kitchen,Manhattan,12.22,142,6.36,127,14.75,100,345671.5112,5.6172,5,4,1,4,2,2024-02-29,MN04,379.0,0.0,0.40916530278232405,0,1,High,1,1,1.791759469228055,0.34299754525613546,0.6026613358563123,0,1
MN0402,Hell's Kitchen,Manhattan,12.22,142,6.36,127,14.75,100,345671.5112,5.6172,5,4,1,4,2,2024-03-31,MN04,368.0,0.0,0.40916530278232405,0,1,High,1,1,1.791759469228055,0.34299754525613546,0.6026613358563123,0,1
MN0402,Hell's Kitchen,Manhattan,12.22,142,6.36,127,14.75,100,345671.5112,5.6172,5,4,1,4,2,2024-04-30,MN04,357.0,0.0,0.40916530278232405,0,1,High,1,1,1.791759469228055,0.34299754525613546,0.6026613358563123,0,1
MN0402,Hell's Kitchen,Manhattan,12.22,142,6.36,127,14.75,100,345671.5112,5.6172,5,4,1,4,2,2024-05-31,MN04,357.0,0.0,0.40916530278232405,0,1,High,1,1,1.791759469228055,0.34299754525613546,0.6026613358563123,0,1
MN0402,Hell's Kitchen,Manhattan,12.22,142,6.36,127,14.75,100,345671.5112,5.6172,5,4,1,4,2,2024-06-30,MN04,354.0,0.0,0.40916530278232405,0,1,High,1,1,1.791759469228055,0.34299754525613546,0.6026613358563123,0,1
MN0402,Hell's Kitchen,Manhattan,12.22,142,6.36,127,14.75,100,345671.5112,5.6172,5,4,1,4,2,2024-07-31,MN04,360.0,0.0,0.40916530278232405,0,1,High,1,1,1.791759469228055,0.34299754525613546,0.6026613358563123,0,1
MN0402,Hell's Kitchen,Manhattan,12.22,142,6.36,127,14.75,100,345671.5112,5.6172,5,4,1,4,2,2024-08-31,MN04,381.0,0.0,0.40916530278232405,0,1,High,1,1,1.791759469228055,0.34299754525613546,0.6026613358563123,0,1
MN0402,Hell's Kitchen,Manhattan,12.22,142,6.36,127,14.75,100,345671.5112,5.6172,5,4,1,4,2,2024-09-30,MN04,387.0,0.0,0.40916530278232405,0,1,High,1,1,1.791759469228055,0.34299754525613546,0.6026613358563123,0,1
MN0402,Hell's Kitchen,Manhattan,12.22,142,6.36,127,14.75,100,345671.5112,5.6172,5,4,1,4,2,2024-10-31,MN04,384.0,0.0,0.40916530278232405,0,1,High,1,1,1.791759469228055,0.34299754525613546,0.6026613358563123,0,1
MN0402,Hell's Kitchen,Manhattan,12.22,142,6.36,127,14.75,100,345671.5112,5.6172,5,4,1,4,2,2024-11-30,MN04,382.0,0.0,0.40916530278232405,0,1,High,1,1,1.791759469228055,0.34299754525613546,0.6026613358563123,0,1
MN0402,Hell's Kitchen,Manhattan,12.22,142,6.36,127,14.75,100,345671.5112,5.6172,5,4,1,4,2,2024-12-31,MN04,355.0,0.0,0.40916530278232405,0,1,High,1,1,1.791759469228055,0.34299754525613546,0.6026613358563123,0,1
QN0302,East Elmhurst,Queens,18.87,59,7.17,97,23.64,21,-86169.6618,5.5918,4,3,1,2,2,2023-01-31,QN03,871.0,1.0,0.21197668256491783,0,1,High,1,1,1.6094379124341003,0.1922526486542309,0.5987853077169584,0,1
QN0302,East Elmhurst,Queens,18.87,59,7.17,97,23.64,21,-86169.6618,5.5918,4,3,1,2,2,2023-02-28,QN03,863.0,1.0,0.21197668256491783,0,1,High,1,1,1.6094379124341003,0.1922526486542309,0.5987853077169584,0,1
QN0302,East Elmhurst,Queens,18.87,59,7.17,97,23.64,21,-86169.6618,5.5918,4,3,1,2,2,2023-03-31,QN03,855.0,1.0,0.21197668256491783,0,1,High,1,1,1.6094379124341003,0.1922526486542309,0.5987853077169584,0,1
QN0302,East Elmhurst,Queens,18.87,59,7.17,97,23.64,21,-86169.6618,5.5918,4,3,1,2,2,2023-04-30,QN03,876.0,1.0,0.21197668256491783,0,1,High,1,1,1.6094379124341003,0.1922526486542309,0.5987853077169584,0,1
QN0302,East Elmhurst,Queens,18.87,59,7.17,97,23.64,21,-86169.6618,5.5918,4,3,1,2,2,2023-05-31,QN03,857.0,1.0,0.21197668256491783,0,1,High,1,1,1.6094379124341003,0.1922526486542309,0.5987853077169584,0,1
QN0302,East Elmhurst,Queens,18.87,59,7.17,97,23.64,21,-86169.6618,5.5918,4,3,1,2,2,2023-06-30,QN03,886.0,1.0,0.21197668256491783,0,1,High,1,1,1.6094379124341003,0.1922526486542309,0.5987853077169584,0,1
QN0302,East Elmhurst,Queens,18.87,59,7.17,97,23.64,21,-86169.6618,5.5918,4,3,1,2,2,2023-07-31,QN03,882.0,1.0,0.21197668256491783,0,1,High,1,1,1.6094379124341003,0.1922526486542309,0.5987853077169584,0,1
QN0302,East Elmhurst,Queens,18.87,59,7.17,97,23.64,21,-86169.6618,5.5918,4,3,1,2,2,2023-08-31,QN03,899.0,1.0,0.21197668256491783,0,1,High,1,1,1.6094379124341003,0.1922526486542309,0.5987853077169584,0,1
QN0302,East Elmhurst,Queens,18.87,59,7.17,97,23.64,21,-86169.6618,5.5918,4,3,1,2,2,2023-09-30,QN03,877.0,1.0,0.21197668256491783,0,1,High,1,1,1.6094379124341003,0.1922526486542309,0.5987853077169584,0,1
QN0302,East Elmhurst,Queens,18.87,59,7.17,97,23.64,21,-86169.6618,5.5918,4,3,1,2,2,2023-10-31,QN03,871.0,1.0,0.21197668256491783,0,1,High,1,1,1.6094379124341003,0.1922526486542309,0.5987853077169584,0,1
QN0302,East Elmhurst,Queens,18.87,59,7.17,97,23.64,21,-86169.6618,5.5918,4,3,1,2,2,2023-11-30,QN03,863.0,1.0,0.21197668256491783,0,1,High,1,1,1.6094379124341003,0.1922526486542309,0.5987853077169584,0,1
QN0302,East Elmhurst,Queens,18.87,59,7.17,97,23.64,21,-86169.6618,5.5918,4,3,1,2,2,2023-12-31,QN03,866.0,1.0,0.21197668256491783,0,1,High,1,1,1.6094379124341003,0.1922526486542309,0.5987853077169584,0,1
QN0302,East Elmhurst,Queens,18.87,59,7.17,97,23.64,21,-86169.6618,5.5918,4,3,1,2,2,2024-01-31,QN03,850.0,1.0,0.21197668256491783,0,1,High,1,1,1.6094379124341003,0.1922526486542309,0.5987853077169584,0,1
QN0302,East Elmhurst,Queens,18.87,59,7.17,97,23.64,21,-86169.6618,5.5918,4,3,1,2,2,2024-02-29,QN03,857.0,1.0,0.21197668256491783,0,1,High,1,1,1.6094379124341003,0.1922526486542309,0.5987853077169584,0,1
QN0302,East Elmhurst,Queens,18.87,59,7.17,97,23.64,21,-86169.6618,5.5918,4,3,1,2,2,2024-03-31,QN03,821.0,1.0,0.21197668256491783,0,1,High,1,1,1.6094379124341003,0.1922526486542309,0.5987853077169584,0,1
QN0302,East Elmhurst,Queens,18.87,59,7.17,97,23.64,21,-86169.6618,5.5918,4,3,1,2,2,2024-04-30,QN03,790.0,1.0,0.21197668256491783,0,1,High,1,1,1.6094379124341003,0.1922526486542309,0.5987853077169584,0,1
QN0302,East Elmhurst,Queens,18.87,59,7.17,97,23.64,21,-86169.6618,5.5918,4,3,1,2,2,2024-05-31,QN03,760.0,0.0,0.21197668256491783,0,1,High,1,1,1.6094379124341003,0.1922526486542309,0.5987853077169584,0,1
QN0302,East Elmhurst,Queens,18.87,59,7.17,97,23.64,21,-86169.6618,5.5918,4,3,1,2,2,2024-06-30,QN03,743.0,0.0,0.21197668256491783,0,1,High,1,1,1.6094379124341003,0.1922526486542309,0.5987853077169584,0,1
QN0302,East Elmhurst,Queens,18.87,59,7.17,97,23.64,21,-86169.6618,5.5918,4,3,1,2,2,2024-07-31,QN03,730.0,0.0,0.21197668256491783,0,1,High,1,1,1.6094379124341003,0.1922526486542309,0.5987853077169584,0,1
QN0302,East Elmhurst,Queens,18.87,59,7.17,97,23.64,21,-86169.6618,5.5918,4,3,1,2,2,2024-08-31,QN03,744.0,0.0,0.21197668256491783,0,1,High,1,1,1.6094379124341003,0.1922526486542309,0.5987853077169584,0,1
QN0302,East Elmhurst,Queens,18.87,59,7.17,97,23.64,21,-86169.6618,5.5918,4,3,1,2,2,2024-09-30,QN03,787.0,1.0,0.21197668256491783,0,1,High,1,1,1.6094379124341003,0.1922526486542309,0.5987853077169584,0,1
QN0302,East Elmhurst,Queens,18.87,59,7.17,97,23.64,21,-86169.6618,5.5918,4,3,1,2,2,2024-10-31,QN03,763.0,0.0,0.21197668256491783,0,1,High,1,1,1.6094379124341003,0.1922526486542309,0.5987853077169584,0,1
QN0302,East Elmhurst,Queens,18.87,59,7.17,97,23.64,21,-86169.6618,5.5918,4,3,1,2,2,2024-11-30,QN03,749.0,0.0,0.21197668256491783,0,1,High,1,1,1.6094379124341003,0.1922526486542309,0.5987853077169584,0,1
QN0302,East Elmhurst,Queens,18.87,59,7.17,97,23.64,21,-86169.6618,5.5918,4,3,1,2,2,2024-12-31,QN03,739.0,0.0,0.21197668256491783,0,1,High,1,1,1.6094379124341003,0.1922526486542309,0.5987853077169584,0,1
QN1301,Glen Oaks-Floral Park-New Hyde Park,Queens,31.09,9,4.19,183,13.63,118,1188617.8994,5.5913,0,0,0,0,0,2023-01-31,QN13,830.0,1.0,0.0,0,0,Low,0,0,0.0,0.0,0.5987090079504357,1,0
QN1301,Glen Oaks-Floral Park-New Hyde Park,Queens,31.09,9,4.19,183,13.63,118,1188617.8994,5.5913,0,0,0,0,0,2023-02-28,QN13,854.0,1.0,0.0,0,0,Low,0,0,0.0,0.0,0.5987090079504357,1,0
QN1301,Glen Oaks-Floral Park-New Hyde Park,Queens,31.09,9,4.19,183,13.63,118,1188617.8994,5.5913,0,0,0,0,0,2023-03-31,QN13,832.0,1.0,0.0,0,0,Low,0,0,0.0,0.0,0.5987090079504357,1,0
QN1301,Glen Oaks-Floral Park-New Hyde Park,Queens,31.09,9,4.19,183,13.63,118,1188617.8994,5.5913,0,0,0,0,0,2023-04-30,QN13,857.0,1.0,0.0,0,0,Low,0,0,0.0,0.0,0.5987090079504357,1,0
QN1301,Glen Oaks-Floral Park-New Hyde Park,Queens,31.09,9,4.19,183,13.63,118,1188617.8994,5.5913,0,0,0,0,0,2023-05-31,QN13,859.0,1.0,0.0,0,0,Low,0,0,0.0,0.0,0.5987090079504357,1,0
QN1301,Glen Oaks-Floral Park-New Hyde Park,Queens,31.09,9,4.19,183,13.63,118,1188617.8994,5.5913,0,0,0,0,0,2023-06-30,QN13,867.0,1.0,0.0,0,0,Low,0,0,0.0,0.0,0.5987090079504357,1,0
QN1301,Glen Oaks-Floral Park-New Hyde Park,Queens,31.09,9,4.19,183,13.63,118,1188617.8994,5.5913,0,0,0,0,0,2023-07-31,QN13,847.0,1.0,0.0,0,0,Low,0,0,0.0,0.0,0.5987090079504357,1,0
QN1301,Glen Oaks-Floral Park-New Hyde Park,Queens,31.09,9,4.19,183,13.63,118,1188617.8994,5.5913,0,0,0,0,0,2023-08-31,QN13,854.0,1.0,0.0,0,0,Low,0,0,0.0,0.0,0.5987090079504357,1,0
QN1301,Glen Oaks-Floral Park-New Hyde Park,Queens,31.09,9,4.19,183,13.63,118,1188617.8994,5.5913,0,0,0,0,0,2023-09-30,QN13,854.0,1.0,0.0,0,0,Low,0,0,0.0,0.0,0.5987090079504357,1,0
QN1301,Glen Oaks-Floral Park-New Hyde Park,Queens,31.09,9,4.19,183,13.63,118,1188617.8994,5.5913,0,0,0,0,0,2023-10-31,QN13,856.0,1.0,0.0,0,0,Low,0,0,0.0,0.0,0.5987090079504357,1,0
QN1301,Glen Oaks-Floral Park-New Hyde Park,Queens,31.09,9,4.19,183,13.63,118,1188617.8994,5.5913,0,0,0,0,0,2023-11-30,QN13,866.0,1.0,0.0,0,0,Low,0,0,0.0,0.0,0.5987090079504357,1,0
QN1301,Glen Oaks-Floral Park-New Hyde Park,Queens,31.09,9,4.19,183,13.63,118,1188617.8994,5.5913,0,0,0,0,0,2023-12-31,QN13,864.0,1.0,0.0,0,0,Low,0,0,0.0,0.0,0.5987090079504357,1,0
QN1301,Glen Oaks-Floral Park-New Hyde Park,Queens,31.09,9,4.19,183,13.63,118,1188617.8994,5.5913,0,0,0,0,0,2024-01-31,QN13,853.0,1.0,0.0,0,0,Low,0,0,0.0,0.0,0.5987090079504357,1,0
QN1301,Glen Oaks-Floral Park-New Hyde Park,Queens,31.09,9,4.19,183,13.63,118,1188617.8994,5.5913,0,0,0,0,0,2024-02-29,QN13,847.0,1.0,0.0,0,0,Low,0,0,0.0,0.0,0.5987090079504357,1,0
QN1301,Glen Oaks-Floral Park-New Hyde Park,Queens,31.09,9,4.19,183,13.63,118,1188617.8994,5.5913,0,0,0,0,0,2024-03-31,QN13,837.0,1.0,0.0,0,0,Low,0,0,0.0,0.0,0.5987090079504357,1,0
QN1301,Glen Oaks-Floral Park-New Hyde Park,Queens,31.09,9,4.19,183,13.63,118,1188617.8994,5.5913,0,0,0,0,0,2024-04-30,QN13,817.0,1.0,0.0,0,0,Low,0,0,0.0,0.0,0.5987090079504357,1,0
QN1301,Glen Oaks-Floral Park-New Hyde Park,Queens,31.09,9,4.19,183,13.63,118,1188617.8994,5.5913,0,0,0,0,0,2024-05-31,QN13,801.0,1.0,0.0,0,0,Low,0,0,0.0,0.0,0.5987090079504357,1,0
QN1301,Glen Oaks-Floral Park-New Hyde Park,Queens,31.09,9,4.19,183,13.63,118,1188617.8994,5.5913,0,0,0,0,0,2024-06-30,QN13,803.0,1.0,0.0,0,0,Low,0,0,0.0,0.0,0.5987090079504357,1,0
QN1301,Glen Oaks-Floral Park-New Hyde Park,Queens,31.09,9,4.19,183,13.63,118,1188617.8994,5.5913,0,0,0,0,0,2024-07-31,QN13,793.0,1.0,0.0,0,0,Low,0,0,0.0,0.0,0.5987090079504357,1,0
QN1301,Glen Oaks-Floral Park-New Hyde Park,Queens,31.09,9,4.19,183,13.63,118,1188617.8994,5.5913,0,0,0,0,0,2024-08-31,QN13,876.0,1.0,0.0,0,0,Low,0,0,0.0,0.0,0.5987090079504357,1,0
QN1301,Glen Oaks-Floral Park-New Hyde Park,Queens,31.09,9,4.19,183,13.63,118,1188617.8994,5.5913,0,0,0,0,0,2024-09-30,QN13,836.0,1.0,0.0,0,0,Low,0,0,0.0,0.0,0.5987090079504357,1,0
QN1301,Glen Oaks-Floral Park-New Hyde Park,Queens,31.09,9,4.19,183,13.63,118,1188617.8994,5.5913,0,0,0,0,0,2024-10-31,QN13,854.0,1.0,0.0,0,0,Low,0,0,0.0,0.0,0.5987090079504357,1,0
QN1301,Glen Oaks-Floral Park-New Hyde Park,Queens,31.09,9,4.19,183,13.63,118,1188617.8994,5.5913,0,0,0,0,0,2024-11-30,QN13,802.0,1.0,0.0,0,0,Low,0,0,0.0,0.0,0.5987090079504357,1,0
QN1301,Glen Oaks-Floral Park-New Hyde Park,Queens,31.09,9,4.19,183,13.63,118,1188617.8994,5.5913,0,0,0,0,0,2024-12-31,QN13,765.0,0.0,0.0,0,0,Low,0,0,0.0,0.0,0.5987090079504357,1,0
BK0602,Park Slope,Brooklyn,9.43,176,5.62,142,9.87,181,461116.7487,5.5821,3,3,0,1,2,2023-01-31,BK06,572.0,0.0,0.3181336161187699,0,1,High,0,1,1.3862943611198906,0.27621680887725364,0.5973050922464176,0,1
BK0602,Park Slope,Brooklyn,9.43,176,5.62,142,9.87,181,461116.7487,5.5821,3,3,0,1,2,2023-02-28,BK06,573.0,0.0,0.3181336161187699,0,1,High,0,1,1.3862943611198906,0.27621680887725364,0.5973050922464176,0,1
BK0602,Park Slope,Brooklyn,9.43,176,5.62,142,9.87,181,461116.7487,5.5821,3,3,0,1,2,2023-03-31,BK06,578.0,0.0,0.3181336161187699,0,1,High,0,1,1.3862943611198906,0.27621680887725364,0.5973050922464176,0,1
BK0602,Park Slope,Brooklyn,9.43,176,5.62,142,9.87,181,461116.7487,5.5821,3,3,0,1,2,2023-04-30,BK06,591.0,0.0,0.3181336161187699,0,1,High,0,1,1.3862943611198906,0.27621680887725364,0.5973050922464176,0,1
BK0602,Park Slope,Brooklyn,9.43,176,5.62,142,9.87,181,461116.7487,5.5821,3,3,0,1,2,2023-05-31,BK06,581.0,0.0,0.3181336161187699,0,1,High,0,1,1.3862943611198906,0.27621680887725364,0.5973050922464176,0,1
BK0602,Park Slope,Brooklyn,9.43,176,5.62,142,9.87,181,461116.7487,5.5821,3,3,0,1,2,2023-06-30,BK06,570.0,0.0,0.3181336161187699,0,1,High,0,1,1.3862943611198906,0.27621680887725364,0.5973050922464176,0,1
BK0602,Park Slope,Brooklyn,9.43,176,5.62,142,9.87,181,461116.7487,5.5821,3,3,0,1,2,2023-07-31,BK06,564.0,0.0,0.3181336161187699,0,1,High,0,1,1.3862943611198906,0.27621680887725364,0.5973050922464176,0,1
BK0602,Park Slope,Brooklyn,9.43,176,5.62,142,9.87,181,461116.7487,5.5821,3,3,0,1,2,2023-08-31,BK06,573.0,0.0,0.3181336161187699,0,1,High,0,1,1.3862943611198906,0.27621680887725364,0.5973050922464176,0,1
BK0602,Park Slope,Brooklyn,9.43,176,5.62,142,9.87,181,461116.7487,5.5821,3,3,0,1,2,2023-09-30,BK06,565.0,0.0,0.3181336161187699,0,1,High,0,1,1.3862943611198906,0.27621680887725364,0.5973050922464176,0,1
BK0602,Park Slope,Brooklyn,9.43,176,5.62,142,9.87,181,461116.7487,5.5821,3,3,0,1,2,2023-10-31,BK06,554.0,0.0,0.3181336161187699,0,1,High,0,1,1.3862943611198906,0.27621680887725364,0.5973050922464176,0,1
BK0602,Park Slope,Brooklyn,9.43,176,5.62,142,9.87,181,461116.7487,5.5821,3,3,0,1,2,2023-11-30,BK06,575.0,0.0,0.3181336161187699,0,1,High,0,1,1.3862943611198906,0.27621680887725364,0.5973050922464176,0,1
BK0602,Park Slope,Brooklyn,9.43,176,5.62,142,9.87,181,461116.7487,5.5821,3,3,0,1,2,2023-12-31,BK06,565.0,0.0,0.3181336161187699,0,1,High,0,1,1.3862943611198906,0.27621680887725364,0.5973050922464176,0,1
BK0602,Park Slope,Brooklyn,9.43,176,5.62,142,9.87,181,461116.7487,5.5821,3,3,0,1,2,2024-01-31,BK06,560.0,0.0,0.3181336161187699,0,1,High,0,1,1.3862943611198906,0.27621680887725364,0.5973050922464176,0,1
BK0602,Park Slope,Brooklyn,9.43,176,5.62,142,9.87,181,461116.7487,5.5821,3,3,0,1,2,2024-02-29,BK06,537.0,0.0,0.3181336161187699,0,1,High,0,1,1.3862943611198906,0.27621680887725364,0.5973050922464176,0,1
BK0602,Park Slope,Brooklyn,9.43,176,5.62,142,9.87,181,461116.7487,5.5821,3,3,0,1,2,2024-03-31,BK06,528.0,0.0,0.3181336161187699,0,1,High,0,1,1.3862943611198906,0.27621680887725364,0.5973050922464176,0,1
BK0602,Park Slope,Brooklyn,9.43,176,5.62,142,9.87,181,461116.7487,5.5821,3,3,0,1,2,2024-04-30,BK06,519.0,0.0,0.3181336161187699,0,1,High,0,1,1.3862943611198906,0.27621680887725364,0.5973050922464176,0,1
BK0602,Park Slope,Brooklyn,9.43,176,5.62,142,9.87,181,461116.7487,5.5821,3,3,0,1,2,2024-05-31,BK06,509.0,0.0,0.3181336161187699,0,1,High,0,1,1.3862943611198906,0.27621680887725364,0.5973050922464176,0,1
BK0602,Park Slope,Brooklyn,9.43,176,5.62,142,9.87,181,461116.7487,5.5821,3,3,0,1,2,2024-06-30,BK06,545.0,0.0,0.3181336161187699,0,1,High,0,1,1.3862943611198906,0.27621680887725364,0.5973050922464176,0,1
BK0602,Park Slope,Brooklyn,9.43,176,5.62,142,9.87,181,461116.7487,5.5821,3,3,0,1,2,2024-07-31,BK06,571.0,0.0,0.3181336161187699,0,1,High,0,1,1.3862943611198906,0.27621680887725364,0.5973050922464176,0,1
BK0602,Park Slope,Brooklyn,9.43,176,5.62,142,9.87,181,461116.7487,5.5821,3,3,0,1,2,2024-08-31,BK06,571.0,0.0,0.3181336161187699,0,1,High,0,1,1.3862943611198906,0.27621680887725364,0.5973050922464176,0,1
BK0602,Park Slope,Brooklyn,9.43,176,5.62,142,9.87,181,461116.7487,5.5821,3,3,0,1,2,2024-09-30,BK06,578.0,0.0,0.3181336161187699,0,1,High,0,1,1.3862943611198906,0.27621680887725364,0.5973050922464176,0,1
BK0602,Park Slope,Brooklyn,9.43,176,5.62,142,9.87,181,461116.7487,5.5821,3,3,0,1,2,2024-10-31,BK06,559.0,0.0,0.3181336161187699,0,1,High,0,1,1.3862943611198906,0.27621680887725364,0.5973050922464176,0,1
BK0602,Park Slope,Brooklyn,9.43,176,5.62,142,9.87,181,461116.7487,5.5821,3,3,0,1,2,2024-11-30,BK06,517.0,0.0,0.3181336161187699,0,1,High,0,1,1.3862943611198906,0.27621680887725364,0.5973050922464176,0,1
BK0602,Park Slope,Brooklyn,9.43,176,5.62,142,9.87,181,461116.7487,5.5821,3,3,0,1,2,2024-12-31,BK06,520.0,0.0,0.3181336161187699,0,1,High,0,1,1.3862943611198906,0.27621680887725364,0.5973050922464176,0,1
BK0601,Carroll Gardens-Cobble Hill-Gowanus-Red Hook,Brooklyn,16.86,76,7.17,99,10.65,172,172490.3731,5.5743,6,5,1,5,3,2023-01-31,BK06,572.0,0.0,0.35587188612099646,0,1,High,1,1,1.9459101490553132,0.30444470579295524,0.5961148158886633,0,1
BK0601,Carroll Gardens-Cobble Hill-Gowanus-Red Hook,Brooklyn,16.86,76,7.17,99,10.65,172,172490.3731,5.5743,6,5,1,5,3,2023-02-28,BK06,573.0,0.0,0.35587188612099646,0,1,High,1,1,1.9459101490553132,0.30444470579295524,0.5961148158886633,0,1
BK0601,Carroll Gardens-Cobble Hill-Gowanus-Red Hook,Brooklyn,16.86,76,7.17,99,10.65,172,172490.3731,5.5743,6,5,1,5,3,2023-03-31,BK06,578.0,0.0,0.35587188612099646,0,1,High,1,1,1.9459101490553132,0.30444470579295524,0.5961148158886633,0,1
BK0601,Carroll Gardens-Cobble Hill-Gowanus-Red Hook,Brooklyn,16.86,76,7.17,99,10.65,172,172490.3731,5.5743,6,5,1,5,3,2023-04-30,BK06,591.0,0.0,0.35587188612099646,0,1,High,1,1,1.9459101490553132,0.30444470579295524,0.5961148158886633,0,1
BK0601,Carroll Gardens-Cobble Hill-Gowanus-Red Hook,Brooklyn,16.86,76,7.17,99,10.65,172,172490.3731,5.5743,6,5,1,5,3,2023-05-31,BK06,581.0,0.0,0.35587188612099646,0,1,High,1,1,1.9459101490553132,0.30444470579295524,0.5961148158886633,0,1
BK0601,Carroll Gardens-Cobble Hill-Gowanus-Red Hook,Brooklyn,16.86,76,7.17,99,10.65,172,172490.3731,5.5743,6,5,1,5,3,2023-06-30,BK06,570.0,0.0,0.35587188612099646,0,1,High,1,1,1.9459101490553132,0.30444470579295524,0.5961148158886633,0,1
BK0601,Carroll Gardens-Cobble Hill-Gowanus-Red Hook,Brooklyn,16.86,76,7.17,99,10.65,172,172490.3731,5.5743,6,5,1,5,3,2023-07-31,BK06,564.0,0.0,0.35587188612099646,0,1,High,1,1,1.9459101490553132,0.30444470579295524,0.5961148158886633,0,1
BK0601,Carroll Gardens-Cobble Hill-Gowanus-Red Hook,Brooklyn,16.86,76,7.17,99,10.65,172,172490.3731,5.5743,6,5,1,5,3,2023-08-31,BK06,573.0,0.0,0.35587188612099646,0,1,High,1,1,1.9459101490553132,0.30444470579295524,0.5961148158886633,0,1
BK0601,Carroll Gardens-Cobble Hill-Gowanus-Red Hook,Brooklyn,16.86,76,7.17,99,10.65,172,172490.3731,5.5743,6,5,1,5,3,2023-09-30,BK06,565.0,0.0,0.35587188612099646,0,1,High,1,1,1.9459101490553132,0.30444470579295524,0.5961148158886633,0,1
BK0601,Carroll Gardens-Cobble Hill-Gowanus-Red Hook,Brooklyn,16.86,76,7.17,99,10.65,172,172490.3731,5.5743,6,5,1,5,3,2023-10-31,BK06,554.0,0.0,0.35587188612099646,0,1,High,1,1,1.9459101490553132,0.30444470579295524,0.5961148158886633,0,1
BK0601,Carroll Gardens-Cobble Hill-Gowanus-Red Hook,Brooklyn,16.86,76,7.17,99,10.65,172,172490.3731,5.5743,6,5,1,5,3,2023-11-30,BK06,575.0,0.0,0.35587188612099646,0,1,High,1,1,1.9459101490553132,0.30444470579295524,0.5961148158886633,0,1
BK0601,Carroll Gardens-Cobble Hill-Gowanus-Red Hook,Brooklyn,16.86,76,7.17,99,10.65,172,172490.3731,5.5743,6,5,1,5,3,2023-12-31,BK06,565.0,0.0,0.35587188612099646,0,1,High,1,1,1.9459101490553132,0.30444470579295524,0.5961148158886633,0,1
BK0601,Carroll Gardens-Cobble Hill-Gowanus-Red Hook,Brooklyn,16.86,76,7.17,99,10.65,172,172490.3731,5.5743,6,5,1,5,3,2024-01-31,BK06,560.0,0.0,0.35587188612099646,0,1,High,1,1,1.9459101490553132,0.30444470579295524,0.5961148158886633,0,1
BK0601,Carroll Gardens-Cobble Hill-Gowanus-Red Hook,Brooklyn,16.86,76,7.17,99,10.65,172,172490.3731,5.5743,6,5,1,5,3,2024-02-29,BK06,537.0,0.0,0.35587188612099646,0,1,High,1,1,1.9459101490553132,0.30444470579295524,0.5961148158886633,0,1
BK0601,Carroll Gardens-Cobble Hill-Gowanus-Red Hook,Brooklyn,16.86,76,7.17,99,10.65,172,172490.3731,5.5743,6,5,1,5,3,2024-03-31,BK06,528.0,0.0,0.35587188612099646,0,1,High,1,1,1.9459101490553132,0.30444470579295524,0.5961148158886633,0,1
BK0601,Carroll Gardens-Cobble Hill-Gowanus-Red Hook,Brooklyn,16.86,76,7.17,99,10.65,172,172490.3731,5.5743,6,5,1,5,3,2024-04-30,BK06,519.0,0.0,0.35587188612099646,0,1,High,1,1,1.9459101490553132,0.30444470579295524,0.5961148158886633,0,1
BK0601,Carroll Gardens-Cobble Hill-Gowanus-Red Hook,Brooklyn,16.86,76,7.17,99,10.65,172,172490.3731,5.5743,6,5,1,5,3,2024-05-31,BK06,509.0,0.0,0.35587188612099646,0,1,High,1,1,1.9459101490553132,0.30444470579295524,0.5961148158886633,0,1
BK0601,Carroll Gardens-Cobble Hill-Gowanus-Red Hook,Brooklyn,16.86,76,7.17,99,10.65,172,172490.3731,5.5743,6,5,1,5,3,2024-06-30,BK06,545.0,0.0,0.35587188612099646,0,1,High,1,1,1.9459101490553132,0.30444470579295524,0.5961148158886633,0,1
BK0601,Carroll Gardens-Cobble Hill-Gowanus-Red Hook,Brooklyn,16.86,76,7.17,99,10.65,172,172490.3731,5.5743,6,5,1,5,3,2024-07-31,BK06,571.0,0.0,0.35587188612099646,0,1,High,1,1,1.9459101490553132,0.30444470579295524,0.5961148158886633,0,1
BK0601,Carroll Gardens-Cobble Hill-Gowanus-Red Hook,Brooklyn,16.86,76,7.17,99,10.65,172,172490.3731,5.5743,6,5,1,5,3,2024-08-31,BK06,571.0,0.0,0.35587188612099646,0,1,High,1,1,1.9459101490553132,0.30444470579295524,0.5961148158886633,0,1
BK0601,Carroll Gardens-Cobble Hill-Gowanus-Red Hook,Brooklyn,16.86,76,7.17,99,10.65,172,172490.3731,5.5743,6,5,1,5,3,2024-09-30,BK06,578.0,0.0,0.35587188612099646,0,1,High,1,1,1.9459101490553132,0.30444470579295524,0.5961148158886633,0,1
BK0601,Carroll Gardens-Cobble Hill-Gowanus-Red Hook,Brooklyn,16.86,76,7.17,99,10.65,172,172490.3731,5.5743,6,5,1,5,3,2024-10-31,BK06,559.0,0.0,0.35587188612099646,0,1,High,1,1,1.9459101490553132,0.30444470579295524,0.5961148158886633,0,1
BK0601,Carroll Gardens-Cobble Hill-Gowanus-Red Hook,Brooklyn,16.86,76,7.17,99,10.65,172,172490.3731,5.5743,6,5,1,5,3,2024-11-30,BK06,517.0,0.0,0.35587188612099646,0,1,High,1,1,1.9459101490553132,0.30444470579295524,0.5961148158886633,0,1
BK0601,Carroll Gardens-Cobble Hill-Gowanus-Red Hook,Brooklyn,16.86,76,7.17,99,10.65,172,172490.3731,5.5743,6,5,1,5,3,2024-12-31,BK06,520.0,0.0,0.35587188612099646,0,1,High,1,1,1.9459101490553132,0.30444470579295524,0.5961148158886633,0,1
QN1302,Bellerose,Queens,11.3,156,5.58,143,16.36,70,471326.9946,5.5665,0,0,0,0,0,2023-01-31,QN13,830.0,1.0,0.0,0,0,Low,0,0,0.0,0.0,0.594924539530909,1,0
QN1302,Bellerose,Queens,11.3,156,5.58,143,16.36,70,471326.9946,5.5665,0,0,0,0,0,2023-02-28,QN13,854.0,1.0,0.0,0,0,Low,0,0,0.0,0.0,0.594924539530909,1,0
QN1302,Bellerose,Queens,11.3,156,5.58,143,16.36,70,471326.9946,5.5665,0,0,0,0,0,2023-03-31,QN13,832.0,1.0,0.0,0,0,Low,0,0,0.0,0.0,0.594924539530909,1,0
QN1302,Bellerose,Queens,11.3,156,5.58,143,16.36,70,471326.9946,5.5665,0,0,0,0,0,2023-04-30,QN13,857.0,1.0,0.0,0,0,Low,0,0,0.0,0.0,0.594924539530909,1,0
QN1302,Bellerose,Queens,11.3,156,5.58,143,16.36,70,471326.9946,5.5665,0,0,0,0,0,2023-05-31,QN13,859.0,1.0,0.0,0,0,Low,0,0,0.0,0.0,0.594924539530909,1,0
QN1302,Bellerose,Queens,11.3,156,5.58,143,16.36,70,471326.9946,5.5665,0,0,0,0,0,2023-06-30,QN13,867.0,1.0,0.0,0,0,Low,0,0,0.0,0.0,0.594924539530909,1,0
QN1302,Bellerose,Queens,11.3,156,5.58,143,16.36,70,471326.9946,5.5665,0,0,0,0,0,2023-07-31,QN13,847.0,1.0,0.0,0,0,Low,0,0,0.0,0.0,0.594924539530909,1,0
QN1302,Bellerose,Queens,11.3,156,5.58,143,16.36,70,471326.9946,5.5665,0,0,0,0,0,2023-08-31,QN13,854.0,1.0,0.0,0,0,Low,0,0,0.0,0.0,0.594924539530909,1,0
QN1302,Bellerose,Queens,11.3,156,5.58,143,16.36,70,471326.9946,5.5665,0,0,0,0,0,2023-09-30,QN13,854.0,1.0,0.0,0,0,Low,0,0,0.0,0.0,0.594924539530909,1,0
QN1302,Bellerose,Queens,11.3,156,5.58,143,16.36,70,471326.9946,5.5665,0,0,0,0,0,2023-10-31,QN13,856.0,1.0,0.0,0,0,Low,0,0,0.0,0.0,0.594924539530909,1,0
QN1302,Bellerose,Queens,11.3,156,5.58,143,16.36,70,471326.9946,5.5665,0,0,0,0,0,2023-11-30,QN13,866.0,1.0,0.0,0,0,Low,0,0,0.0,0.0,0.594924539530909,1,0
QN1302,Bellerose,Queens,11.3,156,5.58,143,16.36,70,471326.9946,5.5665,0,0,0,0,0,2023-12-31,QN13,864.0,1.0,0.0,0,0,Low,0,0,0.0,0.0,0.594924539530909,1,0
QN1302,Bellerose,Queens,11.3,156,5.58,143,16.36,70,471326.9946,5.5665,0,0,0,0,0,2024-01-31,QN13,853.0,1.0,0.0,0,0,Low,0,0,0.0,0.0,0.594924539530909,1,0
QN1302,Bellerose,Queens,11.3,156,5.58,143,16.36,70,471326.9946,5.5665,0,0,0,0,0,2024-02-29,QN13,847.0,1.0,0.0,0,0,Low,0,0,0.0,0.0,0.594924539530909,1,0
QN1302,Bellerose,Queens,11.3,156,5.58,143,16.36,70,471326.9946,5.5665,0,0,0,0,0,2024-03-31,QN13,837.0,1.0,0.0,0,0,Low,0,0,0.0,0.0,0.594924539530909,1,0
QN1302,Bellerose,Queens,11.3,156,5.58,143,16.36,70,471326.9946,5.5665,0,0,0,0,0,2024-04-30,QN13,817.0,1.0,0.0,0,0,Low,0,0,0.0,0.0,0.594924539530909,1,0
QN1302,Bellerose,Queens,11.3,156,5.58,143,16.36,70,471326.9946,5.5665,0,0,0,0,0,2024-05-31,QN13,801.0,1.0,0.0,0,0,Low,0,0,0.0,0.0,0.594924539530909,1,0
QN1302,Bellerose,Queens,11.3,156,5.58,143,16.36,70,471326.9946,5.5665,0,0,0,0,0,2024-06-30,QN13,803.0,1.0,0.0,0,0,Low,0,0,0.0,0.0,0.594924539530909,1,0
QN1302,Bellerose,Queens,11.3,156,5.58,143,16.36,70,471326.9946,5.5665,0,0,0,0,0,2024-07-31,QN13,793.0,1.0,0.0,0,0,Low,0,0,0.0,0.0,0.594924539530909,1,0
QN1302,Bellerose,Queens,11.3,156,5.58,143,16.36,70,471326.9946,5.5665,0,0,0,0,0,2024-08-31,QN13,876.0,1.0,0.0,0,0,Low,0,0,0.0,0.0,0.594924539530909,1,0
QN1302,Bellerose,Queens,11.3,156,5.58,143,16.36,70,471326.9946,5.5665,0,0,0,0,0,2024-09-30,QN13,836.0,1.0,0.0,0,0,Low,0,0,0.0,0.0,0.594924539530909,1,0
QN1302,Bellerose,Queens,11.3,156,5.58,143,16.36,70,471326.9946,5.5665,0,0,0,0,0,2024-10-31,QN13,854.0,1.0,0.0,0,0,Low,0,0,0.0,0.0,0.594924539530909,1,0
QN1302,Bellerose,Queens,11.3,156,5.58,143,16.36,70,471326.9946,5.5665,0,0,0,0,0,2024-11-30,QN13,802.0,1.0,0.0,0,0,Low,0,0,0.0,0.0,0.594924539530909,1,0
QN1302,Bellerose,Queens,11.3,156,5.58,143,16.36,70,471326.9946,5.5665,0,0,0,0,0,2024-12-31,QN13,765.0,0.0,0.0,0,0,Low,0,0,0.0,0.0,0.594924539530909,1,0
QN0702,Whitestone-Beechhurst,Queens,11.2,157,8.67,65,11.95,155,542804.1934,5.5648,0,0,0,0,0,2023-01-31,QN07,0.0,0.0,0.0,0,0,Low,0,0,0.0,0.0,0.5946651203247317,1,0
QN0702,Whitestone-Beechhurst,Queens,11.2,157,8.67,65,11.95,155,542804.1934,5.5648,0,0,0,0,0,2023-02-28,QN07,0.0,0.0,0.0,0,0,Low,0,0,0.0,0.0,0.5946651203247317,1,0
QN0702,Whitestone-Beechhurst,Queens,11.2,157,8.67,65,11.95,155,542804.1934,5.5648,0,0,0,0,0,2023-03-31,QN07,0.0,0.0,0.0,0,0,Low,0,0,0.0,0.0,0.5946651203247317,1,0
QN0702,Whitestone-Beechhurst,Queens,11.2,157,8.67,65,11.95,155,542804.1934,5.5648,0,0,0,0,0,2023-04-30,QN07,0.0,0.0,0.0,0,0,Low,0,0,0.0,0.0,0.5946651203247317,1,0
QN0702,Whitestone-Beechhurst,Queens,11.2,157,8.67,65,11.95,155,542804.1934,5.5648,0,0,0,0,0,2023-05-31,QN07,0.0,0.0,0.0,0,0,Low,0,0,0.0,0.0,0.5946651203247317,1,0
QN0702,Whitestone-Beechhurst,Queens,11.2,157,8.67,65,11.95,155,542804.1934,5.5648,0,0,0,0,0,2023-06-30,QN07,0.0,0.0,0.0,0,0,Low,0,0,0.0,0.0,0.5946651203247317,1,0
QN0702,Whitestone-Beechhurst,Queens,11.2,157,8.67,65,11.95,155,542804.1934,5.5648,0,0,0,0,0,2023-07-31,QN07,0.0,0.0,0.0,0,0,Low,0,0,0.0,0.0,0.5946651203247317,1,0
QN0702,Whitestone-Beechhurst,Queens,11.2,157,8.67,65,11.95,155,542804.1934,5.5648,0,0,0,0,0,2023-08-31,QN07,0.0,0.0,0.0,0,0,Low,0,0,0.0,0.0,0.5946651203247317,1,0
QN0702,Whitestone-Beechhurst,Queens,11.2,157,8.67,65,11.95,155,542804.1934,5.5648,0,0,0,0,0,2023-09-30,QN07,0.0,0.0,0.0,0,0,Low,0,0,0.0,0.0,0.5946651203247317,1,0
QN0702,Whitestone-Beechhurst,Queens,11.2,157,8.67,65,11.95,155,542804.1934,5.5648,0,0,0,0,0,2023-10-31,QN07,0.0,0.0,0.0,0,0,Low,0,0,0.0,0.0,0.5946651203247317,1,0
QN0702,Whitestone-Beechhurst,Queens,11.2,157,8.67,65,11.95,155,542804.1934,5.5648,0,0,0,0,0,2023-11-30,QN07,0.0,0.0,0.0,0,0,Low,0,0,0.0,0.0,0.5946651203247317,1,0
QN0702,Whitestone-Beechhurst,Queens,11.2,157,8.67,65,11.95,155,542804.1934,5.5648,0,0,0,0,0,2023-12-31,QN07,0.0,0.0,0.0,0,0,Low,0,0,0.0,0.0,0.5946651203247317,1,0
QN0702,Whitestone-Beechhurst,Queens,11.2,157,8.67,65,11.95,155,542804.1934,5.5648,0,0,0,0,0,2024-01-31,QN07,0.0,0.0,0.0,0,0,Low,0,0,0.0,0.0,0.5946651203247317,1,0
QN0702,Whitestone-Beechhurst,Queens,11.2,157,8.67,65,11.95,155,542804.1934,5.5648,0,0,0,0,0,2024-02-29,QN07,0.0,0.0,0.0,0,0,Low,0,0,0.0,0.0,0.5946651203247317,1,0
QN0702,Whitestone-Beechhurst,Queens,11.2,157,8.67,65,11.95,155,542804.1934,5.5648,0,0,0,0,0,2024-03-31,QN07,0.0,0.0,0.0,0,0,Low,0,0,0.0,0.0,0.5946651203247317,1,0
QN0702,Whitestone-Beechhurst,Queens,11.2,157,8.67,65,11.95,155,542804.1934,5.5648,0,0,0,0,0,2024-04-30,QN07,0.0,0.0,0.0,0,0,Low,0,0,0.0,0.0,0.5946651203247317,1,0
QN0702,Whitestone-Beechhurst,Queens,11.2,157,8.67,65,11.95,155,542804.1934,5.5648,0,0,0,0,0,2024-05-31,QN07,0.0,0.0,0.0,0,0,Low,0,0,0.0,0.0,0.5946651203247317,1,0
QN0702,Whitestone-Beechhurst,Queens,11.2,157,8.67,65,11.95,155,542804.1934,5.5648,0,0,0,0,0,2024-06-30,QN07,0.0,0.0,0.0,0,0,Low,0,0,0.0,0.0,0.5946651203247317,1,0
QN0702,Whitestone-Beechhurst,Queens,11.2,157,8.67,65,11.95,155,542804.1934,5.5648,0,0,0,0,0,2024-07-31,QN07,0.0,0.0,0.0,0,0,Low,0,0,0.0,0.0,0.5946651203247317,1,0
QN0702,Whitestone-Beechhurst,Queens,11.2,157,8.67,65,11.95,155,542804.1934,5.5648,0,0,0,0,0,2024-08-31,QN07,0.0,0.0,0.0,0,0,Low,0,0,0.0,0.0,0.5946651203247317,1,0
QN0702,Whitestone-Beechhurst,Queens,11.2,157,8.67,65,11.95,155,542804.1934,5.5648,0,0,0,0,0,2024-09-30,QN07,0.0,0.0,0.0,0,0,Low,0,0,0.0,0.0,0.5946651203247317,1,0
QN0702,Whitestone-Beechhurst,Queens,11.2,157,8.67,65,11.95,155,542804.1934,5.5648,0,0,0,0,0,2024-10-31,QN07,0.0,0.0,0.0,0,0,Low,0,0,0.0,0.0,0.5946651203247317,1,0
QN0702,Whitestone-Beechhurst,Queens,11.2,157,8.67,65,11.95,155,542804.1934,5.5648,0,0,0,0,0,2024-11-30,QN07,0.0,0.0,0.0,0,0,Low,0,0,0.0,0.0,0.5946651203247317,1,0
QN0702,Whitestone-Beechhurst,Queens,11.2,157,8.67,65,11.95,155,542804.1934,5.5648,0,0,0,0,0,2024-12-31,QN07,0.0,0.0,0.0,0,0,Low,0,0,0.0,0.0,0.5946651203247317,1,0
BX1003,Pelham Bay-Country Club-City Island,Bronx,12.57,138,8.72,62,12.48,142,553185.0995,5.5636,0,0,0,0,0,2023-01-31,BX10,575.0,0.0,0.0,0,0,Low,0,0,0.0,0.0,0.5944820008850773,1,0
BX1003,Pelham Bay-Country Club-City Island,Bronx,12.57,138,8.72,62,12.48,142,553185.0995,5.5636,0,0,0,0,0,2023-02-28,BX10,580.0,0.0,0.0,0,0,Low,0,0,0.0,0.0,0.5944820008850773,1,0
BX1003,Pelham Bay-Country Club-City Island,Bronx,12.57,138,8.72,62,12.48,142,553185.0995,5.5636,0,0,0,0,0,2023-03-31,BX10,576.0,0.0,0.0,0,0,Low,0,0,0.0,0.0,0.5944820008850773,1,0
BX1003,Pelham Bay-Country Club-City Island,Bronx,12.57,138,8.72,62,12.48,142,553185.0995,5.5636,0,0,0,0,0,2023-04-30,BX10,569.0,0.0,0.0,0,0,Low,0,0,0.0,0.0,0.5944820008850773,1,0
BX1003,Pelham Bay-Country Club-City Island,Bronx,12.57,138,8.72,62,12.48,142,553185.0995,5.5636,0,0,0,0,0,2023-05-31,BX10,578.0,0.0,0.0,0,0,Low,0,0,0.0,0.0,0.5944820008850773,1,0
BX1003,Pelham Bay-Country Club-City Island,Bronx,12.57,138,8.72,62,12.48,142,553185.0995,5.5636,0,0,0,0,0,2023-06-30,BX10,568.0,0.0,0.0,0,0,Low,0,0,0.0,0.0,0.5944820008850773,1,0
BX1003,Pelham Bay-Country Club-City Island,Bronx,12.57,138,8.72,62,12.48,142,553185.0995,5.5636,0,0,0,0,0,2023-07-31,BX10,580.0,0.0,0.0,0,0,Low,0,0,0.0,0.0,0.5944820008850773,1,0
BX1003,Pelham Bay-Country Club-City Island,Bronx,12.57,138,8.72,62,12.48,142,553185.0995,5.5636,0,0,0,0,0,2023-08-31,BX10,591.0,0.0,0.0,0,0,Low,0,0,0.0,0.0,0.5944820008850773,1,0
BX1003,Pelham Bay-Country Club-City Island,Bronx,12.57,138,8.72,62,12.48,142,553185.0995,5.5636,0,0,0,0,0,2023-09-30,BX10,597.0,0.0,0.0,0,0,Low,0,0,0.0,0.0,0.5944820008850773,1,0
BX1003,Pelham Bay-Country Club-City Island,Bronx,12.57,138,8.72,62,12.48,142,553185.0995,5.5636,0,0,0,0,0,2023-10-31,BX10,585.0,0.0,0.0,0,0,Low,0,0,0.0,0.0,0.5944820008850773,1,0
BX1003,Pelham Bay-Country Club-City Island,Bronx,12.57,138,8.72,62,12.48,142,553185.0995,5.5636,0,0,0,0,0,2023-11-30,BX10,580.0,0.0,0.0,0,0,Low,0,0,0.0,0.0,0.5944820008850773,1,0
BX1003,Pelham Bay-Country Club-City Island,Bronx,12.57,138,8.72,62,12.48,142,553185.0995,5.5636,0,0,0,0,0,2023-12-31,BX10,576.0,0.0,0.0,0,0,Low,0,0,0.0,0.0,0.5944820008850773,1,0
BX1003,Pelham Bay-Country Club-City Island,Bronx,12.57,138,8.72,62,12.48,142,553185.0995,5.5636,0,0,0,0,0,2024-01-31,BX10,566.0,0.0,0.0,0,0,Low,0,0,0.0,0.0,0.5944820008850773,1,0
BX1003,Pelham Bay-Country Club-City Island,Bronx,12.57,138,8.72,62,12.48,142,553185.0995,5.5636,0,0,0,0,0,2024-02-29,BX10,500.0,0.0,0.0,0,0,Low,0,0,0.0,0.0,0.5944820008850773,1,0
BX1003,Pelham Bay-Country Club-City Island,Bronx,12.57,138,8.72,62,12.48,142,553185.0995,5.5636,0,0,0,0,0,2024-03-31,BX10,536.0,0.0,0.0,0,0,Low,0,0,0.0,0.0,0.5944820008850773,1,0
BX1003,Pelham Bay-Country Club-City Island,Bronx,12.57,138,8.72,62,12.48,142,553185.0995,5.5636,0,0,0,0,0,2024-04-30,BX10,533.0,0.0,0.0,0,0,Low,0,0,0.0,0.0,0.5944820008850773,1,0
BX1003,Pelham Bay-Country Club-City Island,Bronx,12.57,138,8.72,62,12.48,142,553185.0995,5.5636,0,0,0,0,0,2024-05-31,BX10,525.0,0.0,0.0,0,0,Low,0,0,0.0,0.0,0.5944820008850773,1,0
BX1003,Pelham Bay-Country Club-City Island,Bronx,12.57,138,8.72,62,12.48,142,553185.0995,5.5636,0,0,0,0,0,2024-06-30,BX10,525.0,0.0,0.0,0,0,Low,0,0,0.0,0.0,0.5944820008850773,1,0
BX1003,Pelham Bay-Country Club-City Island,Bronx,12.57,138,8.72,62,12.48,142,553185.0995,5.5636,0,0,0,0,0,2024-07-31,BX10,561.0,0.0,0.0,0,0,Low,0,0,0.0,0.0,0.5944820008850773,1,0
BX1003,Pelham Bay-Country Club-City Island,Bronx,12.57,138,8.72,62,12.48,142,553185.0995,5.5636,0,0,0,0,0,2024-08-31,BX10,540.0,0.0,0.0,0,0,Low,0,0,0.0,0.0,0.5944820008850773,1,0
BX1003,Pelham Bay-Country Club-City Island,Bronx,12.57,138,8.72,62,12.48,142,553185.0995,5.5636,0,0,0,0,0,2024-09-30,BX10,566.0,0.0,0.0,0,0,Low,0,0,0.0,0.0,0.5944820008850773,1,0
BX1003,Pelham Bay-Country Club-City Island,Bronx,12.57,138,8.72,62,12.48,142,553185.0995,5.5636,0,0,0,0,0,2024-10-31,BX10,566.0,0.0,0.0,0,0,Low,0,0,0.0,0.0,0.5944820008850773,1,0
BX1003,Pelham Bay-Country Club-City Island,Bronx,12.57,138,8.72,62,12.48,142,553185.0995,5.5636,0,0,0,0,0,2024-11-30,BX10,557.0,0.0,0.0,0,0,Low,0,0,0.0,0.0,0.5944820008850773,1,0
BX1003,Pelham Bay-Country Club-City Island,Bronx,12.57,138,8.72,62,12.48,142,553185.0995,5.5636,0,0,0,0,0,2024-12-31,BX10,543.0,0.0,0.0,0,0,Low,0,0,0.0,0.0,0.5944820008850773,1,0
BK0301,Bedford-Stuyvesant (West),Brooklyn,15.52,95,7.77,81,10.28,176,-463783.509,5.5632,16,12,4,12,7,2023-01-31,BK03,772.0,0.0,1.0309278350515465,0,1,High,1,1,2.833213344056216,0.7084927502346058,0.594420961071859,0,1
BK0301,Bedford-Stuyvesant (West),Brooklyn,15.52,95,7.77,81,10.28,176,-463783.509,5.5632,16,12,4,12,7,2023-02-28,BK03,453.0,0.0,1.0309278350515465,0,1,High,1,1,2.833213344056216,0.7084927502346058,0.594420961071859,0,1
BK0301,Bedford-Stuyvesant (West),Brooklyn,15.52,95,7.77,81,10.28,176,-463783.509,5.5632,16,12,4,12,7,2023-03-31,BK03,420.0,0.0,1.0309278350515465,0,1,High,1,1,2.833213344056216,0.7084927502346058,0.594420961071859,0,1
BK0301,Bedford-Stuyvesant (West),Brooklyn,15.52,95,7.77,81,10.28,176,-463783.509,5.5632,16,12,4,12,7,2023-04-30,BK03,425.0,0.0,1.0309278350515465,0,1,High,1,1,2.833213344056216,0.7084927502346058,0.594420961071859,0,1
BK0301,Bedford-Stuyvesant (West),Brooklyn,15.52,95,7.77,81,10.28,176,-463783.509,5.5632,16,12,4,12,7,2023-05-31,BK03,409.0,0.0,1.0309278350515465,0,1,High,1,1,2.833213344056216,0.7084927502346058,0.594420961071859,0,1
BK0301,Bedford-Stuyvesant (West),Brooklyn,15.52,95,7.77,81,10.28,176,-463783.509,5.5632,16,12,4,12,7,2023-06-30,BK03,420.0,0.0,1.0309278350515465,0,1,High,1,1,2.833213344056216,0.7084927502346058,0.594420961071859,0,1
BK0301,Bedford-Stuyvesant (West),Brooklyn,15.52,95,7.77,81,10.28,176,-463783.509,5.5632,16,12,4,12,7,2023-07-31,BK03,427.0,0.0,1.0309278350515465,0,1,High,1,1,2.833213344056216,0.7084927502346058,0.594420961071859,0,1
BK0301,Bedford-Stuyvesant (West),Brooklyn,15.52,95,7.77,81,10.28,176,-463783.509,5.5632,16,12,4,12,7,2023-08-31,BK03,348.0,0.0,1.0309278350515465,0,1,High,1,1,2.833213344056216,0.7084927502346058,0.594420961071859,0,1
BK0301,Bedford-Stuyvesant (West),Brooklyn,15.52,95,7.77,81,10.28,176,-463783.509,5.5632,16,12,4,12,7,2023-09-30,BK03,423.0,0.0,1.0309278350515465,0,1,High,1,1,2.833213344056216,0.7084927502346058,0.594420961071859,0,1
BK0301,Bedford-Stuyvesant (West),Brooklyn,15.52,95,7.77,81,10.28,176,-463783.509,5.5632,16,12,4,12,7,2023-10-31,BK03,422.0,0.0,1.0309278350515465,0,1,High,1,1,2.833213344056216,0.7084927502346058,0.594420961071859,0,1
BK0301,Bedford-Stuyvesant (West),Brooklyn,15.52,95,7.77,81,10.28,176,-463783.509,5.5632,16,12,4,12,7,2023-11-30,BK03,417.0,0.0,1.0309278350515465,0,1,High,1,1,2.833213344056216,0.7084927502346058,0.594420961071859,0,1
BK0301,Bedford-Stuyvesant (West),Brooklyn,15.52,95,7.77,81,10.28,176,-463783.509,5.5632,16,12,4,12,7,2023-12-31,BK03,397.0,0.0,1.0309278350515465,0,1,High,1,1,2.833213344056216,0.7084927502346058,0.594420961071859,0,1
BK0301,Bedford-Stuyvesant (West),Brooklyn,15.52,95,7.77,81,10.28,176,-463783.509,5.5632,16,12,4,12,7,2024-01-31,BK03,390.0,0.0,1.0309278350515465,0,1,High,1,1,2.833213344056216,0.7084927502346058,0.594420961071859,0,1
BK0301,Bedford-Stuyvesant (West),Brooklyn,15.52,95,7.77,81,10.28,176,-463783.509,5.5632,16,12,4,12,7,2024-02-29,BK03,416.0,0.0,1.0309278350515465,0,1,High,1,1,2.833213344056216,0.7084927502346058,0.594420961071859,0,1
BK0301,Bedford-Stuyvesant (West),Brooklyn,15.52,95,7.77,81,10.28,176,-463783.509,5.5632,16,12,4,12,7,2024-03-31,BK03,424.0,0.0,1.0309278350515465,0,1,High,1,1,2.833213344056216,0.7084927502346058,0.594420961071859,0,1
BK0301,Bedford-Stuyvesant (West),Brooklyn,15.52,95,7.77,81,10.28,176,-463783.509,5.5632,16,12,4,12,7,2024-04-30,BK03,439.0,0.0,1.0309278350515465,0,1,High,1,1,2.833213344056216,0.7084927502346058,0.594420961071859,0,1
BK0301,Bedford-Stuyvesant (West),Brooklyn,15.52,95,7.77,81,10.28,176,-463783.509,5.5632,16,12,4,12,7,2024-05-31,BK03,437.0,0.0,1.0309278350515465,0,1,High,1,1,2.833213344056216,0.7084927502346058,0.594420961071859,0,1
BK0301,Bedford-Stuyvesant (West),Brooklyn,15.52,95,7.77,81,10.28,176,-463783.509,5.5632,16,12,4,12,7,2024-06-30,BK03,421.0,0.0,1.0309278350515465,0,1,High,1,1,2.833213344056216,0.7084927502346058,0.594420961071859,0,1
BK0301,Bedford-Stuyvesant (West),Brooklyn,15.52,95,7.77,81,10.28,176,-463783.509,5.5632,16,12,4,12,7,2024-07-31,BK03,418.0,0.0,1.0309278350515465,0,1,High,1,1,2.833213344056216,0.7084927502346058,0.594420961071859,0,1
BK0301,Bedford-Stuyvesant (West),Brooklyn,15.52,95,7.77,81,10.28,176,-463783.509,5.5632,16,12,4,12,7,2024-08-31,BK03,407.0,0.0,1.0309278350515465,0,1,High,1,1,2.833213344056216,0.7084927502346058,0.594420961071859,0,1
BK0301,Bedford-Stuyvesant (West),Brooklyn,15.52,95,7.77,81,10.28,176,-463783.509,5.5632,16,12,4,12,7,2024-09-30,BK03,439.0,0.0,1.0309278350515465,0,1,High,1,1,2.833213344056216,0.7084927502346058,0.594420961071859,0,1
BK0301,Bedford-Stuyvesant (West),Brooklyn,15.52,95,7.77,81,10.28,176,-463783.509,5.5632,16,12,4,12,7,2024-10-31,BK03,429.0,0.0,1.0309278350515465,0,1,High,1,1,2.833213344056216,0.7084927502346058,0.594420961071859,0,1
BK0301,Bedford-Stuyvesant (West),Brooklyn,15.52,95,7.77,81,10.28,176,-463783.509,5.5632,16,12,4,12,7,2024-11-30,BK03,433.0,0.0,1.0309278350515465,0,1,High,1,1,2.833213344056216,0.7084927502346058,0.594420961071859,0,1
BK0301,Bedford-Stuyvesant (West),Brooklyn,15.52,95,7.77,81,10.28,176,-463783.509,5.5632,16,12,4,12,7,2024-12-31,BK03,415.0,0.0,1.0309278350515465,0,1,High,1,1,2.833213344056216,0.7084927502346058,0.594420961071859,0,1
SI0105,Westerleigh-Castleton Corners,Staten Island,10.72,165,4.27,182,9.16,188,523984.8812,5.5399,0,0,0,0,0,2023-01-31,SI01,129.0,0.0,0.0,0,0,Low,0,0,0.0,0.0,0.5908653919519006,1,0
SI0105,Westerleigh-Castleton Corners,Staten Island,10.72,165,4.27,182,9.16,188,523984.8812,5.5399,0,0,0,0,0,2023-02-28,SI01,109.0,0.0,0.0,0,0,Low,0,0,0.0,0.0,0.5908653919519006,1,0
SI0105,Westerleigh-Castleton Corners,Staten Island,10.72,165,4.27,182,9.16,188,523984.8812,5.5399,0,0,0,0,0,2023-03-31,SI01,135.0,0.0,0.0,0,0,Low,0,0,0.0,0.0,0.5908653919519006,1,0
SI0105,Westerleigh-Castleton Corners,Staten Island,10.72,165,4.27,182,9.16,188,523984.8812,5.5399,0,0,0,0,0,2023-04-30,SI01,138.0,0.0,0.0,0,0,Low,0,0,0.0,0.0,0.5908653919519006,1,0
SI0105,Westerleigh-Castleton Corners,Staten Island,10.72,165,4.27,182,9.16,188,523984.8812,5.5399,0,0,0,0,0,2023-05-31,SI01,143.0,0.0,0.0,0,0,Low,0,0,0.0,0.0,0.5908653919519006,1,0
SI0105,Westerleigh-Castleton Corners,Staten Island,10.72,165,4.27,182,9.16,188,523984.8812,5.5399,0,0,0,0,0,2023-06-30,SI01,139.0,0.0,0.0,0,0,Low,0,0,0.0,0.0,0.5908653919519006,1,0
SI0105,Westerleigh-Castleton Corners,Staten Island,10.72,165,4.27,182,9.16,188,523984.8812,5.5399,0,0,0,0,0,2023-07-31,SI01,143.0,0.0,0.0,0,0,Low,0,0,0.0,0.0,0.5908653919519006,1,0
SI0105,Westerleigh-Castleton Corners,Staten Island,10.72,165,4.27,182,9.16,188,523984.8812,5.5399,0,0,0,0,0,2023-08-31,SI01,151.0,0.0,0.0,0,0,Low,0,0,0.0,0.0,0.5908653919519006,1,0
SI0105,Westerleigh-Castleton Corners,Staten Island,10.72,165,4.27,182,9.16,188,523984.8812,5.5399,0,0,0,0,0,2023-09-30,SI01,132.0,0.0,0.0,0,0,Low,0,0,0.0,0.0,0.5908653919519006,1,0
SI0105,Westerleigh-Castleton Corners,Staten Island,10.72,165,4.27,182,9.16,188,523984.8812,5.5399,0,0,0,0,0,2023-10-31,SI01,153.0,0.0,0.0,0,0,Low,0,0,0.0,0.0,0.5908653919519006,1,0
SI0105,Westerleigh-Castleton Corners,Staten Island,10.72,165,4.27,182,9.16,188,523984.8812,5.5399,0,0,0,0,0,2023-11-30,SI01,150.0,0.0,0.0,0,0,Low,0,0,0.0,0.0,0.5908653919519006,1,0
SI0105,Westerleigh-Castleton Corners,Staten Island,10.72,165,4.27,182,9.16,188,523984.8812,5.5399,0,0,0,0,0,2023-12-31,SI01,213.0,0.0,0.0,0,0,Low,0,0,0.0,0.0,0.5908653919519006,1,0
SI0105,Westerleigh-Castleton Corners,Staten Island,10.72,165,4.27,182,9.16,188,523984.8812,5.5399,0,0,0,0,0,2024-01-31,SI01,238.0,0.0,0.0,0,0,Low,0,0,0.0,0.0,0.5908653919519006,1,0
SI0105,Westerleigh-Castleton Corners,Staten Island,10.72,165,4.27,182,9.16,188,523984.8812,5.5399,0,0,0,0,0,2024-02-29,SI01,285.0,0.0,0.0,0,0,Low,0,0,0.0,0.0,0.5908653919519006,1,0
SI0105,Westerleigh-Castleton Corners,Staten Island,10.72,165,4.27,182,9.16,188,523984.8812,5.5399,0,0,0,0,0,2024-03-31,SI01,286.0,0.0,0.0,0,0,Low,0,0,0.0,0.0,0.5908653919519006,1,0
SI0105,Westerleigh-Castleton Corners,Staten Island,10.72,165,4.27,182,9.16,188,523984.8812,5.5399,0,0,0,0,0,2024-04-30,SI01,316.0,0.0,0.0,0,0,Low,0,0,0.0,0.0,0.5908653919519006,1,0
SI0105,Westerleigh-Castleton Corners,Staten Island,10.72,165,4.27,182,9.16,188,523984.8812,5.5399,0,0,0,0,0,2024-05-31,SI01,327.0,0.0,0.0,0,0,Low,0,0,0.0,0.0,0.5908653919519006,1,0
SI0105,Westerleigh-Castleton Corners,Staten Island,10.72,165,4.27,182,9.16,188,523984.8812,5.5399,0,0,0,0,0,2024-06-30,SI01,339.0,0.0,0.0,0,0,Low,0,0,0.0,0.0,0.5908653919519006,1,0
SI0105,Westerleigh-Castleton Corners,Staten Island,10.72,165,4.27,182,9.16,188,523984.8812,5.5399,0,0,0,0,0,2024-07-31,SI01,390.0,0.0,0.0,0,0,Low,0,0,0.0,0.0,0.5908653919519006,1,0
SI0105,Westerleigh-Castleton Corners,Staten Island,10.72,165,4.27,182,9.16,188,523984.8812,5.5399,0,0,0,0,0,2024-08-31,SI01,443.0,0.0,0.0,0,0,Low,0,0,0.0,0.0,0.5908653919519006,1,0
SI0105,Westerleigh-Castleton Corners,Staten Island,10.72,165,4.27,182,9.16,188,523984.8812,5.5399,0,0,0,0,0,2024-09-30,SI01,491.0,0.0,0.0,0,0,Low,0,0,0.0,0.0,0.5908653919519006,1,0
SI0105,Westerleigh-Castleton Corners,Staten Island,10.72,165,4.27,182,9.16,188,523984.8812,5.5399,0,0,0,0,0,2024-10-31,SI01,552.0,0.0,0.0,0,0,Low,0,0,0.0,0.0,0.5908653919519006,1,0
SI0105,Westerleigh-Castleton Corners,Staten Island,10.72,165,4.27,182,9.16,188,523984.8812,5.5399,0,0,0,0,0,2024-11-30,SI01,552.0,0.0,0.0,0,0,Low,0,0,0.0,0.0,0.5908653919519006,1,0
SI0105,Westerleigh-Castleton Corners,Staten Island,10.72,165,4.27,182,9.16,188,523984.8812,5.5399,0,0,0,0,0,2024-12-31,SI01,532.0,0.0,0.0,0,0,Low,0,0,0.0,0.0,0.5908653919519006,1,0
SI0107,Mariner's Harbor-Arlington-Graniteville,Staten Island,11.05,158,7.0,107,13.44,120,397831.7666,5.5337,1,1,0,1,0,2023-01-31,SI01,129.0,0.0,0.09049773755656108,0,0,Low,0,0,0.6931471805599453,0.08663423197290218,0.5899192748470189,1,0
SI0107,Mariner's Harbor-Arlington-Graniteville,Staten Island,11.05,158,7.0,107,13.44,120,397831.7666,5.5337,1,1,0,1,0,2023-02-28,SI01,109.0,0.0,0.09049773755656108,0,0,Low,0,0,0.6931471805599453,0.08663423197290218,0.5899192748470189,1,0
SI0107,Mariner's Harbor-Arlington-Graniteville,Staten Island,11.05,158,7.0,107,13.44,120,397831.7666,5.5337,1,1,0,1,0,2023-03-31,SI01,135.0,0.0,0.09049773755656108,0,0,Low,0,0,0.6931471805599453,0.08663423197290218,0.5899192748470189,1,0
SI0107,Mariner's Harbor-Arlington-Graniteville,Staten Island,11.05,158,7.0,107,13.44,120,397831.7666,5.5337,1,1,0,1,0,2023-04-30,SI01,138.0,0.0,0.09049773755656108,0,0,Low,0,0,0.6931471805599453,0.08663423197290218,0.5899192748470189,1,0
SI0107,Mariner's Harbor-Arlington-Graniteville,Staten Island,11.05,158,7.0,107,13.44,120,397831.7666,5.5337,1,1,0,1,0,2023-05-31,SI01,143.0,0.0,0.09049773755656108,0,0,Low,0,0,0.6931471805599453,0.08663423197290218,0.5899192748470189,1,0
SI0107,Mariner's Harbor-Arlington-Graniteville,Staten Island,11.05,158,7.0,107,13.44,120,397831.7666,5.5337,1,1,0,1,0,2023-06-30,SI01,139.0,0.0,0.09049773755656108,0,0,Low,0,0,0.6931471805599453,0.08663423197290218,0.5899192748470189,1,0
SI0107,Mariner's Harbor-Arlington-Graniteville,Staten Island,11.05,158,7.0,107,13.44,120,397831.7666,5.5337,1,1,0,1,0,2023-07-31,SI01,143.0,0.0,0.09049773755656108,0,0,Low,0,0,0.6931471805599453,0.08663423197290218,0.5899192748470189,1,0
SI0107,Mariner's Harbor-Arlington-Graniteville,Staten Island,11.05,158,7.0,107,13.44,120,397831.7666,5.5337,1,1,0,1,0,2023-08-31,SI01,151.0,0.0,0.09049773755656108,0,0,Low,0,0,0.6931471805599453,0.08663423197290218,0.5899192748470189,1,0
SI0107,Mariner's Harbor-Arlington-Graniteville,Staten Island,11.05,158,7.0,107,13.44,120,397831.7666,5.5337,1,1,0,1,0,2023-09-30,SI01,132.0,0.0,0.09049773755656108,0,0,Low,0,0,0.6931471805599453,0.08663423197290218,0.5899192748470189,1,0
SI0107,Mariner's Harbor-Arlington-Graniteville,Staten Island,11.05,158,7.0,107,13.44,120,397831.7666,5.5337,1,1,0,1,0,2023-10-31,SI01,153.0,0.0,0.09049773755656108,0,0,Low,0,0,0.6931471805599453,0.08663423197290218,0.5899192748470189,1,0
SI0107,Mariner's Harbor-Arlington-Graniteville,Staten Island,11.05,158,7.0,107,13.44,120,397831.7666,5.5337,1,1,0,1,0,2023-11-30,SI01,150.0,0.0,0.09049773755656108,0,0,Low,0,0,0.6931471805599453,0.08663423197290218,0.5899192748470189,1,0
SI0107,Mariner's Harbor-Arlington-Graniteville,Staten Island,11.05,158,7.0,107,13.44,120,397831.7666,5.5337,1,1,0,1,0,2023-12-31,SI01,213.0,0.0,0.09049773755656108,0,0,Low,0,0,0.6931471805599453,0.08663423197290218,0.5899192748470189,1,0
SI0107,Mariner's Harbor-Arlington-Graniteville,Staten Island,11.05,158,7.0,107,13.44,120,397831.7666,5.5337,1,1,0,1,0,2024-01-31,SI01,238.0,0.0,0.09049773755656108,0,0,Low,0,0,0.6931471805599453,0.08663423197290218,0.5899192748470189,1,0
SI0107,Mariner's Harbor-Arlington-Graniteville,Staten Island,11.05,158,7.0,107,13.44,120,397831.7666,5.5337,1,1,0,1,0,2024-02-29,SI01,285.0,0.0,0.09049773755656108,0,0,Low,0,0,0.6931471805599453,0.08663423197290218,0.5899192748470189,1,0
SI0107,Mariner's Harbor-Arlington-Graniteville,Staten Island,11.05,158,7.0,107,13.44,120,397831.7666,5.5337,1,1,0,1,0,2024-03-31,SI01,286.0,0.0,0.09049773755656108,0,0,Low,0,0,0.6931471805599453,0.08663423197290218,0.5899192748470189,1,0
SI0107,Mariner's Harbor-Arlington-Graniteville,Staten Island,11.05,158,7.0,107,13.44,120,397831.7666,5.5337,1,1,0,1,0,2024-04-30,SI01,316.0,0.0,0.09049773755656108,0,0,Low,0,0,0.6931471805599453,0.08663423197290218,0.5899192748470189,1,0
SI0107,Mariner's Harbor-Arlington-Graniteville,Staten Island,11.05,158,7.0,107,13.44,120,397831.7666,5.5337,1,1,0,1,0,2024-05-31,SI01,327.0,0.0,0.09049773755656108,0,0,Low,0,0,0.6931471805599453,0.08663423197290218,0.5899192748470189,1,0
SI0107,Mariner's Harbor-Arlington-Graniteville,Staten Island,11.05,158,7.0,107,13.44,120,397831.7666,5.5337,1,1,0,1,0,2024-06-30,SI01,339.0,0.0,0.09049773755656108,0,0,Low,0,0,0.6931471805599453,0.08663423197290218,0.5899192748470189,1,0
SI0107,Mariner's Harbor-Arlington-Graniteville,Staten Island,11.05,158,7.0,107,13.44,120,397831.7666,5.5337,1,1,0,1,0,2024-07-31,SI01,390.0,0.0,0.09049773755656108,0,0,Low,0,0,0.6931471805599453,0.08663423197290218,0.5899192748470189,1,0
SI0107,Mariner's Harbor-Arlington-Graniteville,Staten Island,11.05,158,7.0,107,13.44,120,397831.7666,5.5337,1,1,0,1,0,2024-08-31,SI01,443.0,0.0,0.09049773755656108,0,0,Low,0,0,0.6931471805599453,0.08663423197290218,0.5899192748470189,1,0
SI0107,Mariner's Harbor-Arlington-Graniteville,Staten Island,11.05,158,7.0,107,13.44,120,397831.7666,5.5337,1,1,0,1,0,2024-09-30,SI01,491.0,0.0,0.09049773755656108,0,0,Low,0,0,0.6931471805599453,0.08663423197290218,0.5899192748470189,1,0
SI0107,Mariner's Harbor-Arlington-Graniteville,Staten Island,11.05,158,7.0,107,13.44,120,397831.7666,5.5337,1,1,0,1,0,2024-10-31,SI01,552.0,0.0,0.09049773755656108,0,0,Low,0,0,0.6931471805599453,0.08663423197290218,0.5899192748470189,1,0
SI0107,Mariner's Harbor-Arlington-Graniteville,Staten Island,11.05,158,7.0,107,13.44,120,397831.7666,5.5337,1,1,0,1,0,2024-11-30,SI01,552.0,0.0,0.09049773755656108,0,0,Low,0,0,0.6931471805599453,0.08663423197290218,0.5899192748470189,1,0
SI0107,Mariner's Harbor-Arlington-Graniteville,Staten Island,11.05,158,7.0,107,13.44,120,397831.7666,5.5337,1,1,0,1,0,2024-12-31,SI01,532.0,0.0,0.09049773755656108,0,0,Low,0,0,0.6931471805599453,0.08663423197290218,0.5899192748470189,1,0
BK0703,Sunset Park (Central),Brooklyn,13.28,129,7.17,98,33.29,3,253310.0107,5.5144,3,2,1,3,0,2023-01-31,BK07,368.0,0.0,0.22590361445783133,0,1,High,1,0,1.3862943611198906,0.20367821652610646,0.5869741038592422,0,1
BK0703,Sunset Park (Central),Brooklyn,13.28,129,7.17,98,33.29,3,253310.0107,5.5144,3,2,1,3,0,2023-02-28,BK07,379.0,0.0,0.22590361445783133,0,1,High,1,0,1.3862943611198906,0.20367821652610646,0.5869741038592422,0,1
BK0703,Sunset Park (Central),Brooklyn,13.28,129,7.17,98,33.29,3,253310.0107,5.5144,3,2,1,3,0,2023-03-31,BK07,379.0,0.0,0.22590361445783133,0,1,High,1,0,1.3862943611198906,0.20367821652610646,0.5869741038592422,0,1
BK0703,Sunset Park (Central),Brooklyn,13.28,129,7.17,98,33.29,3,253310.0107,5.5144,3,2,1,3,0,2023-04-30,BK07,374.0,0.0,0.22590361445783133,0,1,High,1,0,1.3862943611198906,0.20367821652610646,0.5869741038592422,0,1
BK0703,Sunset Park (Central),Brooklyn,13.28,129,7.17,98,33.29,3,253310.0107,5.5144,3,2,1,3,0,2023-05-31,BK07,378.0,0.0,0.22590361445783133,0,1,High,1,0,1.3862943611198906,0.20367821652610646,0.5869741038592422,0,1
BK0703,Sunset Park (Central),Brooklyn,13.28,129,7.17,98,33.29,3,253310.0107,5.5144,3,2,1,3,0,2023-06-30,BK07,377.0,0.0,0.22590361445783133,0,1,High,1,0,1.3862943611198906,0.20367821652610646,0.5869741038592422,0,1
BK0703,Sunset Park (Central),Brooklyn,13.28,129,7.17,98,33.29,3,253310.0107,5.5144,3,2,1,3,0,2023-07-31,BK07,379.0,0.0,0.22590361445783133,0,1,High,1,0,1.3862943611198906,0.20367821652610646,0.5869741038592422,0,1
BK0703,Sunset Park (Central),Brooklyn,13.28,129,7.17,98,33.29,3,253310.0107,5.5144,3,2,1,3,0,2023-08-31,BK07,373.0,0.0,0.22590361445783133,0,1,High,1,0,1.3862943611198906,0.20367821652610646,0.5869741038592422,0,1
BK0703,Sunset Park (Central),Brooklyn,13.28,129,7.17,98,33.29,3,253310.0107,5.5144,3,2,1,3,0,2023-09-30,BK07,383.0,0.0,0.22590361445783133,0,1,High,1,0,1.3862943611198906,0.20367821652610646,0.5869741038592422,0,1
BK0703,Sunset Park (Central),Brooklyn,13.28,129,7.17,98,33.29,3,253310.0107,5.5144,3,2,1,3,0,2023-10-31,BK07,359.0,0.0,0.22590361445783133,0,1,High,1,0,1.3862943611198906,0.20367821652610646,0.5869741038592422,0,1
BK0703,Sunset Park (Central),Brooklyn,13.28,129,7.17,98,33.29,3,253310.0107,5.5144,3,2,1,3,0,2023-11-30,BK07,364.0,0.0,0.22590361445783133,0,1,High,1,0,1.3862943611198906,0.20367821652610646,0.5869741038592422,0,1
BK0703,Sunset Park (Central),Brooklyn,13.28,129,7.17,98,33.29,3,253310.0107,5.5144,3,2,1,3,0,2023-12-31,BK07,354.0,0.0,0.22590361445783133,0,1,High,1,0,1.3862943611198906,0.20367821652610646,0.5869741038592422,0,1
BK0703,Sunset Park (Central),Brooklyn,13.28,129,7.17,98,33.29,3,253310.0107,5.5144,3,2,1,3,0,2024-01-31,BK07,348.0,0.0,0.22590361445783133,0,1,High,1,0,1.3862943611198906,0.20367821652610646,0.5869741038592422,0,1
BK0703,Sunset Park (Central),Brooklyn,13.28,129,7.17,98,33.29,3,253310.0107,5.5144,3,2,1,3,0,2024-02-29,BK07,350.0,0.0,0.22590361445783133,0,1,High,1,0,1.3862943611198906,0.20367821652610646,0.5869741038592422,0,1
BK0703,Sunset Park (Central),Brooklyn,13.28,129,7.17,98,33.29,3,253310.0107,5.5144,3,2,1,3,0,2024-03-31,BK07,333.0,0.0,0.22590361445783133,0,1,High,1,0,1.3862943611198906,0.20367821652610646,0.5869741038592422,0,1
BK0703,Sunset Park (Central),Brooklyn,13.28,129,7.17,98,33.29,3,253310.0107,5.5144,3,2,1,3,0,2024-04-30,BK07,331.0,0.0,0.22590361445783133,0,1,High,1,0,1.3862943611198906,0.20367821652610646,0.5869741038592422,0,1
BK0703,Sunset Park (Central),Brooklyn,13.28,129,7.17,98,33.29,3,253310.0107,5.5144,3,2,1,3,0,2024-05-31,BK07,330.0,0.0,0.22590361445783133,0,1,High,1,0,1.3862943611198906,0.20367821652610646,0.5869741038592422,0,1
BK0703,Sunset Park (Central),Brooklyn,13.28,129,7.17,98,33.29,3,253310.0107,5.5144,3,2,1,3,0,2024-06-30,BK07,329.0,0.0,0.22590361445783133,0,1,High,1,0,1.3862943611198906,0.20367821652610646,0.5869741038592422,0,1
BK0703,Sunset Park (Central),Brooklyn,13.28,129,7.17,98,33.29,3,253310.0107,5.5144,3,2,1,3,0,2024-07-31,BK07,332.0,0.0,0.22590361445783133,0,1,High,1,0,1.3862943611198906,0.20367821652610646,0.5869741038592422,0,1
BK0703,Sunset Park (Central),Brooklyn,13.28,129,7.17,98,33.29,3,253310.0107,5.5144,3,2,1,3,0,2024-08-31,BK07,363.0,0.0,0.22590361445783133,0,1,High,1,0,1.3862943611198906,0.20367821652610646,0.5869741038592422,0,1
BK0703,Sunset Park (Central),Brooklyn,13.28,129,7.17,98,33.29,3,253310.0107,5.5144,3,2,1,3,0,2024-09-30,BK07,349.0,0.0,0.22590361445783133,0,1,High,1,0,1.3862943611198906,0.20367821652610646,0.5869741038592422,0,1
BK0703,Sunset Park (Central),Brooklyn,13.28,129,7.17,98,33.29,3,253310.0107,5.5144,3,2,1,3,0,2024-10-31,BK07,387.0,0.0,0.22590361445783133,0,1,High,1,0,1.3862943611198906,0.20367821652610646,0.5869741038592422,0,1
BK0703,Sunset Park (Central),Brooklyn,13.28,129,7.17,98,33.29,3,253310.0107,5.5144,3,2,1,3,0,2024-11-30,BK07,378.0,0.0,0.22590361445783133,0,1,High,1,0,1.3862943611198906,0.20367821652610646,0.5869741038592422,0,1
BK0703,Sunset Park (Central),Brooklyn,13.28,129,7.17,98,33.29,3,253310.0107,5.5144,3,2,1,3,0,2024-12-31,BK07,389.0,0.0,0.22590361445783133,0,1,High,1,0,1.3862943611198906,0.20367821652610646,0.5869741038592422,0,1
QN1003,Howard Beach-Lindenwood,Queens,12.25,141,8.25,74,7.59,195,541093.5056,5.5142,1,1,0,1,0,2023-01-31,QN10,0.0,0.0,0.08163265306122448,0,0,Low,0,0,0.6931471805599453,0.07847161544149522,0.586943583952633,1,0
QN1003,Howard Beach-Lindenwood,Queens,12.25,141,8.25,74,7.59,195,541093.5056,5.5142,1,1,0,1,0,2023-02-28,QN10,0.0,0.0,0.08163265306122448,0,0,Low,0,0,0.6931471805599453,0.07847161544149522,0.586943583952633,1,0
QN1003,Howard Beach-Lindenwood,Queens,12.25,141,8.25,74,7.59,195,541093.5056,5.5142,1,1,0,1,0,2023-03-31,QN10,0.0,0.0,0.08163265306122448,0,0,Low,0,0,0.6931471805599453,0.07847161544149522,0.586943583952633,1,0
QN1003,Howard Beach-Lindenwood,Queens,12.25,141,8.25,74,7.59,195,541093.5056,5.5142,1,1,0,1,0,2023-04-30,QN10,0.0,0.0,0.08163265306122448,0,0,Low,0,0,0.6931471805599453,0.07847161544149522,0.586943583952633,1,0
QN1003,Howard Beach-Lindenwood,Queens,12.25,141,8.25,74,7.59,195,541093.5056,5.5142,1,1,0,1,0,2023-05-31,QN10,0.0,0.0,0.08163265306122448,0,0,Low,0,0,0.6931471805599453,0.07847161544149522,0.586943583952633,1,0
QN1003,Howard Beach-Lindenwood,Queens,12.25,141,8.25,74,7.59,195,541093.5056,5.5142,1,1,0,1,0,2023-06-30,QN10,0.0,0.0,0.08163265306122448,0,0,Low,0,0,0.6931471805599453,0.07847161544149522,0.586943583952633,1,0
QN1003,Howard Beach-Lindenwood,Queens,12.25,141,8.25,74,7.59,195,541093.5056,5.5142,1,1,0,1,0,2023-07-31,QN10,0.0,0.0,0.08163265306122448,0,0,Low,0,0,0.6931471805599453,0.07847161544149522,0.586943583952633,1,0
QN1003,Howard Beach-Lindenwood,Queens,12.25,141,8.25,74,7.59,195,541093.5056,5.5142,1,1,0,1,0,2023-08-31,QN10,0.0,0.0,0.08163265306122448,0,0,Low,0,0,0.6931471805599453,0.07847161544149522,0.586943583952633,1,0
QN1003,Howard Beach-Lindenwood,Queens,12.25,141,8.25,74,7.59,195,541093.5056,5.5142,1,1,0,1,0,2023-09-30,QN10,0.0,0.0,0.08163265306122448,0,0,Low,0,0,0.6931471805599453,0.07847161544149522,0.586943583952633,1,0
QN1003,Howard Beach-Lindenwood,Queens,12.25,141,8.25,74,7.59,195,541093.5056,5.5142,1,1,0,1,0,2023-10-31,QN10,0.0,0.0,0.08163265306122448,0,0,Low,0,0,0.6931471805599453,0.07847161544149522,0.586943583952633,1,0
QN1003,Howard Beach-Lindenwood,Queens,12.25,141,8.25,74,7.59,195,541093.5056,5.5142,1,1,0,1,0,2023-11-30,QN10,0.0,0.0,0.08163265306122448,0,0,Low,0,0,0.6931471805599453,0.07847161544149522,0.586943583952633,1,0
QN1003,Howard Beach-Lindenwood,Queens,12.25,141,8.25,74,7.59,195,541093.5056,5.5142,1,1,0,1,0,2023-12-31,QN10,0.0,0.0,0.08163265306122448,0,0,Low,0,0,0.6931471805599453,0.07847161544149522,0.586943583952633,1,0
QN1003,Howard Beach-Lindenwood,Queens,12.25,141,8.25,74,7.59,195,541093.5056,5.5142,1,1,0,1,0,2024-01-31,QN10,0.0,0.0,0.08163265306122448,0,0,Low,0,0,0.6931471805599453,0.07847161544149522,0.586943583952633,1,0
QN1003,Howard Beach-Lindenwood,Queens,12.25,141,8.25,74,7.59,195,541093.5056,5.5142,1,1,0,1,0,2024-02-29,QN10,0.0,0.0,0.08163265306122448,0,0,Low,0,0,0.6931471805599453,0.07847161544149522,0.586943583952633,1,0
QN1003,Howard Beach-Lindenwood,Queens,12.25,141,8.25,74,7.59,195,541093.5056,5.5142,1,1,0,1,0,2024-03-31,QN10,0.0,0.0,0.08163265306122448,0,0,Low,0,0,0.6931471805599453,0.07847161544149522,0.586943583952633,1,0
QN1003,Howard Beach-Lindenwood,Queens,12.25,141,8.25,74,7.59,195,541093.5056,5.5142,1,1,0,1,0,2024-04-30,QN10,0.0,0.0,0.08163265306122448,0,0,Low,0,0,0.6931471805599453,0.07847161544149522,0.586943583952633,1,0
QN1003,Howard Beach-Lindenwood,Queens,12.25,141,8.25,74,7.59,195,541093.5056,5.5142,1,1,0,1,0,2024-05-31,QN10,0.0,0.0,0.08163265306122448,0,0,Low,0,0,0.6931471805599453,0.07847161544149522,0.586943583952633,1,0
QN1003,Howard Beach-Lindenwood,Queens,12.25,141,8.25,74,7.59,195,541093.5056,5.5142,1,1,0,1,0,2024-06-30,QN10,0.0,0.0,0.08163265306122448,0,0,Low,0,0,0.6931471805599453,0.07847161544149522,0.586943583952633,1,0
QN1003,Howard Beach-Lindenwood,Queens,12.25,141,8.25,74,7.59,195,541093.5056,5.5142,1,1,0,1,0,2024-07-31,QN10,0.0,0.0,0.08163265306122448,0,0,Low,0,0,0.6931471805599453,0.07847161544149522,0.586943583952633,1,0
QN1003,Howard Beach-Lindenwood,Queens,12.25,141,8.25,74,7.59,195,541093.5056,5.5142,1,1,0,1,0,2024-08-31,QN10,0.0,0.0,0.08163265306122448,0,0,Low,0,0,0.6931471805599453,0.07847161544149522,0.586943583952633,1,0
QN1003,Howard Beach-Lindenwood,Queens,12.25,141,8.25,74,7.59,195,541093.5056,5.5142,1,1,0,1,0,2024-09-30,QN10,0.0,0.0,0.08163265306122448,0,0,Low,0,0,0.6931471805599453,0.07847161544149522,0.586943583952633,1,0
QN1003,Howard Beach-Lindenwood,Queens,12.25,141,8.25,74,7.59,195,541093.5056,5.5142,1,1,0,1,0,2024-10-31,QN10,0.0,0.0,0.08163265306122448,0,0,Low,0,0,0.6931471805599453,0.07847161544149522,0.586943583952633,1,0
QN1003,Howard Beach-Lindenwood,Queens,12.25,141,8.25,74,7.59,195,541093.5056,5.5142,1,1,0,1,0,2024-11-30,QN10,0.0,0.0,0.08163265306122448,0,0,Low,0,0,0.6931471805599453,0.07847161544149522,0.586943583952633,1,0
QN1003,Howard Beach-Lindenwood,Queens,12.25,141,8.25,74,7.59,195,541093.5056,5.5142,1,1,0,1,0,2024-12-31,QN10,0.0,0.0,0.08163265306122448,0,0,Low,0,0,0.6931471805599453,0.07847161544149522,0.586943583952633,1,0
MN0702,Upper West Side (Central),Manhattan,12.12,144,4.42,178,13.25,127,307081.4724,5.502,5,2,3,3,3,2023-01-31,MN07,522.0,0.0,0.4125412541254126,0,1,High,1,1,1.791759469228055,0.34539039007242767,0.5850818696494788,0,1
MN0702,Upper West Side (Central),Manhattan,12.12,144,4.42,178,13.25,127,307081.4724,5.502,5,2,3,3,3,2023-02-28,MN07,536.0,0.0,0.4125412541254126,0,1,High,1,1,1.791759469228055,0.34539039007242767,0.5850818696494788,0,1
MN0702,Upper West Side (Central),Manhattan,12.12,144,4.42,178,13.25,127,307081.4724,5.502,5,2,3,3,3,2023-03-31,MN07,645.0,0.0,0.4125412541254126,0,1,High,1,1,1.791759469228055,0.34539039007242767,0.5850818696494788,0,1
MN0702,Upper West Side (Central),Manhattan,12.12,144,4.42,178,13.25,127,307081.4724,5.502,5,2,3,3,3,2023-04-30,MN07,833.0,1.0,0.4125412541254126,0,1,High,1,1,1.791759469228055,0.34539039007242767,0.5850818696494788,0,1
MN0702,Upper West Side (Central),Manhattan,12.12,144,4.42,178,13.25,127,307081.4724,5.502,5,2,3,3,3,2023-05-31,MN07,815.0,1.0,0.4125412541254126,0,1,High,1,1,1.791759469228055,0.34539039007242767,0.5850818696494788,0,1
MN0702,Upper West Side (Central),Manhattan,12.12,144,4.42,178,13.25,127,307081.4724,5.502,5,2,3,3,3,2023-06-30,MN07,816.0,1.0,0.4125412541254126,0,1,High,1,1,1.791759469228055,0.34539039007242767,0.5850818696494788,0,1
MN0702,Upper West Side (Central),Manhattan,12.12,144,4.42,178,13.25,127,307081.4724,5.502,5,2,3,3,3,2023-07-31,MN07,838.0,1.0,0.4125412541254126,0,1,High,1,1,1.791759469228055,0.34539039007242767,0.5850818696494788,0,1
MN0702,Upper West Side (Central),Manhattan,12.12,144,4.42,178,13.25,127,307081.4724,5.502,5,2,3,3,3,2023-08-31,MN07,812.0,1.0,0.4125412541254126,0,1,High,1,1,1.791759469228055,0.34539039007242767,0.5850818696494788,0,1
MN0702,Upper West Side (Central),Manhattan,12.12,144,4.42,178,13.25,127,307081.4724,5.502,5,2,3,3,3,2023-09-30,MN07,787.0,1.0,0.4125412541254126,0,1,High,1,1,1.791759469228055,0.34539039007242767,0.5850818696494788,0,1
MN0702,Upper West Side (Central),Manhattan,12.12,144,4.42,178,13.25,127,307081.4724,5.502,5,2,3,3,3,2023-10-31,MN07,847.0,1.0,0.4125412541254126,0,1,High,1,1,1.791759469228055,0.34539039007242767,0.5850818696494788,0,1
MN0702,Upper West Side (Central),Manhattan,12.12,144,4.42,178,13.25,127,307081.4724,5.502,5,2,3,3,3,2023-11-30,MN07,868.0,1.0,0.4125412541254126,0,1,High,1,1,1.791759469228055,0.34539039007242767,0.5850818696494788,0,1
MN0702,Upper West Side (Central),Manhattan,12.12,144,4.42,178,13.25,127,307081.4724,5.502,5,2,3,3,3,2023-12-31,MN07,818.0,1.0,0.4125412541254126,0,1,High,1,1,1.791759469228055,0.34539039007242767,0.5850818696494788,0,1
MN0702,Upper West Side (Central),Manhattan,12.12,144,4.42,178,13.25,127,307081.4724,5.502,5,2,3,3,3,2024-01-31,MN07,536.0,0.0,0.4125412541254126,0,1,High,1,1,1.791759469228055,0.34539039007242767,0.5850818696494788,0,1
MN0702,Upper West Side (Central),Manhattan,12.12,144,4.42,178,13.25,127,307081.4724,5.502,5,2,3,3,3,2024-02-29,MN07,532.0,0.0,0.4125412541254126,0,1,High,1,1,1.791759469228055,0.34539039007242767,0.5850818696494788,0,1
MN0702,Upper West Side (Central),Manhattan,12.12,144,4.42,178,13.25,127,307081.4724,5.502,5,2,3,3,3,2024-03-31,MN07,526.0,0.0,0.4125412541254126,0,1,High,1,1,1.791759469228055,0.34539039007242767,0.5850818696494788,0,1
MN0702,Upper West Side (Central),Manhattan,12.12,144,4.42,178,13.25,127,307081.4724,5.502,5,2,3,3,3,2024-04-30,MN07,347.0,0.0,0.4125412541254126,0,1,High,1,1,1.791759469228055,0.34539039007242767,0.5850818696494788,0,1
MN0702,Upper West Side (Central),Manhattan,12.12,144,4.42,178,13.25,127,307081.4724,5.502,5,2,3,3,3,2024-05-31,MN07,330.0,0.0,0.4125412541254126,0,1,High,1,1,1.791759469228055,0.34539039007242767,0.5850818696494788,0,1
MN0702,Upper West Side (Central),Manhattan,12.12,144,4.42,178,13.25,127,307081.4724,5.502,5,2,3,3,3,2024-06-30,MN07,334.0,0.0,0.4125412541254126,0,1,High,1,1,1.791759469228055,0.34539039007242767,0.5850818696494788,0,1
MN0702,Upper West Side (Central),Manhattan,12.12,144,4.42,178,13.25,127,307081.4724,5.502,5,2,3,3,3,2024-07-31,MN07,346.0,0.0,0.4125412541254126,0,1,High,1,1,1.791759469228055,0.34539039007242767,0.5850818696494788,0,1
MN0702,Upper West Side (Central),Manhattan,12.12,144,4.42,178,13.25,127,307081.4724,5.502,5,2,3,3,3,2024-08-31,MN07,331.0,0.0,0.4125412541254126,0,1,High,1,1,1.791759469228055,0.34539039007242767,0.5850818696494788,0,1
MN0702,Upper West Side (Central),Manhattan,12.12,144,4.42,178,13.25,127,307081.4724,5.502,5,2,3,3,3,2024-09-30,MN07,348.0,0.0,0.4125412541254126,0,1,High,1,1,1.791759469228055,0.34539039007242767,0.5850818696494788,0,1
MN0702,Upper West Side (Central),Manhattan,12.12,144,4.42,178,13.25,127,307081.4724,5.502,5,2,3,3,3,2024-10-31,MN07,356.0,0.0,0.4125412541254126,0,1,High,1,1,1.791759469228055,0.34539039007242767,0.5850818696494788,0,1
MN0702,Upper West Side (Central),Manhattan,12.12,144,4.42,178,13.25,127,307081.4724,5.502,5,2,3,3,3,2024-11-30,MN07,344.0,0.0,0.4125412541254126,0,1,High,1,1,1.791759469228055,0.34539039007242767,0.5850818696494788,0,1
MN0702,Upper West Side (Central),Manhattan,12.12,144,4.42,178,13.25,127,307081.4724,5.502,5,2,3,3,3,2024-12-31,MN07,348.0,0.0,0.4125412541254126,0,1,High,1,1,1.791759469228055,0.34539039007242767,0.5850818696494788,0,1
MN0603,Murray Hill-Kips Bay,Manhattan,10.91,163,3.26,191,14.47,103,624966.4639,5.4956,2,1,1,2,1,2023-01-31,MN06,0.0,0.0,0.18331805682859761,0,1,High,1,1,1.0986122886681098,0.16832240501357168,0.584105232637988,0,1
MN0603,Murray Hill-Kips Bay,Manhattan,10.91,163,3.26,191,14.47,103,624966.4639,5.4956,2,1,1,2,1,2023-02-28,MN06,0.0,0.0,0.18331805682859761,0,1,High,1,1,1.0986122886681098,0.16832240501357168,0.584105232637988,0,1
MN0603,Murray Hill-Kips Bay,Manhattan,10.91,163,3.26,191,14.47,103,624966.4639,5.4956,2,1,1,2,1,2023-03-31,MN06,0.0,0.0,0.18331805682859761,0,1,High,1,1,1.0986122886681098,0.16832240501357168,0.584105232637988,0,1
MN0603,Murray Hill-Kips Bay,Manhattan,10.91,163,3.26,191,14.47,103,624966.4639,5.4956,2,1,1,2,1,2023-04-30,MN06,0.0,0.0,0.18331805682859761,0,1,High,1,1,1.0986122886681098,0.16832240501357168,0.584105232637988,0,1
MN0603,Murray Hill-Kips Bay,Manhattan,10.91,163,3.26,191,14.47,103,624966.4639,5.4956,2,1,1,2,1,2023-05-31,MN06,0.0,0.0,0.18331805682859761,0,1,High,1,1,1.0986122886681098,0.16832240501357168,0.584105232637988,0,1
MN0603,Murray Hill-Kips Bay,Manhattan,10.91,163,3.26,191,14.47,103,624966.4639,5.4956,2,1,1,2,1,2023-06-30,MN06,0.0,0.0,0.18331805682859761,0,1,High,1,1,1.0986122886681098,0.16832240501357168,0.584105232637988,0,1
MN0603,Murray Hill-Kips Bay,Manhattan,10.91,163,3.26,191,14.47,103,624966.4639,5.4956,2,1,1,2,1,2023-07-31,MN06,0.0,0.0,0.18331805682859761,0,1,High,1,1,1.0986122886681098,0.16832240501357168,0.584105232637988,0,1
MN0603,Murray Hill-Kips Bay,Manhattan,10.91,163,3.26,191,14.47,103,624966.4639,5.4956,2,1,1,2,1,2023-08-31,MN06,0.0,0.0,0.18331805682859761,0,1,High,1,1,1.0986122886681098,0.16832240501357168,0.584105232637988,0,1
MN0603,Murray Hill-Kips Bay,Manhattan,10.91,163,3.26,191,14.47,103,624966.4639,5.4956,2,1,1,2,1,2023-09-30,MN06,0.0,0.0,0.18331805682859761,0,1,High,1,1,1.0986122886681098,0.16832240501357168,0.584105232637988,0,1
MN0603,Murray Hill-Kips Bay,Manhattan,10.91,163,3.26,191,14.47,103,624966.4639,5.4956,2,1,1,2,1,2023-10-31,MN06,337.0,0.0,0.18331805682859761,0,1,High,1,1,1.0986122886681098,0.16832240501357168,0.584105232637988,0,1
MN0603,Murray Hill-Kips Bay,Manhattan,10.91,163,3.26,191,14.47,103,624966.4639,5.4956,2,1,1,2,1,2023-11-30,MN06,323.0,0.0,0.18331805682859761,0,1,High,1,1,1.0986122886681098,0.16832240501357168,0.584105232637988,0,1
MN0603,Murray Hill-Kips Bay,Manhattan,10.91,163,3.26,191,14.47,103,624966.4639,5.4956,2,1,1,2,1,2023-12-31,MN06,367.0,0.0,0.18331805682859761,0,1,High,1,1,1.0986122886681098,0.16832240501357168,0.584105232637988,0,1
MN0603,Murray Hill-Kips Bay,Manhattan,10.91,163,3.26,191,14.47,103,624966.4639,5.4956,2,1,1,2,1,2024-01-31,MN06,407.0,0.0,0.18331805682859761,0,1,High,1,1,1.0986122886681098,0.16832240501357168,0.584105232637988,0,1
MN0603,Murray Hill-Kips Bay,Manhattan,10.91,163,3.26,191,14.47,103,624966.4639,5.4956,2,1,1,2,1,2024-02-29,MN06,449.0,0.0,0.18331805682859761,0,1,High,1,1,1.0986122886681098,0.16832240501357168,0.584105232637988,0,1
MN0603,Murray Hill-Kips Bay,Manhattan,10.91,163,3.26,191,14.47,103,624966.4639,5.4956,2,1,1,2,1,2024-03-31,MN06,507.0,0.0,0.18331805682859761,0,1,High,1,1,1.0986122886681098,0.16832240501357168,0.584105232637988,0,1
MN0603,Murray Hill-Kips Bay,Manhattan,10.91,163,3.26,191,14.47,103,624966.4639,5.4956,2,1,1,2,1,2024-04-30,MN06,532.0,0.0,0.18331805682859761,0,1,High,1,1,1.0986122886681098,0.16832240501357168,0.584105232637988,0,1
MN0603,Murray Hill-Kips Bay,Manhattan,10.91,163,3.26,191,14.47,103,624966.4639,5.4956,2,1,1,2,1,2024-05-31,MN06,503.0,0.0,0.18331805682859761,0,1,High,1,1,1.0986122886681098,0.16832240501357168,0.584105232637988,0,1
MN0603,Murray Hill-Kips Bay,Manhattan,10.91,163,3.26,191,14.47,103,624966.4639,5.4956,2,1,1,2,1,2024-06-30,MN06,512.0,0.0,0.18331805682859761,0,1,High,1,1,1.0986122886681098,0.16832240501357168,0.584105232637988,0,1
MN0603,Murray Hill-Kips Bay,Manhattan,10.91,163,3.26,191,14.47,103,624966.4639,5.4956,2,1,1,2,1,2024-07-31,MN06,561.0,0.0,0.18331805682859761,0,1,High,1,1,1.0986122886681098,0.16832240501357168,0.584105232637988,0,1
MN0603,Murray Hill-Kips Bay,Manhattan,10.91,163,3.26,191,14.47,103,624966.4639,5.4956,2,1,1,2,1,2024-08-31,MN06,584.0,0.0,0.18331805682859761,0,1,High,1,1,1.0986122886681098,0.16832240501357168,0.584105232637988,0,1
MN0603,Murray Hill-Kips Bay,Manhattan,10.91,163,3.26,191,14.47,103,624966.4639,5.4956,2,1,1,2,1,2024-09-30,MN06,563.0,0.0,0.18331805682859761,0,1,High,1,1,1.0986122886681098,0.16832240501357168,0.584105232637988,0,1
MN0603,Murray Hill-Kips Bay,Manhattan,10.91,163,3.26,191,14.47,103,624966.4639,5.4956,2,1,1,2,1,2024-10-31,MN06,512.0,0.0,0.18331805682859761,0,1,High,1,1,1.0986122886681098,0.16832240501357168,0.584105232637988,0,1
MN0603,Murray Hill-Kips Bay,Manhattan,10.91,163,3.26,191,14.47,103,624966.4639,5.4956,2,1,1,2,1,2024-11-30,MN06,487.0,0.0,0.18331805682859761,0,1,High,1,1,1.0986122886681098,0.16832240501357168,0.584105232637988,0,1
MN0603,Murray Hill-Kips Bay,Manhattan,10.91,163,3.26,191,14.47,103,624966.4639,5.4956,2,1,1,2,1,2024-12-31,MN06,534.0,0.0,0.18331805682859761,0,1,High,1,1,1.0986122886681098,0.16832240501357168,0.584105232637988,0,1
SI0202,New Dorp-Midland Beach,Staten Island,8.45,184,5.46,150,16.05,79,385255.7874,5.4782,1,1,0,1,0,2023-01-31,SI02,0.0,0.0,0.1183431952662722,0,0,Low,0,0,0.6931471805599453,0.11184830013656892,0.5814500007629977,1,0
SI0202,New Dorp-Midland Beach,Staten Island,8.45,184,5.46,150,16.05,79,385255.7874,5.4782,1,1,0,1,0,2023-02-28,SI02,0.0,0.0,0.1183431952662722,0,0,Low,0,0,0.6931471805599453,0.11184830013656892,0.5814500007629977,1,0
SI0202,New Dorp-Midland Beach,Staten Island,8.45,184,5.46,150,16.05,79,385255.7874,5.4782,1,1,0,1,0,2023-03-31,SI02,0.0,0.0,0.1183431952662722,0,0,Low,0,0,0.6931471805599453,0.11184830013656892,0.5814500007629977,1,0
SI0202,New Dorp-Midland Beach,Staten Island,8.45,184,5.46,150,16.05,79,385255.7874,5.4782,1,1,0,1,0,2023-04-30,SI02,0.0,0.0,0.1183431952662722,0,0,Low,0,0,0.6931471805599453,0.11184830013656892,0.5814500007629977,1,0
SI0202,New Dorp-Midland Beach,Staten Island,8.45,184,5.46,150,16.05,79,385255.7874,5.4782,1,1,0,1,0,2023-05-31,SI02,0.0,0.0,0.1183431952662722,0,0,Low,0,0,0.6931471805599453,0.11184830013656892,0.5814500007629977,1,0
SI0202,New Dorp-Midland Beach,Staten Island,8.45,184,5.46,150,16.05,79,385255.7874,5.4782,1,1,0,1,0,2023-06-30,SI02,0.0,0.0,0.1183431952662722,0,0,Low,0,0,0.6931471805599453,0.11184830013656892,0.5814500007629977,1,0
SI0202,New Dorp-Midland Beach,Staten Island,8.45,184,5.46,150,16.05,79,385255.7874,5.4782,1,1,0,1,0,2023-07-31,SI02,0.0,0.0,0.1183431952662722,0,0,Low,0,0,0.6931471805599453,0.11184830013656892,0.5814500007629977,1,0
SI0202,New Dorp-Midland Beach,Staten Island,8.45,184,5.46,150,16.05,79,385255.7874,5.4782,1,1,0,1,0,2023-08-31,SI02,0.0,0.0,0.1183431952662722,0,0,Low,0,0,0.6931471805599453,0.11184830013656892,0.5814500007629977,1,0
SI0202,New Dorp-Midland Beach,Staten Island,8.45,184,5.46,150,16.05,79,385255.7874,5.4782,1,1,0,1,0,2023-09-30,SI02,0.0,0.0,0.1183431952662722,0,0,Low,0,0,0.6931471805599453,0.11184830013656892,0.5814500007629977,1,0
SI0202,New Dorp-Midland Beach,Staten Island,8.45,184,5.46,150,16.05,79,385255.7874,5.4782,1,1,0,1,0,2023-10-31,SI02,0.0,0.0,0.1183431952662722,0,0,Low,0,0,0.6931471805599453,0.11184830013656892,0.5814500007629977,1,0
SI0202,New Dorp-Midland Beach,Staten Island,8.45,184,5.46,150,16.05,79,385255.7874,5.4782,1,1,0,1,0,2023-11-30,SI02,0.0,0.0,0.1183431952662722,0,0,Low,0,0,0.6931471805599453,0.11184830013656892,0.5814500007629977,1,0
SI0202,New Dorp-Midland Beach,Staten Island,8.45,184,5.46,150,16.05,79,385255.7874,5.4782,1,1,0,1,0,2023-12-31,SI02,0.0,0.0,0.1183431952662722,0,0,Low,0,0,0.6931471805599453,0.11184830013656892,0.5814500007629977,1,0
SI0202,New Dorp-Midland Beach,Staten Island,8.45,184,5.46,150,16.05,79,385255.7874,5.4782,1,1,0,1,0,2024-01-31,SI02,0.0,0.0,0.1183431952662722,0,0,Low,0,0,0.6931471805599453,0.11184830013656892,0.5814500007629977,1,0
SI0202,New Dorp-Midland Beach,Staten Island,8.45,184,5.46,150,16.05,79,385255.7874,5.4782,1,1,0,1,0,2024-02-29,SI02,0.0,0.0,0.1183431952662722,0,0,Low,0,0,0.6931471805599453,0.11184830013656892,0.5814500007629977,1,0
SI0202,New Dorp-Midland Beach,Staten Island,8.45,184,5.46,150,16.05,79,385255.7874,5.4782,1,1,0,1,0,2024-03-31,SI02,0.0,0.0,0.1183431952662722,0,0,Low,0,0,0.6931471805599453,0.11184830013656892,0.5814500007629977,1,0
SI0202,New Dorp-Midland Beach,Staten Island,8.45,184,5.46,150,16.05,79,385255.7874,5.4782,1,1,0,1,0,2024-04-30,SI02,0.0,0.0,0.1183431952662722,0,0,Low,0,0,0.6931471805599453,0.11184830013656892,0.5814500007629977,1,0
SI0202,New Dorp-Midland Beach,Staten Island,8.45,184,5.46,150,16.05,79,385255.7874,5.4782,1,1,0,1,0,2024-05-31,SI02,0.0,0.0,0.1183431952662722,0,0,Low,0,0,0.6931471805599453,0.11184830013656892,0.5814500007629977,1,0
SI0202,New Dorp-Midland Beach,Staten Island,8.45,184,5.46,150,16.05,79,385255.7874,5.4782,1,1,0,1,0,2024-06-30,SI02,0.0,0.0,0.1183431952662722,0,0,Low,0,0,0.6931471805599453,0.11184830013656892,0.5814500007629977,1,0
SI0202,New Dorp-Midland Beach,Staten Island,8.45,184,5.46,150,16.05,79,385255.7874,5.4782,1,1,0,1,0,2024-07-31,SI02,0.0,0.0,0.1183431952662722,0,0,Low,0,0,0.6931471805599453,0.11184830013656892,0.5814500007629977,1,0
SI0202,New Dorp-Midland Beach,Staten Island,8.45,184,5.46,150,16.05,79,385255.7874,5.4782,1,1,0,1,0,2024-08-31,SI02,0.0,0.0,0.1183431952662722,0,0,Low,0,0,0.6931471805599453,0.11184830013656892,0.5814500007629977,1,0
SI0202,New Dorp-Midland Beach,Staten Island,8.45,184,5.46,150,16.05,79,385255.7874,5.4782,1,1,0,1,0,2024-09-30,SI02,0.0,0.0,0.1183431952662722,0,0,Low,0,0,0.6931471805599453,0.11184830013656892,0.5814500007629977,1,0
SI0202,New Dorp-Midland Beach,Staten Island,8.45,184,5.46,150,16.05,79,385255.7874,5.4782,1,1,0,1,0,2024-10-31,SI02,0.0,0.0,0.1183431952662722,0,0,Low,0,0,0.6931471805599453,0.11184830013656892,0.5814500007629977,1,0
SI0202,New Dorp-Midland Beach,Staten Island,8.45,184,5.46,150,16.05,79,385255.7874,5.4782,1,1,0,1,0,2024-11-30,SI02,0.0,0.0,0.1183431952662722,0,0,Low,0,0,0.6931471805599453,0.11184830013656892,0.5814500007629977,1,0
SI0202,New Dorp-Midland Beach,Staten Island,8.45,184,5.46,150,16.05,79,385255.7874,5.4782,1,1,0,1,0,2024-12-31,SI02,0.0,0.0,0.1183431952662722,0,0,Low,0,0,0.6931471805599453,0.11184830013656892,0.5814500007629977,1,0
QN1306,Springfield Gardens (South)-Brookville,Queens,9.02,179,8.56,67,12.38,149,-270719.192,5.4778,0,0,0,0,0,2023-01-31,QN13,830.0,1.0,0.0,0,0,Low,0,0,0.0,0.0,0.5813889609497794,1,0
QN1306,Springfield Gardens (South)-Brookville,Queens,9.02,179,8.56,67,12.38,149,-270719.192,5.4778,0,0,0,0,0,2023-02-28,QN13,854.0,1.0,0.0,0,0,Low,0,0,0.0,0.0,0.5813889609497794,1,0
QN1306,Springfield Gardens (South)-Brookville,Queens,9.02,179,8.56,67,12.38,149,-270719.192,5.4778,0,0,0,0,0,2023-03-31,QN13,832.0,1.0,0.0,0,0,Low,0,0,0.0,0.0,0.5813889609497794,1,0
QN1306,Springfield Gardens (South)-Brookville,Queens,9.02,179,8.56,67,12.38,149,-270719.192,5.4778,0,0,0,0,0,2023-04-30,QN13,857.0,1.0,0.0,0,0,Low,0,0,0.0,0.0,0.5813889609497794,1,0
QN1306,Springfield Gardens (South)-Brookville,Queens,9.02,179,8.56,67,12.38,149,-270719.192,5.4778,0,0,0,0,0,2023-05-31,QN13,859.0,1.0,0.0,0,0,Low,0,0,0.0,0.0,0.5813889609497794,1,0
QN1306,Springfield Gardens (South)-Brookville,Queens,9.02,179,8.56,67,12.38,149,-270719.192,5.4778,0,0,0,0,0,2023-06-30,QN13,867.0,1.0,0.0,0,0,Low,0,0,0.0,0.0,0.5813889609497794,1,0
QN1306,Springfield Gardens (South)-Brookville,Queens,9.02,179,8.56,67,12.38,149,-270719.192,5.4778,0,0,0,0,0,2023-07-31,QN13,847.0,1.0,0.0,0,0,Low,0,0,0.0,0.0,0.5813889609497794,1,0
QN1306,Springfield Gardens (South)-Brookville,Queens,9.02,179,8.56,67,12.38,149,-270719.192,5.4778,0,0,0,0,0,2023-08-31,QN13,854.0,1.0,0.0,0,0,Low,0,0,0.0,0.0,0.5813889609497794,1,0
QN1306,Springfield Gardens (South)-Brookville,Queens,9.02,179,8.56,67,12.38,149,-270719.192,5.4778,0,0,0,0,0,2023-09-30,QN13,854.0,1.0,0.0,0,0,Low,0,0,0.0,0.0,0.5813889609497794,1,0
QN1306,Springfield Gardens (South)-Brookville,Queens,9.02,179,8.56,67,12.38,149,-270719.192,5.4778,0,0,0,0,0,2023-10-31,QN13,856.0,1.0,0.0,0,0,Low,0,0,0.0,0.0,0.5813889609497794,1,0
QN1306,Springfield Gardens (South)-Brookville,Queens,9.02,179,8.56,67,12.38,149,-270719.192,5.4778,0,0,0,0,0,2023-11-30,QN13,866.0,1.0,0.0,0,0,Low,0,0,0.0,0.0,0.5813889609497794,1,0
QN1306,Springfield Gardens (South)-Brookville,Queens,9.02,179,8.56,67,12.38,149,-270719.192,5.4778,0,0,0,0,0,2023-12-31,QN13,864.0,1.0,0.0,0,0,Low,0,0,0.0,0.0,0.5813889609497794,1,0
QN1306,Springfield Gardens (South)-Brookville,Queens,9.02,179,8.56,67,12.38,149,-270719.192,5.4778,0,0,0,0,0,2024-01-31,QN13,853.0,1.0,0.0,0,0,Low,0,0,0.0,0.0,0.5813889609497794,1,0
QN1306,Springfield Gardens (South)-Brookville,Queens,9.02,179,8.56,67,12.38,149,-270719.192,5.4778,0,0,0,0,0,2024-02-29,QN13,847.0,1.0,0.0,0,0,Low,0,0,0.0,0.0,0.5813889609497794,1,0
QN1306,Springfield Gardens (South)-Brookville,Queens,9.02,179,8.56,67,12.38,149,-270719.192,5.4778,0,0,0,0,0,2024-03-31,QN13,837.0,1.0,0.0,0,0,Low,0,0,0.0,0.0,0.5813889609497794,1,0
QN1306,Springfield Gardens (South)-Brookville,Queens,9.02,179,8.56,67,12.38,149,-270719.192,5.4778,0,0,0,0,0,2024-04-30,QN13,817.0,1.0,0.0,0,0,Low,0,0,0.0,0.0,0.5813889609497794,1,0
QN1306,Springfield Gardens (South)-Brookville,Queens,9.02,179,8.56,67,12.38,149,-270719.192,5.4778,0,0,0,0,0,2024-05-31,QN13,801.0,1.0,0.0,0,0,Low,0,0,0.0,0.0,0.5813889609497794,1,0
QN1306,Springfield Gardens (South)-Brookville,Queens,9.02,179,8.56,67,12.38,149,-270719.192,5.4778,0,0,0,0,0,2024-06-30,QN13,803.0,1.0,0.0,0,0,Low,0,0,0.0,0.0,0.5813889609497794,1,0
QN1306,Springfield Gardens (South)-Brookville,Queens,9.02,179,8.56,67,12.38,149,-270719.192,5.4778,0,0,0,0,0,2024-07-31,QN13,793.0,1.0,0.0,0,0,Low,0,0,0.0,0.0,0.5813889609497794,1,0
QN1306,Springfield Gardens (South)-Brookville,Queens,9.02,179,8.56,67,12.38,149,-270719.192,5.4778,0,0,0,0,0,2024-08-31,QN13,876.0,1.0,0.0,0,0,Low,0,0,0.0,0.0,0.5813889609497794,1,0
QN1306,Springfield Gardens (South)-Brookville,Queens,9.02,179,8.56,67,12.38,149,-270719.192,5.4778,0,0,0,0,0,2024-09-30,QN13,836.0,1.0,0.0,0,0,Low,0,0,0.0,0.0,0.5813889609497794,1,0
QN1306,Springfield Gardens (South)-Brookville,Queens,9.02,179,8.56,67,12.38,149,-270719.192,5.4778,0,0,0,0,0,2024-10-31,QN13,854.0,1.0,0.0,0,0,Low,0,0,0.0,0.0,0.5813889609497794,1,0
QN1306,Springfield Gardens (South)-Brookville,Queens,9.02,179,8.56,67,12.38,149,-270719.192,5.4778,0,0,0,0,0,2024-11-30,QN13,802.0,1.0,0.0,0,0,Low,0,0,0.0,0.0,0.5813889609497794,1,0
QN1306,Springfield Gardens (South)-Brookville,Queens,9.02,179,8.56,67,12.38,149,-270719.192,5.4778,0,0,0,0,0,2024-12-31,QN13,765.0,0.0,0.0,0,0,Low,0,0,0.0,0.0,0.5813889609497794,1,0
SI0201,Grasmere-Arrochar-South Beach-Dongan Hills,Staten Island,11.69,149,5.08,164,11.58,160,433547.2787,5.4764,1,1,0,1,0,2023-01-31,SI02,0.0,0.0,0.0855431993156544,0,0,Low,0,0,0.6931471805599453,0.08208050624231925,0.5811753216035158,1,0
SI0201,Grasmere-Arrochar-South Beach-Dongan Hills,Staten Island,11.69,149,5.08,164,11.58,160,433547.2787,5.4764,1,1,0,1,0,2023-02-28,SI02,0.0,0.0,0.0855431993156544,0,0,Low,0,0,0.6931471805599453,0.08208050624231925,0.5811753216035158,1,0
SI0201,Grasmere-Arrochar-South Beach-Dongan Hills,Staten Island,11.69,149,5.08,164,11.58,160,433547.2787,5.4764,1,1,0,1,0,2023-03-31,SI02,0.0,0.0,0.0855431993156544,0,0,Low,0,0,0.6931471805599453,0.08208050624231925,0.5811753216035158,1,0
SI0201,Grasmere-Arrochar-South Beach-Dongan Hills,Staten Island,11.69,149,5.08,164,11.58,160,433547.2787,5.4764,1,1,0,1,0,2023-04-30,SI02,0.0,0.0,0.0855431993156544,0,0,Low,0,0,0.6931471805599453,0.08208050624231925,0.5811753216035158,1,0
SI0201,Grasmere-Arrochar-South Beach-Dongan Hills,Staten Island,11.69,149,5.08,164,11.58,160,433547.2787,5.4764,1,1,0,1,0,2023-05-31,SI02,0.0,0.0,0.0855431993156544,0,0,Low,0,0,0.6931471805599453,0.08208050624231925,0.5811753216035158,1,0
SI0201,Grasmere-Arrochar-South Beach-Dongan Hills,Staten Island,11.69,149,5.08,164,11.58,160,433547.2787,5.4764,1,1,0,1,0,2023-06-30,SI02,0.0,0.0,0.0855431993156544,0,0,Low,0,0,0.6931471805599453,0.08208050624231925,0.5811753216035158,1,0
SI0201,Grasmere-Arrochar-South Beach-Dongan Hills,Staten Island,11.69,149,5.08,164,11.58,160,433547.2787,5.4764,1,1,0,1,0,2023-07-31,SI02,0.0,0.0,0.0855431993156544,0,0,Low,0,0,0.6931471805599453,0.08208050624231925,0.5811753216035158,1,0
SI0201,Grasmere-Arrochar-South Beach-Dongan Hills,Staten Island,11.69,149,5.08,164,11.58,160,433547.2787,5.4764,1,1,0,1,0,2023-08-31,SI02,0.0,0.0,0.0855431993156544,0,0,Low,0,0,0.6931471805599453,0.08208050624231925,0.5811753216035158,1,0
SI0201,Grasmere-Arrochar-South Beach-Dongan Hills,Staten Island,11.69,149,5.08,164,11.58,160,433547.2787,5.4764,1,1,0,1,0,2023-09-30,SI02,0.0,0.0,0.0855431993156544,0,0,Low,0,0,0.6931471805599453,0.08208050624231925,0.5811753216035158,1,0
SI0201,Grasmere-Arrochar-South Beach-Dongan Hills,Staten Island,11.69,149,5.08,164,11.58,160,433547.2787,5.4764,1,1,0,1,0,2023-10-31,SI02,0.0,0.0,0.0855431993156544,0,0,Low,0,0,0.6931471805599453,0.08208050624231925,0.5811753216035158,1,0
SI0201,Grasmere-Arrochar-South Beach-Dongan Hills,Staten Island,11.69,149,5.08,164,11.58,160,433547.2787,5.4764,1,1,0,1,0,2023-11-30,SI02,0.0,0.0,0.0855431993156544,0,0,Low,0,0,0.6931471805599453,0.08208050624231925,0.5811753216035158,1,0
SI0201,Grasmere-Arrochar-South Beach-Dongan Hills,Staten Island,11.69,149,5.08,164,11.58,160,433547.2787,5.4764,1,1,0,1,0,2023-12-31,SI02,0.0,0.0,0.0855431993156544,0,0,Low,0,0,0.6931471805599453,0.08208050624231925,0.5811753216035158,1,0
SI0201,Grasmere-Arrochar-South Beach-Dongan Hills,Staten Island,11.69,149,5.08,164,11.58,160,433547.2787,5.4764,1,1,0,1,0,2024-01-31,SI02,0.0,0.0,0.0855431993156544,0,0,Low,0,0,0.6931471805599453,0.08208050624231925,0.5811753216035158,1,0
SI0201,Grasmere-Arrochar-South Beach-Dongan Hills,Staten Island,11.69,149,5.08,164,11.58,160,433547.2787,5.4764,1,1,0,1,0,2024-02-29,SI02,0.0,0.0,0.0855431993156544,0,0,Low,0,0,0.6931471805599453,0.08208050624231925,0.5811753216035158,1,0
SI0201,Grasmere-Arrochar-South Beach-Dongan Hills,Staten Island,11.69,149,5.08,164,11.58,160,433547.2787,5.4764,1,1,0,1,0,2024-03-31,SI02,0.0,0.0,0.0855431993156544,0,0,Low,0,0,0.6931471805599453,0.08208050624231925,0.5811753216035158,1,0
SI0201,Grasmere-Arrochar-South Beach-Dongan Hills,Staten Island,11.69,149,5.08,164,11.58,160,433547.2787,5.4764,1,1,0,1,0,2024-04-30,SI02,0.0,0.0,0.0855431993156544,0,0,Low,0,0,0.6931471805599453,0.08208050624231925,0.5811753216035158,1,0
SI0201,Grasmere-Arrochar-South Beach-Dongan Hills,Staten Island,11.69,149,5.08,164,11.58,160,433547.2787,5.4764,1,1,0,1,0,2024-05-31,SI02,0.0,0.0,0.0855431993156544,0,0,Low,0,0,0.6931471805599453,0.08208050624231925,0.5811753216035158,1,0
SI0201,Grasmere-Arrochar-South Beach-Dongan Hills,Staten Island,11.69,149,5.08,164,11.58,160,433547.2787,5.4764,1,1,0,1,0,2024-06-30,SI02,0.0,0.0,0.0855431993156544,0,0,Low,0,0,0.6931471805599453,0.08208050624231925,0.5811753216035158,1,0
SI0201,Grasmere-Arrochar-South Beach-Dongan Hills,Staten Island,11.69,149,5.08,164,11.58,160,433547.2787,5.4764,1,1,0,1,0,2024-07-31,SI02,0.0,0.0,0.0855431993156544,0,0,Low,0,0,0.6931471805599453,0.08208050624231925,0.5811753216035158,1,0
SI0201,Grasmere-Arrochar-South Beach-Dongan Hills,Staten Island,11.69,149,5.08,164,11.58,160,433547.2787,5.4764,1,1,0,1,0,2024-08-31,SI02,0.0,0.0,0.0855431993156544,0,0,Low,0,0,0.6931471805599453,0.08208050624231925,0.5811753216035158,1,0
SI0201,Grasmere-Arrochar-South Beach-Dongan Hills,Staten Island,11.69,149,5.08,164,11.58,160,433547.2787,5.4764,1,1,0,1,0,2024-09-30,SI02,0.0,0.0,0.0855431993156544,0,0,Low,0,0,0.6931471805599453,0.08208050624231925,0.5811753216035158,1,0
SI0201,Grasmere-Arrochar-South Beach-Dongan Hills,Staten Island,11.69,149,5.08,164,11.58,160,433547.2787,5.4764,1,1,0,1,0,2024-10-31,SI02,0.0,0.0,0.0855431993156544,0,0,Low,0,0,0.6931471805599453,0.08208050624231925,0.5811753216035158,1,0
SI0201,Grasmere-Arrochar-South Beach-Dongan Hills,Staten Island,11.69,149,5.08,164,11.58,160,433547.2787,5.4764,1,1,0,1,0,2024-11-30,SI02,0.0,0.0,0.0855431993156544,0,0,Low,0,0,0.6931471805599453,0.08208050624231925,0.5811753216035158,1,0
SI0201,Grasmere-Arrochar-South Beach-Dongan Hills,Staten Island,11.69,149,5.08,164,11.58,160,433547.2787,5.4764,1,1,0,1,0,2024-12-31,SI02,0.0,0.0,0.0855431993156544,0,0,Low,0,0,0.6931471805599453,0.08208050624231925,0.5811753216035158,1,0
QN0706,Queensboro Hill,Queens,30.92,10,5.16,161,28.48,9,905811.3374,5.4726,0,0,0,0,0,2023-01-31,QN07,0.0,0.0,0.0,0,0,Low,0,0,0.0,0.0,0.5805954433779432,1,0
QN0706,Queensboro Hill,Queens,30.92,10,5.16,161,28.48,9,905811.3374,5.4726,0,0,0,0,0,2023-02-28,QN07,0.0,0.0,0.0,0,0,Low,0,0,0.0,0.0,0.5805954433779432,1,0
QN0706,Queensboro Hill,Queens,30.92,10,5.16,161,28.48,9,905811.3374,5.4726,0,0,0,0,0,2023-03-31,QN07,0.0,0.0,0.0,0,0,Low,0,0,0.0,0.0,0.5805954433779432,1,0
QN0706,Queensboro Hill,Queens,30.92,10,5.16,161,28.48,9,905811.3374,5.4726,0,0,0,0,0,2023-04-30,QN07,0.0,0.0,0.0,0,0,Low,0,0,0.0,0.0,0.5805954433779432,1,0
QN0706,Queensboro Hill,Queens,30.92,10,5.16,161,28.48,9,905811.3374,5.4726,0,0,0,0,0,2023-05-31,QN07,0.0,0.0,0.0,0,0,Low,0,0,0.0,0.0,0.5805954433779432,1,0
QN0706,Queensboro Hill,Queens,30.92,10,5.16,161,28.48,9,905811.3374,5.4726,0,0,0,0,0,2023-06-30,QN07,0.0,0.0,0.0,0,0,Low,0,0,0.0,0.0,0.5805954433779432,1,0
QN0706,Queensboro Hill,Queens,30.92,10,5.16,161,28.48,9,905811.3374,5.4726,0,0,0,0,0,2023-07-31,QN07,0.0,0.0,0.0,0,0,Low,0,0,0.0,0.0,0.5805954433779432,1,0
QN0706,Queensboro Hill,Queens,30.92,10,5.16,161,28.48,9,905811.3374,5.4726,0,0,0,0,0,2023-08-31,QN07,0.0,0.0,0.0,0,0,Low,0,0,0.0,0.0,0.5805954433779432,1,0
QN0706,Queensboro Hill,Queens,30.92,10,5.16,161,28.48,9,905811.3374,5.4726,0,0,0,0,0,2023-09-30,QN07,0.0,0.0,0.0,0,0,Low,0,0,0.0,0.0,0.5805954433779432,1,0
QN0706,Queensboro Hill,Queens,30.92,10,5.16,161,28.48,9,905811.3374,5.4726,0,0,0,0,0,2023-10-31,QN07,0.0,0.0,0.0,0,0,Low,0,0,0.0,0.0,0.5805954433779432,1,0
QN0706,Queensboro Hill,Queens,30.92,10,5.16,161,28.48,9,905811.3374,5.4726,0,0,0,0,0,2023-11-30,QN07,0.0,0.0,0.0,0,0,Low,0,0,0.0,0.0,0.5805954433779432,1,0
QN0706,Queensboro Hill,Queens,30.92,10,5.16,161,28.48,9,905811.3374,5.4726,0,0,0,0,0,2023-12-31,QN07,0.0,0.0,0.0,0,0,Low,0,0,0.0,0.0,0.5805954433779432,1,0
QN0706,Queensboro Hill,Queens,30.92,10,5.16,161,28.48,9,905811.3374,5.4726,0,0,0,0,0,2024-01-31,QN07,0.0,0.0,0.0,0,0,Low,0,0,0.0,0.0,0.5805954433779432,1,0
QN0706,Queensboro Hill,Queens,30.92,10,5.16,161,28.48,9,905811.3374,5.4726,0,0,0,0,0,2024-02-29,QN07,0.0,0.0,0.0,0,0,Low,0,0,0.0,0.0,0.5805954433779432,1,0
QN0706,Queensboro Hill,Queens,30.92,10,5.16,161,28.48,9,905811.3374,5.4726,0,0,0,0,0,2024-03-31,QN07,0.0,0.0,0.0,0,0,Low,0,0,0.0,0.0,0.5805954433779432,1,0
QN0706,Queensboro Hill,Queens,30.92,10,5.16,161,28.48,9,905811.3374,5.4726,0,0,0,0,0,2024-04-30,QN07,0.0,0.0,0.0,0,0,Low,0,0,0.0,0.0,0.5805954433779432,1,0
QN0706,Queensboro Hill,Queens,30.92,10,5.16,161,28.48,9,905811.3374,5.4726,0,0,0,0,0,2024-05-31,QN07,0.0,0.0,0.0,0,0,Low,0,0,0.0,0.0,0.5805954433779432,1,0
QN0706,Queensboro Hill,Queens,30.92,10,5.16,161,28.48,9,905811.3374,5.4726,0,0,0,0,0,2024-06-30,QN07,0.0,0.0,0.0,0,0,Low,0,0,0.0,0.0,0.5805954433779432,1,0
QN0706,Queensboro Hill,Queens,30.92,10,5.16,161,28.48,9,905811.3374,5.4726,0,0,0,0,0,2024-07-31,QN07,0.0,0.0,0.0,0,0,Low,0,0,0.0,0.0,0.5805954433779432,1,0
QN0706,Queensboro Hill,Queens,30.92,10,5.16,161,28.48,9,905811.3374,5.4726,0,0,0,0,0,2024-08-31,QN07,0.0,0.0,0.0,0,0,Low,0,0,0.0,0.0,0.5805954433779432,1,0
QN0706,Queensboro Hill,Queens,30.92,10,5.16,161,28.48,9,905811.3374,5.4726,0,0,0,0,0,2024-09-30,QN07,0.0,0.0,0.0,0,0,Low,0,0,0.0,0.0,0.5805954433779432,1,0
QN0706,Queensboro Hill,Queens,30.92,10,5.16,161,28.48,9,905811.3374,5.4726,0,0,0,0,0,2024-10-31,QN07,0.0,0.0,0.0,0,0,Low,0,0,0.0,0.0,0.5805954433779432,1,0
QN0706,Queensboro Hill,Queens,30.92,10,5.16,161,28.48,9,905811.3374,5.4726,0,0,0,0,0,2024-11-30,QN07,0.0,0.0,0.0,0,0,Low,0,0,0.0,0.0,0.5805954433779432,1,0
QN0706,Queensboro Hill,Queens,30.92,10,5.16,161,28.48,9,905811.3374,5.4726,0,0,0,0,0,2024-12-31,QN07,0.0,0.0,0.0,0,0,Low,0,0,0.0,0.0,0.5805954433779432,1,0
SI0301,Oakwood-Richmondtown,Staten Island,9.54,174,6.19,132,9.12,189,254079.996,5.4428,0,0,0,0,0,2023-01-31,SI03,0.0,0.0,0.0,0,0,Low,0,0,0.0,0.0,0.5760479772931895,1,0
SI0301,Oakwood-Richmondtown,Staten Island,9.54,174,6.19,132,9.12,189,254079.996,5.4428,0,0,0,0,0,2023-02-28,SI03,0.0,0.0,0.0,0,0,Low,0,0,0.0,0.0,0.5760479772931895,1,0
SI0301,Oakwood-Richmondtown,Staten Island,9.54,174,6.19,132,9.12,189,254079.996,5.4428,0,0,0,0,0,2023-03-31,SI03,0.0,0.0,0.0,0,0,Low,0,0,0.0,0.0,0.5760479772931895,1,0
SI0301,Oakwood-Richmondtown,Staten Island,9.54,174,6.19,132,9.12,189,254079.996,5.4428,0,0,0,0,0,2023-04-30,SI03,0.0,0.0,0.0,0,0,Low,0,0,0.0,0.0,0.5760479772931895,1,0
SI0301,Oakwood-Richmondtown,Staten Island,9.54,174,6.19,132,9.12,189,254079.996,5.4428,0,0,0,0,0,2023-05-31,SI03,0.0,0.0,0.0,0,0,Low,0,0,0.0,0.0,0.5760479772931895,1,0
SI0301,Oakwood-Richmondtown,Staten Island,9.54,174,6.19,132,9.12,189,254079.996,5.4428,0,0,0,0,0,2023-06-30,SI03,0.0,0.0,0.0,0,0,Low,0,0,0.0,0.0,0.5760479772931895,1,0
SI0301,Oakwood-Richmondtown,Staten Island,9.54,174,6.19,132,9.12,189,254079.996,5.4428,0,0,0,0,0,2023-07-31,SI03,0.0,0.0,0.0,0,0,Low,0,0,0.0,0.0,0.5760479772931895,1,0
SI0301,Oakwood-Richmondtown,Staten Island,9.54,174,6.19,132,9.12,189,254079.996,5.4428,0,0,0,0,0,2023-08-31,SI03,0.0,0.0,0.0,0,0,Low,0,0,0.0,0.0,0.5760479772931895,1,0
SI0301,Oakwood-Richmondtown,Staten Island,9.54,174,6.19,132,9.12,189,254079.996,5.4428,0,0,0,0,0,2023-09-30,SI03,0.0,0.0,0.0,0,0,Low,0,0,0.0,0.0,0.5760479772931895,1,0
SI0301,Oakwood-Richmondtown,Staten Island,9.54,174,6.19,132,9.12,189,254079.996,5.4428,0,0,0,0,0,2023-10-31,SI03,0.0,0.0,0.0,0,0,Low,0,0,0.0,0.0,0.5760479772931895,1,0
SI0301,Oakwood-Richmondtown,Staten Island,9.54,174,6.19,132,9.12,189,254079.996,5.4428,0,0,0,0,0,2023-11-30,SI03,0.0,0.0,0.0,0,0,Low,0,0,0.0,0.0,0.5760479772931895,1,0
SI0301,Oakwood-Richmondtown,Staten Island,9.54,174,6.19,132,9.12,189,254079.996,5.4428,0,0,0,0,0,2023-12-31,SI03,0.0,0.0,0.0,0,0,Low,0,0,0.0,0.0,0.5760479772931895,1,0
SI0301,Oakwood-Richmondtown,Staten Island,9.54,174,6.19,132,9.12,189,254079.996,5.4428,0,0,0,0,0,2024-01-31,SI03,0.0,0.0,0.0,0,0,Low,0,0,0.0,0.0,0.5760479772931895,1,0
SI0301,Oakwood-Richmondtown,Staten Island,9.54,174,6.19,132,9.12,189,254079.996,5.4428,0,0,0,0,0,2024-02-29,SI03,0.0,0.0,0.0,0,0,Low,0,0,0.0,0.0,0.5760479772931895,1,0
SI0301,Oakwood-Richmondtown,Staten Island,9.54,174,6.19,132,9.12,189,254079.996,5.4428,0,0,0,0,0,2024-03-31,SI03,0.0,0.0,0.0,0,0,Low,0,0,0.0,0.0,0.5760479772931895,1,0
SI0301,Oakwood-Richmondtown,Staten Island,9.54,174,6.19,132,9.12,189,254079.996,5.4428,0,0,0,0,0,2024-04-30,SI03,0.0,0.0,0.0,0,0,Low,0,0,0.0,0.0,0.5760479772931895,1,0
SI0301,Oakwood-Richmondtown,Staten Island,9.54,174,6.19,132,9.12,189,254079.996,5.4428,0,0,0,0,0,2024-05-31,SI03,0.0,0.0,0.0,0,0,Low,0,0,0.0,0.0,0.5760479772931895,1,0
SI0301,Oakwood-Richmondtown,Staten Island,9.54,174,6.19,132,9.12,189,254079.996,5.4428,0,0,0,0,0,2024-06-30,SI03,0.0,0.0,0.0,0,0,Low,0,0,0.0,0.0,0.5760479772931895,1,0
SI0301,Oakwood-Richmondtown,Staten Island,9.54,174,6.19,132,9.12,189,254079.996,5.4428,0,0,0,0,0,2024-07-31,SI03,0.0,0.0,0.0,0,0,Low,0,0,0.0,0.0,0.5760479772931895,1,0
SI0301,Oakwood-Richmondtown,Staten Island,9.54,174,6.19,132,9.12,189,254079.996,5.4428,0,0,0,0,0,2024-08-31,SI03,0.0,0.0,0.0,0,0,Low,0,0,0.0,0.0,0.5760479772931895,1,0
SI0301,Oakwood-Richmondtown,Staten Island,9.54,174,6.19,132,9.12,189,254079.996,5.4428,0,0,0,0,0,2024-09-30,SI03,0.0,0.0,0.0,0,0,Low,0,0,0.0,0.0,0.5760479772931895,1,0
SI0301,Oakwood-Richmondtown,Staten Island,9.54,174,6.19,132,9.12,189,254079.996,5.4428,0,0,0,0,0,2024-10-31,SI03,0.0,0.0,0.0,0,0,Low,0,0,0.0,0.0,0.5760479772931895,1,0
SI0301,Oakwood-Richmondtown,Staten Island,9.54,174,6.19,132,9.12,189,254079.996,5.4428,0,0,0,0,0,2024-11-30,SI03,0.0,0.0,0.0,0,0,Low,0,0,0.0,0.0,0.5760479772931895,1,0
SI0301,Oakwood-Richmondtown,Staten Island,9.54,174,6.19,132,9.12,189,254079.996,5.4428,0,0,0,0,0,2024-12-31,SI03,0.0,0.0,0.0,0,0,Low,0,0,0.0,0.0,0.5760479772931895,1,0
BX1102,Morris Park,Bronx,26.96,18,8.12,77,15.68,83,397713.7853,5.4158,0,0,0,0,0,2023-01-31,BX11,0.0,0.0,0.0,0,0,Low,0,0,0.0,0.0,0.5719277899009628,1,0
BX1102,Morris Park,Bronx,26.96,18,8.12,77,15.68,83,397713.7853,5.4158,0,0,0,0,0,2023-02-28,BX11,0.0,0.0,0.0,0,0,Low,0,0,0.0,0.0,0.5719277899009628,1,0
BX1102,Morris Park,Bronx,26.96,18,8.12,77,15.68,83,397713.7853,5.4158,0,0,0,0,0,2023-03-31,BX11,0.0,0.0,0.0,0,0,Low,0,0,0.0,0.0,0.5719277899009628,1,0
BX1102,Morris Park,Bronx,26.96,18,8.12,77,15.68,83,397713.7853,5.4158,0,0,0,0,0,2023-04-30,BX11,0.0,0.0,0.0,0,0,Low,0,0,0.0,0.0,0.5719277899009628,1,0
BX1102,Morris Park,Bronx,26.96,18,8.12,77,15.68,83,397713.7853,5.4158,0,0,0,0,0,2023-05-31,BX11,0.0,0.0,0.0,0,0,Low,0,0,0.0,0.0,0.5719277899009628,1,0
BX1102,Morris Park,Bronx,26.96,18,8.12,77,15.68,83,397713.7853,5.4158,0,0,0,0,0,2023-06-30,BX11,0.0,0.0,0.0,0,0,Low,0,0,0.0,0.0,0.5719277899009628,1,0
BX1102,Morris Park,Bronx,26.96,18,8.12,77,15.68,83,397713.7853,5.4158,0,0,0,0,0,2023-07-31,BX11,0.0,0.0,0.0,0,0,Low,0,0,0.0,0.0,0.5719277899009628,1,0
BX1102,Morris Park,Bronx,26.96,18,8.12,77,15.68,83,397713.7853,5.4158,0,0,0,0,0,2023-08-31,BX11,0.0,0.0,0.0,0,0,Low,0,0,0.0,0.0,0.5719277899009628,1,0
BX1102,Morris Park,Bronx,26.96,18,8.12,77,15.68,83,397713.7853,5.4158,0,0,0,0,0,2023-09-30,BX11,0.0,0.0,0.0,0,0,Low,0,0,0.0,0.0,0.5719277899009628,1,0
BX1102,Morris Park,Bronx,26.96,18,8.12,77,15.68,83,397713.7853,5.4158,0,0,0,0,0,2023-10-31,BX11,0.0,0.0,0.0,0,0,Low,0,0,0.0,0.0,0.5719277899009628,1,0
BX1102,Morris Park,Bronx,26.96,18,8.12,77,15.68,83,397713.7853,5.4158,0,0,0,0,0,2023-11-30,BX11,0.0,0.0,0.0,0,0,Low,0,0,0.0,0.0,0.5719277899009628,1,0
BX1102,Morris Park,Bronx,26.96,18,8.12,77,15.68,83,397713.7853,5.4158,0,0,0,0,0,2023-12-31,BX11,0.0,0.0,0.0,0,0,Low,0,0,0.0,0.0,0.5719277899009628,1,0
BX1102,Morris Park,Bronx,26.96,18,8.12,77,15.68,83,397713.7853,5.4158,0,0,0,0,0,2024-01-31,BX11,0.0,0.0,0.0,0,0,Low,0,0,0.0,0.0,0.5719277899009628,1,0
BX1102,Morris Park,Bronx,26.96,18,8.12,77,15.68,83,397713.7853,5.4158,0,0,0,0,0,2024-02-29,BX11,0.0,0.0,0.0,0,0,Low,0,0,0.0,0.0,0.5719277899009628,1,0
BX1102,Morris Park,Bronx,26.96,18,8.12,77,15.68,83,397713.7853,5.4158,0,0,0,0,0,2024-03-31,BX11,0.0,0.0,0.0,0,0,Low,0,0,0.0,0.0,0.5719277899009628,1,0
BX1102,Morris Park,Bronx,26.96,18,8.12,77,15.68,83,397713.7853,5.4158,0,0,0,0,0,2024-04-30,BX11,0.0,0.0,0.0,0,0,Low,0,0,0.0,0.0,0.5719277899009628,1,0
BX1102,Morris Park,Bronx,26.96,18,8.12,77,15.68,83,397713.7853,5.4158,0,0,0,0,0,2024-05-31,BX11,0.0,0.0,0.0,0,0,Low,0,0,0.0,0.0,0.5719277899009628,1,0
BX1102,Morris Park,Bronx,26.96,18,8.12,77,15.68,83,397713.7853,5.4158,0,0,0,0,0,2024-06-30,BX11,0.0,0.0,0.0,0,0,Low,0,0,0.0,0.0,0.5719277899009628,1,0
BX1102,Morris Park,Bronx,26.96,18,8.12,77,15.68,83,397713.7853,5.4158,0,0,0,0,0,2024-07-31,BX11,0.0,0.0,0.0,0,0,Low,0,0,0.0,0.0,0.5719277899009628,1,0
BX1102,Morris Park,Bronx,26.96,18,8.12,77,15.68,83,397713.7853,5.4158,0,0,0,0,0,2024-08-31,BX11,0.0,0.0,0.0,0,0,Low,0,0,0.0,0.0,0.5719277899009628,1,0
BX1102,Morris Park,Bronx,26.96,18,8.12,77,15.68,83,397713.7853,5.4158,0,0,0,0,0,2024-09-30,BX11,0.0,0.0,0.0,0,0,Low,0,0,0.0,0.0,0.5719277899009628,1,0
BX1102,Morris Park,Bronx,26.96,18,8.12,77,15.68,83,397713.7853,5.4158,0,0,0,0,0,2024-10-31,BX11,0.0,0.0,0.0,0,0,Low,0,0,0.0,0.0,0.5719277899009628,1,0
BX1102,Morris Park,Bronx,26.96,18,8.12,77,15.68,83,397713.7853,5.4158,0,0,0,0,0,2024-11-30,BX11,0.0,0.0,0.0,0,0,Low,0,0,0.0,0.0,0.5719277899009628,1,0
BX1102,Morris Park,Bronx,26.96,18,8.12,77,15.68,83,397713.7853,5.4158,0,0,0,0,0,2024-12-31,BX11,0.0,0.0,0.0,0,0,Low,0,0,0.0,0.0,0.5719277899009628,1,0
MN0201,SoHo-Little Italy-Hudson Square,Manhattan,15.79,92,3.45,188,13.18,131,312580.3452,5.4122,2,1,1,2,0,2023-01-31,MN02,0.0,0.0,0.1266624445851805,0,1,High,1,0,1.0986122886681098,0.11925967341019306,0.5713784315819994,0,1
MN0201,SoHo-Little Italy-Hudson Square,Manhattan,15.79,92,3.45,188,13.18,131,312580.3452,5.4122,2,1,1,2,0,2023-02-28,MN02,0.0,0.0,0.1266624445851805,0,1,High,1,0,1.0986122886681098,0.11925967341019306,0.5713784315819994,0,1
MN0201,SoHo-Little Italy-Hudson Square,Manhattan,15.79,92,3.45,188,13.18,131,312580.3452,5.4122,2,1,1,2,0,2023-03-31,MN02,0.0,0.0,0.1266624445851805,0,1,High,1,0,1.0986122886681098,0.11925967341019306,0.5713784315819994,0,1
MN0201,SoHo-Little Italy-Hudson Square,Manhattan,15.79,92,3.45,188,13.18,131,312580.3452,5.4122,2,1,1,2,0,2023-04-30,MN02,0.0,0.0,0.1266624445851805,0,1,High,1,0,1.0986122886681098,0.11925967341019306,0.5713784315819994,0,1
MN0201,SoHo-Little Italy-Hudson Square,Manhattan,15.79,92,3.45,188,13.18,131,312580.3452,5.4122,2,1,1,2,0,2023-05-31,MN02,0.0,0.0,0.1266624445851805,0,1,High,1,0,1.0986122886681098,0.11925967341019306,0.5713784315819994,0,1
MN0201,SoHo-Little Italy-Hudson Square,Manhattan,15.79,92,3.45,188,13.18,131,312580.3452,5.4122,2,1,1,2,0,2023-06-30,MN02,0.0,0.0,0.1266624445851805,0,1,High,1,0,1.0986122886681098,0.11925967341019306,0.5713784315819994,0,1
MN0201,SoHo-Little Italy-Hudson Square,Manhattan,15.79,92,3.45,188,13.18,131,312580.3452,5.4122,2,1,1,2,0,2023-07-31,MN02,0.0,0.0,0.1266624445851805,0,1,High,1,0,1.0986122886681098,0.11925967341019306,0.5713784315819994,0,1
MN0201,SoHo-Little Italy-Hudson Square,Manhattan,15.79,92,3.45,188,13.18,131,312580.3452,5.4122,2,1,1,2,0,2023-08-31,MN02,0.0,0.0,0.1266624445851805,0,1,High,1,0,1.0986122886681098,0.11925967341019306,0.5713784315819994,0,1
MN0201,SoHo-Little Italy-Hudson Square,Manhattan,15.79,92,3.45,188,13.18,131,312580.3452,5.4122,2,1,1,2,0,2023-09-30,MN02,0.0,0.0,0.1266624445851805,0,1,High,1,0,1.0986122886681098,0.11925967341019306,0.5713784315819994,0,1
MN0201,SoHo-Little Italy-Hudson Square,Manhattan,15.79,92,3.45,188,13.18,131,312580.3452,5.4122,2,1,1,2,0,2023-10-31,MN02,0.0,0.0,0.1266624445851805,0,1,High,1,0,1.0986122886681098,0.11925967341019306,0.5713784315819994,0,1
MN0201,SoHo-Little Italy-Hudson Square,Manhattan,15.79,92,3.45,188,13.18,131,312580.3452,5.4122,2,1,1,2,0,2023-11-30,MN02,0.0,0.0,0.1266624445851805,0,1,High,1,0,1.0986122886681098,0.11925967341019306,0.5713784315819994,0,1
MN0201,SoHo-Little Italy-Hudson Square,Manhattan,15.79,92,3.45,188,13.18,131,312580.3452,5.4122,2,1,1,2,0,2023-12-31,MN02,0.0,0.0,0.1266624445851805,0,1,High,1,0,1.0986122886681098,0.11925967341019306,0.5713784315819994,0,1
MN0201,SoHo-Little Italy-Hudson Square,Manhattan,15.79,92,3.45,188,13.18,131,312580.3452,5.4122,2,1,1,2,0,2024-01-31,MN02,0.0,0.0,0.1266624445851805,0,1,High,1,0,1.0986122886681098,0.11925967341019306,0.5713784315819994,0,1
MN0201,SoHo-Little Italy-Hudson Square,Manhattan,15.79,92,3.45,188,13.18,131,312580.3452,5.4122,2,1,1,2,0,2024-02-29,MN02,0.0,0.0,0.1266624445851805,0,1,High,1,0,1.0986122886681098,0.11925967341019306,0.5713784315819994,0,1
MN0201,SoHo-Little Italy-Hudson Square,Manhattan,15.79,92,3.45,188,13.18,131,312580.3452,5.4122,2,1,1,2,0,2024-03-31,MN02,0.0,0.0,0.1266624445851805,0,1,High,1,0,1.0986122886681098,0.11925967341019306,0.5713784315819994,0,1
MN0201,SoHo-Little Italy-Hudson Square,Manhattan,15.79,92,3.45,188,13.18,131,312580.3452,5.4122,2,1,1,2,0,2024-04-30,MN02,0.0,0.0,0.1266624445851805,0,1,High,1,0,1.0986122886681098,0.11925967341019306,0.5713784315819994,0,1
MN0201,SoHo-Little Italy-Hudson Square,Manhattan,15.79,92,3.45,188,13.18,131,312580.3452,5.4122,2,1,1,2,0,2024-05-31,MN02,0.0,0.0,0.1266624445851805,0,1,High,1,0,1.0986122886681098,0.11925967341019306,0.5713784315819994,0,1
MN0201,SoHo-Little Italy-Hudson Square,Manhattan,15.79,92,3.45,188,13.18,131,312580.3452,5.4122,2,1,1,2,0,2024-06-30,MN02,0.0,0.0,0.1266624445851805,0,1,High,1,0,1.0986122886681098,0.11925967341019306,0.5713784315819994,0,1
MN0201,SoHo-Little Italy-Hudson Square,Manhattan,15.79,92,3.45,188,13.18,131,312580.3452,5.4122,2,1,1,2,0,2024-07-31,MN02,0.0,0.0,0.1266624445851805,0,1,High,1,0,1.0986122886681098,0.11925967341019306,0.5713784315819994,0,1
MN0201,SoHo-Little Italy-Hudson Square,Manhattan,15.79,92,3.45,188,13.18,131,312580.3452,5.4122,2,1,1,2,0,2024-08-31,MN02,0.0,0.0,0.1266624445851805,0,1,High,1,0,1.0986122886681098,0.11925967341019306,0.5713784315819994,0,1
MN0201,SoHo-Little Italy-Hudson Square,Manhattan,15.79,92,3.45,188,13.18,131,312580.3452,5.4122,2,1,1,2,0,2024-09-30,MN02,0.0,0.0,0.1266624445851805,0,1,High,1,0,1.0986122886681098,0.11925967341019306,0.5713784315819994,0,1
MN0201,SoHo-Little Italy-Hudson Square,Manhattan,15.79,92,3.45,188,13.18,131,312580.3452,5.4122,2,1,1,2,0,2024-10-31,MN02,0.0,0.0,0.1266624445851805,0,1,High,1,0,1.0986122886681098,0.11925967341019306,0.5713784315819994,0,1
MN0201,SoHo-Little Italy-Hudson Square,Manhattan,15.79,92,3.45,188,13.18,131,312580.3452,5.4122,2,1,1,2,0,2024-11-30,MN02,0.0,0.0,0.1266624445851805,0,1,High,1,0,1.0986122886681098,0.11925967341019306,0.5713784315819994,0,1
MN0201,SoHo-Little Italy-Hudson Square,Manhattan,15.79,92,3.45,188,13.18,131,312580.3452,5.4122,2,1,1,2,0,2024-12-31,MN02,0.0,0.0,0.1266624445851805,0,1,High,1,0,1.0986122886681098,0.11925967341019306,0.5713784315819994,0,1
QN0303,North Corona,Queens,13.77,122,3.18,192,39.69,1,116976.1498,5.4091,5,4,1,3,2,2023-01-31,QN03,871.0,1.0,0.36310820624546114,0,1,High,1,1,1.791759469228055,0.309767537857854,0.5709053730295585,0,1
QN0303,North Corona,Queens,13.77,122,3.18,192,39.69,1,116976.1498,5.4091,5,4,1,3,2,2023-02-28,QN03,863.0,1.0,0.36310820624546114,0,1,High,1,1,1.791759469228055,0.309767537857854,0.5709053730295585,0,1
QN0303,North Corona,Queens,13.77,122,3.18,192,39.69,1,116976.1498,5.4091,5,4,1,3,2,2023-03-31,QN03,855.0,1.0,0.36310820624546114,0,1,High,1,1,1.791759469228055,0.309767537857854,0.5709053730295585,0,1
QN0303,North Corona,Queens,13.77,122,3.18,192,39.69,1,116976.1498,5.4091,5,4,1,3,2,2023-04-30,QN03,876.0,1.0,0.36310820624546114,0,1,High,1,1,1.791759469228055,0.309767537857854,0.5709053730295585,0,1
QN0303,North Corona,Queens,13.77,122,3.18,192,39.69,1,116976.1498,5.4091,5,4,1,3,2,2023-05-31,QN03,857.0,1.0,0.36310820624546114,0,1,High,1,1,1.791759469228055,0.309767537857854,0.5709053730295585,0,1
QN0303,North Corona,Queens,13.77,122,3.18,192,39.69,1,116976.1498,5.4091,5,4,1,3,2,2023-06-30,QN03,886.0,1.0,0.36310820624546114,0,1,High,1,1,1.791759469228055,0.309767537857854,0.5709053730295585,0,1
QN0303,North Corona,Queens,13.77,122,3.18,192,39.69,1,116976.1498,5.4091,5,4,1,3,2,2023-07-31,QN03,882.0,1.0,0.36310820624546114,0,1,High,1,1,1.791759469228055,0.309767537857854,0.5709053730295585,0,1
QN0303,North Corona,Queens,13.77,122,3.18,192,39.69,1,116976.1498,5.4091,5,4,1,3,2,2023-08-31,QN03,899.0,1.0,0.36310820624546114,0,1,High,1,1,1.791759469228055,0.309767537857854,0.5709053730295585,0,1
QN0303,North Corona,Queens,13.77,122,3.18,192,39.69,1,116976.1498,5.4091,5,4,1,3,2,2023-09-30,QN03,877.0,1.0,0.36310820624546114,0,1,High,1,1,1.791759469228055,0.309767537857854,0.5709053730295585,0,1
QN0303,North Corona,Queens,13.77,122,3.18,192,39.69,1,116976.1498,5.4091,5,4,1,3,2,2023-10-31,QN03,871.0,1.0,0.36310820624546114,0,1,High,1,1,1.791759469228055,0.309767537857854,0.5709053730295585,0,1
QN0303,North Corona,Queens,13.77,122,3.18,192,39.69,1,116976.1498,5.4091,5,4,1,3,2,2023-11-30,QN03,863.0,1.0,0.36310820624546114,0,1,High,1,1,1.791759469228055,0.309767537857854,0.5709053730295585,0,1
QN0303,North Corona,Queens,13.77,122,3.18,192,39.69,1,116976.1498,5.4091,5,4,1,3,2,2023-12-31,QN03,866.0,1.0,0.36310820624546114,0,1,High,1,1,1.791759469228055,0.309767537857854,0.5709053730295585,0,1
QN0303,North Corona,Queens,13.77,122,3.18,192,39.69,1,116976.1498,5.4091,5,4,1,3,2,2024-01-31,QN03,850.0,1.0,0.36310820624546114,0,1,High,1,1,1.791759469228055,0.309767537857854,0.5709053730295585,0,1
QN0303,North Corona,Queens,13.77,122,3.18,192,39.69,1,116976.1498,5.4091,5,4,1,3,2,2024-02-29,QN03,857.0,1.0,0.36310820624546114,0,1,High,1,1,1.791759469228055,0.309767537857854,0.5709053730295585,0,1
QN0303,North Corona,Queens,13.77,122,3.18,192,39.69,1,116976.1498,5.4091,5,4,1,3,2,2024-03-31,QN03,821.0,1.0,0.36310820624546114,0,1,High,1,1,1.791759469228055,0.309767537857854,0.5709053730295585,0,1
QN0303,North Corona,Queens,13.77,122,3.18,192,39.69,1,116976.1498,5.4091,5,4,1,3,2,2024-04-30,QN03,790.0,1.0,0.36310820624546114,0,1,High,1,1,1.791759469228055,0.309767537857854,0.5709053730295585,0,1
QN0303,North Corona,Queens,13.77,122,3.18,192,39.69,1,116976.1498,5.4091,5,4,1,3,2,2024-05-31,QN03,760.0,0.0,0.36310820624546114,0,1,High,1,1,1.791759469228055,0.309767537857854,0.5709053730295585,0,1
QN0303,North Corona,Queens,13.77,122,3.18,192,39.69,1,116976.1498,5.4091,5,4,1,3,2,2024-06-30,QN03,743.0,0.0,0.36310820624546114,0,1,High,1,1,1.791759469228055,0.309767537857854,0.5709053730295585,0,1
QN0303,North Corona,Queens,13.77,122,3.18,192,39.69,1,116976.1498,5.4091,5,4,1,3,2,2024-07-31,QN03,730.0,0.0,0.36310820624546114,0,1,High,1,1,1.791759469228055,0.309767537857854,0.5709053730295585,0,1
QN0303,North Corona,Queens,13.77,122,3.18,192,39.69,1,116976.1498,5.4091,5,4,1,3,2,2024-08-31,QN03,744.0,0.0,0.36310820624546114,0,1,High,1,1,1.791759469228055,0.309767537857854,0.5709053730295585,0,1
QN0303,North Corona,Queens,13.77,122,3.18,192,39.69,1,116976.1498,5.4091,5,4,1,3,2,2024-09-30,QN03,787.0,1.0,0.36310820624546114,0,1,High,1,1,1.791759469228055,0.309767537857854,0.5709053730295585,0,1
QN0303,North Corona,Queens,13.77,122,3.18,192,39.69,1,116976.1498,5.4091,5,4,1,3,2,2024-10-31,QN03,763.0,0.0,0.36310820624546114,0,1,High,1,1,1.791759469228055,0.309767537857854,0.5709053730295585,0,1
QN0303,North Corona,Queens,13.77,122,3.18,192,39.69,1,116976.1498,5.4091,5,4,1,3,2,2024-11-30,QN03,749.0,0.0,0.36310820624546114,0,1,High,1,1,1.791759469228055,0.309767537857854,0.5709053730295585,0,1
QN0303,North Corona,Queens,13.77,122,3.18,192,39.69,1,116976.1498,5.4091,5,4,1,3,2,2024-12-31,QN03,739.0,0.0,0.36310820624546114,0,1,High,1,1,1.791759469228055,0.309767537857854,0.5709053730295585,0,1
QN1403,Breezy Point-Belle Harbor-Rockaway Park-Broad Channel,Queens,17.97,64,6.33,128,8.26,192,300542.801,5.4042,0,0,0,0,0,2023-01-31,QN14,183.0,0.0,0.0,0,0,Low,0,0,0.0,0.0,0.570157635317636,1,0
QN1403,Breezy Point-Belle Harbor-Rockaway Park-Broad Channel,Queens,17.97,64,6.33,128,8.26,192,300542.801,5.4042,0,0,0,0,0,2023-02-28,QN14,180.0,0.0,0.0,0,0,Low,0,0,0.0,0.0,0.570157635317636,1,0
QN1403,Breezy Point-Belle Harbor-Rockaway Park-Broad Channel,Queens,17.97,64,6.33,128,8.26,192,300542.801,5.4042,0,0,0,0,0,2023-03-31,QN14,180.0,0.0,0.0,0,0,Low,0,0,0.0,0.0,0.570157635317636,1,0
QN1403,Breezy Point-Belle Harbor-Rockaway Park-Broad Channel,Queens,17.97,64,6.33,128,8.26,192,300542.801,5.4042,0,0,0,0,0,2023-04-30,QN14,164.0,0.0,0.0,0,0,Low,0,0,0.0,0.0,0.570157635317636,1,0
QN1403,Breezy Point-Belle Harbor-Rockaway Park-Broad Channel,Queens,17.97,64,6.33,128,8.26,192,300542.801,5.4042,0,0,0,0,0,2023-05-31,QN14,170.0,0.0,0.0,0,0,Low,0,0,0.0,0.0,0.570157635317636,1,0
QN1403,Breezy Point-Belle Harbor-Rockaway Park-Broad Channel,Queens,17.97,64,6.33,128,8.26,192,300542.801,5.4042,0,0,0,0,0,2023-06-30,QN14,170.0,0.0,0.0,0,0,Low,0,0,0.0,0.0,0.570157635317636,1,0
QN1403,Breezy Point-Belle Harbor-Rockaway Park-Broad Channel,Queens,17.97,64,6.33,128,8.26,192,300542.801,5.4042,0,0,0,0,0,2023-07-31,QN14,176.0,0.0,0.0,0,0,Low,0,0,0.0,0.0,0.570157635317636,1,0
QN1403,Breezy Point-Belle Harbor-Rockaway Park-Broad Channel,Queens,17.97,64,6.33,128,8.26,192,300542.801,5.4042,0,0,0,0,0,2023-08-31,QN14,178.0,0.0,0.0,0,0,Low,0,0,0.0,0.0,0.570157635317636,1,0
QN1403,Breezy Point-Belle Harbor-Rockaway Park-Broad Channel,Queens,17.97,64,6.33,128,8.26,192,300542.801,5.4042,0,0,0,0,0,2023-09-30,QN14,175.0,0.0,0.0,0,0,Low,0,0,0.0,0.0,0.570157635317636,1,0
QN1403,Breezy Point-Belle Harbor-Rockaway Park-Broad Channel,Queens,17.97,64,6.33,128,8.26,192,300542.801,5.4042,0,0,0,0,0,2023-10-31,QN14,177.0,0.0,0.0,0,0,Low,0,0,0.0,0.0,0.570157635317636,1,0
QN1403,Breezy Point-Belle Harbor-Rockaway Park-Broad Channel,Queens,17.97,64,6.33,128,8.26,192,300542.801,5.4042,0,0,0,0,0,2023-11-30,QN14,177.0,0.0,0.0,0,0,Low,0,0,0.0,0.0,0.570157635317636,1,0
QN1403,Breezy Point-Belle Harbor-Rockaway Park-Broad Channel,Queens,17.97,64,6.33,128,8.26,192,300542.801,5.4042,0,0,0,0,0,2023-12-31,QN14,169.0,0.0,0.0,0,0,Low,0,0,0.0,0.0,0.570157635317636,1,0
QN1403,Breezy Point-Belle Harbor-Rockaway Park-Broad Channel,Queens,17.97,64,6.33,128,8.26,192,300542.801,5.4042,0,0,0,0,0,2024-01-31,QN14,172.0,0.0,0.0,0,0,Low,0,0,0.0,0.0,0.570157635317636,1,0
QN1403,Breezy Point-Belle Harbor-Rockaway Park-Broad Channel,Queens,17.97,64,6.33,128,8.26,192,300542.801,5.4042,0,0,0,0,0,2024-02-29,QN14,176.0,0.0,0.0,0,0,Low,0,0,0.0,0.0,0.570157635317636,1,0
QN1403,Breezy Point-Belle Harbor-Rockaway Park-Broad Channel,Queens,17.97,64,6.33,128,8.26,192,300542.801,5.4042,0,0,0,0,0,2024-03-31,QN14,172.0,0.0,0.0,0,0,Low,0,0,0.0,0.0,0.570157635317636,1,0
QN1403,Breezy Point-Belle Harbor-Rockaway Park-Broad Channel,Queens,17.97,64,6.33,128,8.26,192,300542.801,5.4042,0,0,0,0,0,2024-04-30,QN14,164.0,0.0,0.0,0,0,Low,0,0,0.0,0.0,0.570157635317636,1,0
QN1403,Breezy Point-Belle Harbor-Rockaway Park-Broad Channel,Queens,17.97,64,6.33,128,8.26,192,300542.801,5.4042,0,0,0,0,0,2024-05-31,QN14,174.0,0.0,0.0,0,0,Low,0,0,0.0,0.0,0.570157635317636,1,0
QN1403,Breezy Point-Belle Harbor-Rockaway Park-Broad Channel,Queens,17.97,64,6.33,128,8.26,192,300542.801,5.4042,0,0,0,0,0,2024-06-30,QN14,167.0,0.0,0.0,0,0,Low,0,0,0.0,0.0,0.570157635317636,1,0
QN1403,Breezy Point-Belle Harbor-Rockaway Park-Broad Channel,Queens,17.97,64,6.33,128,8.26,192,300542.801,5.4042,0,0,0,0,0,2024-07-31,QN14,169.0,0.0,0.0,0,0,Low,0,0,0.0,0.0,0.570157635317636,1,0
QN1403,Breezy Point-Belle Harbor-Rockaway Park-Broad Channel,Queens,17.97,64,6.33,128,8.26,192,300542.801,5.4042,0,0,0,0,0,2024-08-31,QN14,166.0,0.0,0.0,0,0,Low,0,0,0.0,0.0,0.570157635317636,1,0
QN1403,Breezy Point-Belle Harbor-Rockaway Park-Broad Channel,Queens,17.97,64,6.33,128,8.26,192,300542.801,5.4042,0,0,0,0,0,2024-09-30,QN14,167.0,0.0,0.0,0,0,Low,0,0,0.0,0.0,0.570157635317636,1,0
QN1403,Breezy Point-Belle Harbor-Rockaway Park-Broad Channel,Queens,17.97,64,6.33,128,8.26,192,300542.801,5.4042,0,0,0,0,0,2024-10-31,QN14,149.0,0.0,0.0,0,0,Low,0,0,0.0,0.0,0.570157635317636,1,0
QN1403,Breezy Point-Belle Harbor-Rockaway Park-Broad Channel,Queens,17.97,64,6.33,128,8.26,192,300542.801,5.4042,0,0,0,0,0,2024-11-30,QN14,165.0,0.0,0.0,0,0,Low,0,0,0.0,0.0,0.570157635317636,1,0
QN1403,Breezy Point-Belle Harbor-Rockaway Park-Broad Channel,Queens,17.97,64,6.33,128,8.26,192,300542.801,5.4042,0,0,0,0,0,2024-12-31,QN14,157.0,0.0,0.0,0,0,Low,0,0,0.0,0.0,0.570157635317636,1,0
BK1303,Brighton Beach,Brooklyn,10.17,168,4.36,181,26.2,13,82148.9063,5.3905,4,3,2,4,0,2023-01-31,BK13,463.0,0.0,0.39331366764995085,0,1,High,1,0,1.6094379124341003,0.3316848436421205,0.5680670217149135,0,1
BK1303,Brighton Beach,Brooklyn,10.17,168,4.36,181,26.2,13,82148.9063,5.3905,4,3,2,4,0,2023-02-28,BK13,436.0,0.0,0.39331366764995085,0,1,High,1,0,1.6094379124341003,0.3316848436421205,0.5680670217149135,0,1
BK1303,Brighton Beach,Brooklyn,10.17,168,4.36,181,26.2,13,82148.9063,5.3905,4,3,2,4,0,2023-03-31,BK13,454.0,0.0,0.39331366764995085,0,1,High,1,0,1.6094379124341003,0.3316848436421205,0.5680670217149135,0,1
BK1303,Brighton Beach,Brooklyn,10.17,168,4.36,181,26.2,13,82148.9063,5.3905,4,3,2,4,0,2023-04-30,BK13,461.0,0.0,0.39331366764995085,0,1,High,1,0,1.6094379124341003,0.3316848436421205,0.5680670217149135,0,1
BK1303,Brighton Beach,Brooklyn,10.17,168,4.36,181,26.2,13,82148.9063,5.3905,4,3,2,4,0,2023-05-31,BK13,456.0,0.0,0.39331366764995085,0,1,High,1,0,1.6094379124341003,0.3316848436421205,0.5680670217149135,0,1
BK1303,Brighton Beach,Brooklyn,10.17,168,4.36,181,26.2,13,82148.9063,5.3905,4,3,2,4,0,2023-06-30,BK13,458.0,0.0,0.39331366764995085,0,1,High,1,0,1.6094379124341003,0.3316848436421205,0.5680670217149135,0,1
BK1303,Brighton Beach,Brooklyn,10.17,168,4.36,181,26.2,13,82148.9063,5.3905,4,3,2,4,0,2023-07-31,BK13,457.0,0.0,0.39331366764995085,0,1,High,1,0,1.6094379124341003,0.3316848436421205,0.5680670217149135,0,1
BK1303,Brighton Beach,Brooklyn,10.17,168,4.36,181,26.2,13,82148.9063,5.3905,4,3,2,4,0,2023-08-31,BK13,452.0,0.0,0.39331366764995085,0,1,High,1,0,1.6094379124341003,0.3316848436421205,0.5680670217149135,0,1
BK1303,Brighton Beach,Brooklyn,10.17,168,4.36,181,26.2,13,82148.9063,5.3905,4,3,2,4,0,2023-09-30,BK13,459.0,0.0,0.39331366764995085,0,1,High,1,0,1.6094379124341003,0.3316848436421205,0.5680670217149135,0,1
BK1303,Brighton Beach,Brooklyn,10.17,168,4.36,181,26.2,13,82148.9063,5.3905,4,3,2,4,0,2023-10-31,BK13,447.0,0.0,0.39331366764995085,0,1,High,1,0,1.6094379124341003,0.3316848436421205,0.5680670217149135,0,1
BK1303,Brighton Beach,Brooklyn,10.17,168,4.36,181,26.2,13,82148.9063,5.3905,4,3,2,4,0,2023-11-30,BK13,439.0,0.0,0.39331366764995085,0,1,High,1,0,1.6094379124341003,0.3316848436421205,0.5680670217149135,0,1
BK1303,Brighton Beach,Brooklyn,10.17,168,4.36,181,26.2,13,82148.9063,5.3905,4,3,2,4,0,2023-12-31,BK13,442.0,0.0,0.39331366764995085,0,1,High,1,0,1.6094379124341003,0.3316848436421205,0.5680670217149135,0,1
BK1303,Brighton Beach,Brooklyn,10.17,168,4.36,181,26.2,13,82148.9063,5.3905,4,3,2,4,0,2024-01-31,BK13,430.0,0.0,0.39331366764995085,0,1,High,1,0,1.6094379124341003,0.3316848436421205,0.5680670217149135,0,1
BK1303,Brighton Beach,Brooklyn,10.17,168,4.36,181,26.2,13,82148.9063,5.3905,4,3,2,4,0,2024-02-29,BK13,429.0,0.0,0.39331366764995085,0,1,High,1,0,1.6094379124341003,0.3316848436421205,0.5680670217149135,0,1
BK1303,Brighton Beach,Brooklyn,10.17,168,4.36,181,26.2,13,82148.9063,5.3905,4,3,2,4,0,2024-03-31,BK13,405.0,0.0,0.39331366764995085,0,1,High,1,0,1.6094379124341003,0.3316848436421205,0.5680670217149135,0,1
BK1303,Brighton Beach,Brooklyn,10.17,168,4.36,181,26.2,13,82148.9063,5.3905,4,3,2,4,0,2024-04-30,BK13,396.0,0.0,0.39331366764995085,0,1,High,1,0,1.6094379124341003,0.3316848436421205,0.5680670217149135,0,1
BK1303,Brighton Beach,Brooklyn,10.17,168,4.36,181,26.2,13,82148.9063,5.3905,4,3,2,4,0,2024-05-31,BK13,365.0,0.0,0.39331366764995085,0,1,High,1,0,1.6094379124341003,0.3316848436421205,0.5680670217149135,0,1
BK1303,Brighton Beach,Brooklyn,10.17,168,4.36,181,26.2,13,82148.9063,5.3905,4,3,2,4,0,2024-06-30,BK13,377.0,0.0,0.39331366764995085,0,1,High,1,0,1.6094379124341003,0.3316848436421205,0.5680670217149135,0,1
BK1303,Brighton Beach,Brooklyn,10.17,168,4.36,181,26.2,13,82148.9063,5.3905,4,3,2,4,0,2024-07-31,BK13,363.0,0.0,0.39331366764995085,0,1,High,1,0,1.6094379124341003,0.3316848436421205,0.5680670217149135,0,1
BK1303,Brighton Beach,Brooklyn,10.17,168,4.36,181,26.2,13,82148.9063,5.3905,4,3,2,4,0,2024-08-31,BK13,363.0,0.0,0.39331366764995085,0,1,High,1,0,1.6094379124341003,0.3316848436421205,0.5680670217149135,0,1
BK1303,Brighton Beach,Brooklyn,10.17,168,4.36,181,26.2,13,82148.9063,5.3905,4,3,2,4,0,2024-09-30,BK13,407.0,0.0,0.39331366764995085,0,1,High,1,0,1.6094379124341003,0.3316848436421205,0.5680670217149135,0,1
BK1303,Brighton Beach,Brooklyn,10.17,168,4.36,181,26.2,13,82148.9063,5.3905,4,3,2,4,0,2024-10-31,BK13,424.0,0.0,0.39331366764995085,0,1,High,1,0,1.6094379124341003,0.3316848436421205,0.5680670217149135,0,1
BK1303,Brighton Beach,Brooklyn,10.17,168,4.36,181,26.2,13,82148.9063,5.3905,4,3,2,4,0,2024-11-30,BK13,411.0,0.0,0.39331366764995085,0,1,High,1,0,1.6094379124341003,0.3316848436421205,0.5680670217149135,0,1
BK1303,Brighton Beach,Brooklyn,10.17,168,4.36,181,26.2,13,82148.9063,5.3905,4,3,2,4,0,2024-12-31,BK13,417.0,0.0,0.39331366764995085,0,1,High,1,0,1.6094379124341003,0.3316848436421205,0.5680670217149135,0,1
QN1101,Auburndale,Queens,13.4,128,5.33,157,18.09,44,765552.4973,5.3761,0,0,0,0,0,2023-01-31,QN11,0.0,0.0,0.0,0,0,Low,0,0,0.0,0.0,0.5658695884390593,1,0
QN1101,Auburndale,Queens,13.4,128,5.33,157,18.09,44,765552.4973,5.3761,0,0,0,0,0,2023-02-28,QN11,0.0,0.0,0.0,0,0,Low,0,0,0.0,0.0,0.5658695884390593,1,0
QN1101,Auburndale,Queens,13.4,128,5.33,157,18.09,44,765552.4973,5.3761,0,0,0,0,0,2023-03-31,QN11,0.0,0.0,0.0,0,0,Low,0,0,0.0,0.0,0.5658695884390593,1,0
QN1101,Auburndale,Queens,13.4,128,5.33,157,18.09,44,765552.4973,5.3761,0,0,0,0,0,2023-04-30,QN11,0.0,0.0,0.0,0,0,Low,0,0,0.0,0.0,0.5658695884390593,1,0
QN1101,Auburndale,Queens,13.4,128,5.33,157,18.09,44,765552.4973,5.3761,0,0,0,0,0,2023-05-31,QN11,0.0,0.0,0.0,0,0,Low,0,0,0.0,0.0,0.5658695884390593,1,0
QN1101,Auburndale,Queens,13.4,128,5.33,157,18.09,44,765552.4973,5.3761,0,0,0,0,0,2023-06-30,QN11,0.0,0.0,0.0,0,0,Low,0,0,0.0,0.0,0.5658695884390593,1,0
QN1101,Auburndale,Queens,13.4,128,5.33,157,18.09,44,765552.4973,5.3761,0,0,0,0,0,2023-07-31,QN11,0.0,0.0,0.0,0,0,Low,0,0,0.0,0.0,0.5658695884390593,1,0
QN1101,Auburndale,Queens,13.4,128,5.33,157,18.09,44,765552.4973,5.3761,0,0,0,0,0,2023-08-31,QN11,0.0,0.0,0.0,0,0,Low,0,0,0.0,0.0,0.5658695884390593,1,0
QN1101,Auburndale,Queens,13.4,128,5.33,157,18.09,44,765552.4973,5.3761,0,0,0,0,0,2023-09-30,QN11,0.0,0.0,0.0,0,0,Low,0,0,0.0,0.0,0.5658695884390593,1,0
QN1101,Auburndale,Queens,13.4,128,5.33,157,18.09,44,765552.4973,5.3761,0,0,0,0,0,2023-10-31,QN11,0.0,0.0,0.0,0,0,Low,0,0,0.0,0.0,0.5658695884390593,1,0
QN1101,Auburndale,Queens,13.4,128,5.33,157,18.09,44,765552.4973,5.3761,0,0,0,0,0,2023-11-30,QN11,0.0,0.0,0.0,0,0,Low,0,0,0.0,0.0,0.5658695884390593,1,0
QN1101,Auburndale,Queens,13.4,128,5.33,157,18.09,44,765552.4973,5.3761,0,0,0,0,0,2023-12-31,QN11,0.0,0.0,0.0,0,0,Low,0,0,0.0,0.0,0.5658695884390593,1,0
QN1101,Auburndale,Queens,13.4,128,5.33,157,18.09,44,765552.4973,5.3761,0,0,0,0,0,2024-01-31,QN11,0.0,0.0,0.0,0,0,Low,0,0,0.0,0.0,0.5658695884390593,1,0
QN1101,Auburndale,Queens,13.4,128,5.33,157,18.09,44,765552.4973,5.3761,0,0,0,0,0,2024-02-29,QN11,0.0,0.0,0.0,0,0,Low,0,0,0.0,0.0,0.5658695884390593,1,0
QN1101,Auburndale,Queens,13.4,128,5.33,157,18.09,44,765552.4973,5.3761,0,0,0,0,0,2024-03-31,QN11,0.0,0.0,0.0,0,0,Low,0,0,0.0,0.0,0.5658695884390593,1,0
QN1101,Auburndale,Queens,13.4,128,5.33,157,18.09,44,765552.4973,5.3761,0,0,0,0,0,2024-04-30,QN11,0.0,0.0,0.0,0,0,Low,0,0,0.0,0.0,0.5658695884390593,1,0
QN1101,Auburndale,Queens,13.4,128,5.33,157,18.09,44,765552.4973,5.3761,0,0,0,0,0,2024-05-31,QN11,0.0,0.0,0.0,0,0,Low,0,0,0.0,0.0,0.5658695884390593,1,0
QN1101,Auburndale,Queens,13.4,128,5.33,157,18.09,44,765552.4973,5.3761,0,0,0,0,0,2024-06-30,QN11,0.0,0.0,0.0,0,0,Low,0,0,0.0,0.0,0.5658695884390593,1,0
QN1101,Auburndale,Queens,13.4,128,5.33,157,18.09,44,765552.4973,5.3761,0,0,0,0,0,2024-07-31,QN11,0.0,0.0,0.0,0,0,Low,0,0,0.0,0.0,0.5658695884390593,1,0
QN1101,Auburndale,Queens,13.4,128,5.33,157,18.09,44,765552.4973,5.3761,0,0,0,0,0,2024-08-31,QN11,0.0,0.0,0.0,0,0,Low,0,0,0.0,0.0,0.5658695884390593,1,0
QN1101,Auburndale,Queens,13.4,128,5.33,157,18.09,44,765552.4973,5.3761,0,0,0,0,0,2024-09-30,QN11,0.0,0.0,0.0,0,0,Low,0,0,0.0,0.0,0.5658695884390593,1,0
QN1101,Auburndale,Queens,13.4,128,5.33,157,18.09,44,765552.4973,5.3761,0,0,0,0,0,2024-10-31,QN11,0.0,0.0,0.0,0,0,Low,0,0,0.0,0.0,0.5658695884390593,1,0
QN1101,Auburndale,Queens,13.4,128,5.33,157,18.09,44,765552.4973,5.3761,0,0,0,0,0,2024-11-30,QN11,0.0,0.0,0.0,0,0,Low,0,0,0.0,0.0,0.5658695884390593,1,0
QN1101,Auburndale,Queens,13.4,128,5.33,157,18.09,44,765552.4973,5.3761,0,0,0,0,0,2024-12-31,QN11,0.0,0.0,0.0,0,0,Low,0,0,0.0,0.0,0.5658695884390593,1,0
BX1004,Co-op City,Bronx,11.79,148,8.51,68,9.17,187,353584.608,5.3524,2,2,0,2,0,2023-01-31,BX10,575.0,0.0,0.16963528413910095,0,1,High,0,0,1.0986122886681098,0.1566919772559309,0.5622529795058827,0,1
BX1004,Co-op City,Bronx,11.79,148,8.51,68,9.17,187,353584.608,5.3524,2,2,0,2,0,2023-02-28,BX10,580.0,0.0,0.16963528413910095,0,1,High,0,0,1.0986122886681098,0.1566919772559309,0.5622529795058827,0,1
BX1004,Co-op City,Bronx,11.79,148,8.51,68,9.17,187,353584.608,5.3524,2,2,0,2,0,2023-03-31,BX10,576.0,0.0,0.16963528413910095,0,1,High,0,0,1.0986122886681098,0.1566919772559309,0.5622529795058827,0,1
BX1004,Co-op City,Bronx,11.79,148,8.51,68,9.17,187,353584.608,5.3524,2,2,0,2,0,2023-04-30,BX10,569.0,0.0,0.16963528413910095,0,1,High,0,0,1.0986122886681098,0.1566919772559309,0.5622529795058827,0,1
BX1004,Co-op City,Bronx,11.79,148,8.51,68,9.17,187,353584.608,5.3524,2,2,0,2,0,2023-05-31,BX10,578.0,0.0,0.16963528413910095,0,1,High,0,0,1.0986122886681098,0.1566919772559309,0.5622529795058827,0,1
BX1004,Co-op City,Bronx,11.79,148,8.51,68,9.17,187,353584.608,5.3524,2,2,0,2,0,2023-06-30,BX10,568.0,0.0,0.16963528413910095,0,1,High,0,0,1.0986122886681098,0.1566919772559309,0.5622529795058827,0,1
BX1004,Co-op City,Bronx,11.79,148,8.51,68,9.17,187,353584.608,5.3524,2,2,0,2,0,2023-07-31,BX10,580.0,0.0,0.16963528413910095,0,1,High,0,0,1.0986122886681098,0.1566919772559309,0.5622529795058827,0,1
BX1004,Co-op City,Bronx,11.79,148,8.51,68,9.17,187,353584.608,5.3524,2,2,0,2,0,2023-08-31,BX10,591.0,0.0,0.16963528413910095,0,1,High,0,0,1.0986122886681098,0.1566919772559309,0.5622529795058827,0,1
BX1004,Co-op City,Bronx,11.79,148,8.51,68,9.17,187,353584.608,5.3524,2,2,0,2,0,2023-09-30,BX10,597.0,0.0,0.16963528413910095,0,1,High,0,0,1.0986122886681098,0.1566919772559309,0.5622529795058827,0,1
BX1004,Co-op City,Bronx,11.79,148,8.51,68,9.17,187,353584.608,5.3524,2,2,0,2,0,2023-10-31,BX10,585.0,0.0,0.16963528413910095,0,1,High,0,0,1.0986122886681098,0.1566919772559309,0.5622529795058827,0,1
BX1004,Co-op City,Bronx,11.79,148,8.51,68,9.17,187,353584.608,5.3524,2,2,0,2,0,2023-11-30,BX10,580.0,0.0,0.16963528413910095,0,1,High,0,0,1.0986122886681098,0.1566919772559309,0.5622529795058827,0,1
BX1004,Co-op City,Bronx,11.79,148,8.51,68,9.17,187,353584.608,5.3524,2,2,0,2,0,2023-12-31,BX10,576.0,0.0,0.16963528413910095,0,1,High,0,0,1.0986122886681098,0.1566919772559309,0.5622529795058827,0,1
BX1004,Co-op City,Bronx,11.79,148,8.51,68,9.17,187,353584.608,5.3524,2,2,0,2,0,2024-01-31,BX10,566.0,0.0,0.16963528413910095,0,1,High,0,0,1.0986122886681098,0.1566919772559309,0.5622529795058827,0,1
BX1004,Co-op City,Bronx,11.79,148,8.51,68,9.17,187,353584.608,5.3524,2,2,0,2,0,2024-02-29,BX10,500.0,0.0,0.16963528413910095,0,1,High,0,0,1.0986122886681098,0.1566919772559309,0.5622529795058827,0,1
BX1004,Co-op City,Bronx,11.79,148,8.51,68,9.17,187,353584.608,5.3524,2,2,0,2,0,2024-03-31,BX10,536.0,0.0,0.16963528413910095,0,1,High,0,0,1.0986122886681098,0.1566919772559309,0.5622529795058827,0,1
BX1004,Co-op City,Bronx,11.79,148,8.51,68,9.17,187,353584.608,5.3524,2,2,0,2,0,2024-04-30,BX10,533.0,0.0,0.16963528413910095,0,1,High,0,0,1.0986122886681098,0.1566919772559309,0.5622529795058827,0,1
BX1004,Co-op City,Bronx,11.79,148,8.51,68,9.17,187,353584.608,5.3524,2,2,0,2,0,2024-05-31,BX10,525.0,0.0,0.16963528413910095,0,1,High,0,0,1.0986122886681098,0.1566919772559309,0.5622529795058827,0,1
BX1004,Co-op City,Bronx,11.79,148,8.51,68,9.17,187,353584.608,5.3524,2,2,0,2,0,2024-06-30,BX10,525.0,0.0,0.16963528413910095,0,1,High,0,0,1.0986122886681098,0.1566919772559309,0.5622529795058827,0,1
BX1004,Co-op City,Bronx,11.79,148,8.51,68,9.17,187,353584.608,5.3524,2,2,0,2,0,2024-07-31,BX10,561.0,0.0,0.16963528413910095,0,1,High,0,0,1.0986122886681098,0.1566919772559309,0.5622529795058827,0,1
BX1004,Co-op City,Bronx,11.79,148,8.51,68,9.17,187,353584.608,5.3524,2,2,0,2,0,2024-08-31,BX10,540.0,0.0,0.16963528413910095,0,1,High,0,0,1.0986122886681098,0.1566919772559309,0.5622529795058827,0,1
BX1004,Co-op City,Bronx,11.79,148,8.51,68,9.17,187,353584.608,5.3524,2,2,0,2,0,2024-09-30,BX10,566.0,0.0,0.16963528413910095,0,1,High,0,0,1.0986122886681098,0.1566919772559309,0.5622529795058827,0,1
BX1004,Co-op City,Bronx,11.79,148,8.51,68,9.17,187,353584.608,5.3524,2,2,0,2,0,2024-10-31,BX10,566.0,0.0,0.16963528413910095,0,1,High,0,0,1.0986122886681098,0.1566919772559309,0.5622529795058827,0,1
BX1004,Co-op City,Bronx,11.79,148,8.51,68,9.17,187,353584.608,5.3524,2,2,0,2,0,2024-11-30,BX10,557.0,0.0,0.16963528413910095,0,1,High,0,0,1.0986122886681098,0.1566919772559309,0.5622529795058827,0,1
BX1004,Co-op City,Bronx,11.79,148,8.51,68,9.17,187,353584.608,5.3524,2,2,0,2,0,2024-12-31,BX10,543.0,0.0,0.16963528413910095,0,1,High,0,0,1.0986122886681098,0.1566919772559309,0.5622529795058827,0,1
BK1102,Bath Beach,Brooklyn,16.82,77,5.47,148,20.36,31,626488.4884,5.3498,0,0,0,0,0,2023-01-31,BK11,0.0,0.0,0.0,0,0,Low,0,0,0.0,0.0,0.5618562207199645,1,0
BK1102,Bath Beach,Brooklyn,16.82,77,5.47,148,20.36,31,626488.4884,5.3498,0,0,0,0,0,2023-02-28,BK11,0.0,0.0,0.0,0,0,Low,0,0,0.0,0.0,0.5618562207199645,1,0
BK1102,Bath Beach,Brooklyn,16.82,77,5.47,148,20.36,31,626488.4884,5.3498,0,0,0,0,0,2023-03-31,BK11,0.0,0.0,0.0,0,0,Low,0,0,0.0,0.0,0.5618562207199645,1,0
BK1102,Bath Beach,Brooklyn,16.82,77,5.47,148,20.36,31,626488.4884,5.3498,0,0,0,0,0,2023-04-30,BK11,0.0,0.0,0.0,0,0,Low,0,0,0.0,0.0,0.5618562207199645,1,0
BK1102,Bath Beach,Brooklyn,16.82,77,5.47,148,20.36,31,626488.4884,5.3498,0,0,0,0,0,2023-05-31,BK11,0.0,0.0,0.0,0,0,Low,0,0,0.0,0.0,0.5618562207199645,1,0
BK1102,Bath Beach,Brooklyn,16.82,77,5.47,148,20.36,31,626488.4884,5.3498,0,0,0,0,0,2023-06-30,BK11,0.0,0.0,0.0,0,0,Low,0,0,0.0,0.0,0.5618562207199645,1,0
BK1102,Bath Beach,Brooklyn,16.82,77,5.47,148,20.36,31,626488.4884,5.3498,0,0,0,0,0,2023-07-31,BK11,0.0,0.0,0.0,0,0,Low,0,0,0.0,0.0,0.5618562207199645,1,0
BK1102,Bath Beach,Brooklyn,16.82,77,5.47,148,20.36,31,626488.4884,5.3498,0,0,0,0,0,2023-08-31,BK11,0.0,0.0,0.0,0,0,Low,0,0,0.0,0.0,0.5618562207199645,1,0
BK1102,Bath Beach,Brooklyn,16.82,77,5.47,148,20.36,31,626488.4884,5.3498,0,0,0,0,0,2023-09-30,BK11,0.0,0.0,0.0,0,0,Low,0,0,0.0,0.0,0.5618562207199645,1,0
BK1102,Bath Beach,Brooklyn,16.82,77,5.47,148,20.36,31,626488.4884,5.3498,0,0,0,0,0,2023-10-31,BK11,0.0,0.0,0.0,0,0,Low,0,0,0.0,0.0,0.5618562207199645,1,0
BK1102,Bath Beach,Brooklyn,16.82,77,5.47,148,20.36,31,626488.4884,5.3498,0,0,0,0,0,2023-11-30,BK11,0.0,0.0,0.0,0,0,Low,0,0,0.0,0.0,0.5618562207199645,1,0
BK1102,Bath Beach,Brooklyn,16.82,77,5.47,148,20.36,31,626488.4884,5.3498,0,0,0,0,0,2023-12-31,BK11,0.0,0.0,0.0,0,0,Low,0,0,0.0,0.0,0.5618562207199645,1,0
BK1102,Bath Beach,Brooklyn,16.82,77,5.47,148,20.36,31,626488.4884,5.3498,0,0,0,0,0,2024-01-31,BK11,0.0,0.0,0.0,0,0,Low,0,0,0.0,0.0,0.5618562207199645,1,0
BK1102,Bath Beach,Brooklyn,16.82,77,5.47,148,20.36,31,626488.4884,5.3498,0,0,0,0,0,2024-02-29,BK11,0.0,0.0,0.0,0,0,Low,0,0,0.0,0.0,0.5618562207199645,1,0
BK1102,Bath Beach,Brooklyn,16.82,77,5.47,148,20.36,31,626488.4884,5.3498,0,0,0,0,0,2024-03-31,BK11,0.0,0.0,0.0,0,0,Low,0,0,0.0,0.0,0.5618562207199645,1,0
BK1102,Bath Beach,Brooklyn,16.82,77,5.47,148,20.36,31,626488.4884,5.3498,0,0,0,0,0,2024-04-30,BK11,0.0,0.0,0.0,0,0,Low,0,0,0.0,0.0,0.5618562207199645,1,0
BK1102,Bath Beach,Brooklyn,16.82,77,5.47,148,20.36,31,626488.4884,5.3498,0,0,0,0,0,2024-05-31,BK11,0.0,0.0,0.0,0,0,Low,0,0,0.0,0.0,0.5618562207199645,1,0
BK1102,Bath Beach,Brooklyn,16.82,77,5.47,148,20.36,31,626488.4884,5.3498,0,0,0,0,0,2024-06-30,BK11,0.0,0.0,0.0,0,0,Low,0,0,0.0,0.0,0.5618562207199645,1,0
BK1102,Bath Beach,Brooklyn,16.82,77,5.47,148,20.36,31,626488.4884,5.3498,0,0,0,0,0,2024-07-31,BK11,0.0,0.0,0.0,0,0,Low,0,0,0.0,0.0,0.5618562207199645,1,0
BK1102,Bath Beach,Brooklyn,16.82,77,5.47,148,20.36,31,626488.4884,5.3498,0,0,0,0,0,2024-08-31,BK11,0.0,0.0,0.0,0,0,Low,0,0,0.0,0.0,0.5618562207199645,1,0
BK1102,Bath Beach,Brooklyn,16.82,77,5.47,148,20.36,31,626488.4884,5.3498,0,0,0,0,0,2024-09-30,BK11,0.0,0.0,0.0,0,0,Low,0,0,0.0,0.0,0.5618562207199645,1,0
BK1102,Bath Beach,Brooklyn,16.82,77,5.47,148,20.36,31,626488.4884,5.3498,0,0,0,0,0,2024-10-31,BK11,0.0,0.0,0.0,0,0,Low,0,0,0.0,0.0,0.5618562207199645,1,0
BK1102,Bath Beach,Brooklyn,16.82,77,5.47,148,20.36,31,626488.4884,5.3498,0,0,0,0,0,2024-11-30,BK11,0.0,0.0,0.0,0,0,Low,0,0,0.0,0.0,0.5618562207199645,1,0
BK1102,Bath Beach,Brooklyn,16.82,77,5.47,148,20.36,31,626488.4884,5.3498,0,0,0,0,0,2024-12-31,BK11,0.0,0.0,0.0,0,0,Low,0,0,0.0,0.0,0.5618562207199645,1,0
MN0102,Tribeca-Civic Center,Manhattan,11.87,146,2.98,194,11.19,164,295337.4346,5.3445,0,0,0,0,0,2023-01-31,MN01,0.0,0.0,0.0,0,0,Low,0,0,0.0,0.0,0.5610474431948238,1,0
MN0102,Tribeca-Civic Center,Manhattan,11.87,146,2.98,194,11.19,164,295337.4346,5.3445,0,0,0,0,0,2023-02-28,MN01,0.0,0.0,0.0,0,0,Low,0,0,0.0,0.0,0.5610474431948238,1,0
MN0102,Tribeca-Civic Center,Manhattan,11.87,146,2.98,194,11.19,164,295337.4346,5.3445,0,0,0,0,0,2023-03-31,MN01,0.0,0.0,0.0,0,0,Low,0,0,0.0,0.0,0.5610474431948238,1,0
MN0102,Tribeca-Civic Center,Manhattan,11.87,146,2.98,194,11.19,164,295337.4346,5.3445,0,0,0,0,0,2023-04-30,MN01,0.0,0.0,0.0,0,0,Low,0,0,0.0,0.0,0.5610474431948238,1,0
MN0102,Tribeca-Civic Center,Manhattan,11.87,146,2.98,194,11.19,164,295337.4346,5.3445,0,0,0,0,0,2023-05-31,MN01,0.0,0.0,0.0,0,0,Low,0,0,0.0,0.0,0.5610474431948238,1,0
MN0102,Tribeca-Civic Center,Manhattan,11.87,146,2.98,194,11.19,164,295337.4346,5.3445,0,0,0,0,0,2023-06-30,MN01,0.0,0.0,0.0,0,0,Low,0,0,0.0,0.0,0.5610474431948238,1,0
MN0102,Tribeca-Civic Center,Manhattan,11.87,146,2.98,194,11.19,164,295337.4346,5.3445,0,0,0,0,0,2023-07-31,MN01,0.0,0.0,0.0,0,0,Low,0,0,0.0,0.0,0.5610474431948238,1,0
MN0102,Tribeca-Civic Center,Manhattan,11.87,146,2.98,194,11.19,164,295337.4346,5.3445,0,0,0,0,0,2023-08-31,MN01,0.0,0.0,0.0,0,0,Low,0,0,0.0,0.0,0.5610474431948238,1,0
MN0102,Tribeca-Civic Center,Manhattan,11.87,146,2.98,194,11.19,164,295337.4346,5.3445,0,0,0,0,0,2023-09-30,MN01,0.0,0.0,0.0,0,0,Low,0,0,0.0,0.0,0.5610474431948238,1,0
MN0102,Tribeca-Civic Center,Manhattan,11.87,146,2.98,194,11.19,164,295337.4346,5.3445,0,0,0,0,0,2023-10-31,MN01,0.0,0.0,0.0,0,0,Low,0,0,0.0,0.0,0.5610474431948238,1,0
MN0102,Tribeca-Civic Center,Manhattan,11.87,146,2.98,194,11.19,164,295337.4346,5.3445,0,0,0,0,0,2023-11-30,MN01,0.0,0.0,0.0,0,0,Low,0,0,0.0,0.0,0.5610474431948238,1,0
MN0102,Tribeca-Civic Center,Manhattan,11.87,146,2.98,194,11.19,164,295337.4346,5.3445,0,0,0,0,0,2023-12-31,MN01,0.0,0.0,0.0,0,0,Low,0,0,0.0,0.0,0.5610474431948238,1,0
MN0102,Tribeca-Civic Center,Manhattan,11.87,146,2.98,194,11.19,164,295337.4346,5.3445,0,0,0,0,0,2024-01-31,MN01,0.0,0.0,0.0,0,0,Low,0,0,0.0,0.0,0.5610474431948238,1,0
MN0102,Tribeca-Civic Center,Manhattan,11.87,146,2.98,194,11.19,164,295337.4346,5.3445,0,0,0,0,0,2024-02-29,MN01,0.0,0.0,0.0,0,0,Low,0,0,0.0,0.0,0.5610474431948238,1,0
MN0102,Tribeca-Civic Center,Manhattan,11.87,146,2.98,194,11.19,164,295337.4346,5.3445,0,0,0,0,0,2024-03-31,MN01,0.0,0.0,0.0,0,0,Low,0,0,0.0,0.0,0.5610474431948238,1,0
MN0102,Tribeca-Civic Center,Manhattan,11.87,146,2.98,194,11.19,164,295337.4346,5.3445,0,0,0,0,0,2024-04-30,MN01,0.0,0.0,0.0,0,0,Low,0,0,0.0,0.0,0.5610474431948238,1,0
MN0102,Tribeca-Civic Center,Manhattan,11.87,146,2.98,194,11.19,164,295337.4346,5.3445,0,0,0,0,0,2024-05-31,MN01,0.0,0.0,0.0,0,0,Low,0,0,0.0,0.0,0.5610474431948238,1,0
MN0102,Tribeca-Civic Center,Manhattan,11.87,146,2.98,194,11.19,164,295337.4346,5.3445,0,0,0,0,0,2024-06-30,MN01,0.0,0.0,0.0,0,0,Low,0,0,0.0,0.0,0.5610474431948238,1,0
MN0102,Tribeca-Civic Center,Manhattan,11.87,146,2.98,194,11.19,164,295337.4346,5.3445,0,0,0,0,0,2024-07-31,MN01,0.0,0.0,0.0,0,0,Low,0,0,0.0,0.0,0.5610474431948238,1,0
MN0102,Tribeca-Civic Center,Manhattan,11.87,146,2.98,194,11.19,164,295337.4346,5.3445,0,0,0,0,0,2024-08-31,MN01,0.0,0.0,0.0,0,0,Low,0,0,0.0,0.0,0.5610474431948238,1,0
MN0102,Tribeca-Civic Center,Manhattan,11.87,146,2.98,194,11.19,164,295337.4346,5.3445,0,0,0,0,0,2024-09-30,MN01,0.0,0.0,0.0,0,0,Low,0,0,0.0,0.0,0.5610474431948238,1,0
MN0102,Tribeca-Civic Center,Manhattan,11.87,146,2.98,194,11.19,164,295337.4346,5.3445,0,0,0,0,0,2024-10-31,MN01,0.0,0.0,0.0,0,0,Low,0,0,0.0,0.0,0.5610474431948238,1,0
MN0102,Tribeca-Civic Center,Manhattan,11.87,146,2.98,194,11.19,164,295337.4346,5.3445,0,0,0,0,0,2024-11-30,MN01,0.0,0.0,0.0,0,0,Low,0,0,0.0,0.0,0.5610474431948238,1,0
MN0102,Tribeca-Civic Center,Manhattan,11.87,146,2.98,194,11.19,164,295337.4346,5.3445,0,0,0,0,0,2024-12-31,MN01,0.0,0.0,0.0,0,0,Low,0,0,0.0,0.0,0.5610474431948238,1,0
BX0201,Hunts Point,Bronx,26.58,20,14.08,10,16.45,68,-883051.0028,5.3225,2,2,0,1,1,2023-01-31,BX02,854.0,1.0,0.07524454477050414,0,0,Low,0,1,1.0986122886681098,0.07254811921662208,0.5576902534678243,1,0
BX0201,Hunts Point,Bronx,26.58,20,14.08,10,16.45,68,-883051.0028,5.3225,2,2,0,1,1,2023-02-28,BX02,870.0,1.0,0.07524454477050414,0,0,Low,0,1,1.0986122886681098,0.07254811921662208,0.5576902534678243,1,0
BX0201,Hunts Point,Bronx,26.58,20,14.08,10,16.45,68,-883051.0028,5.3225,2,2,0,1,1,2023-03-31,BX02,862.0,1.0,0.07524454477050414,0,0,Low,0,1,1.0986122886681098,0.07254811921662208,0.5576902534678243,1,0
BX0201,Hunts Point,Bronx,26.58,20,14.08,10,16.45,68,-883051.0028,5.3225,2,2,0,1,1,2023-04-30,BX02,899.0,1.0,0.07524454477050414,0,0,Low,0,1,1.0986122886681098,0.07254811921662208,0.5576902534678243,1,0
BX0201,Hunts Point,Bronx,26.58,20,14.08,10,16.45,68,-883051.0028,5.3225,2,2,0,1,1,2023-05-31,BX02,930.0,1.0,0.07524454477050414,0,0,Low,0,1,1.0986122886681098,0.07254811921662208,0.5576902534678243,1,0
BX0201,Hunts Point,Bronx,26.58,20,14.08,10,16.45,68,-883051.0028,5.3225,2,2,0,1,1,2023-06-30,BX02,899.0,1.0,0.07524454477050414,0,0,Low,0,1,1.0986122886681098,0.07254811921662208,0.5576902534678243,1,0
BX0201,Hunts Point,Bronx,26.58,20,14.08,10,16.45,68,-883051.0028,5.3225,2,2,0,1,1,2023-07-31,BX02,886.0,1.0,0.07524454477050414,0,0,Low,0,1,1.0986122886681098,0.07254811921662208,0.5576902534678243,1,0
BX0201,Hunts Point,Bronx,26.58,20,14.08,10,16.45,68,-883051.0028,5.3225,2,2,0,1,1,2023-08-31,BX02,878.0,1.0,0.07524454477050414,0,0,Low,0,1,1.0986122886681098,0.07254811921662208,0.5576902534678243,1,0
BX0201,Hunts Point,Bronx,26.58,20,14.08,10,16.45,68,-883051.0028,5.3225,2,2,0,1,1,2023-09-30,BX02,885.0,1.0,0.07524454477050414,0,0,Low,0,1,1.0986122886681098,0.07254811921662208,0.5576902534678243,1,0
BX0201,Hunts Point,Bronx,26.58,20,14.08,10,16.45,68,-883051.0028,5.3225,2,2,0,1,1,2023-10-31,BX02,882.0,1.0,0.07524454477050414,0,0,Low,0,1,1.0986122886681098,0.07254811921662208,0.5576902534678243,1,0
BX0201,Hunts Point,Bronx,26.58,20,14.08,10,16.45,68,-883051.0028,5.3225,2,2,0,1,1,2023-11-30,BX02,869.0,1.0,0.07524454477050414,0,0,Low,0,1,1.0986122886681098,0.07254811921662208,0.5576902534678243,1,0
BX0201,Hunts Point,Bronx,26.58,20,14.08,10,16.45,68,-883051.0028,5.3225,2,2,0,1,1,2023-12-31,BX02,854.0,1.0,0.07524454477050414,0,0,Low,0,1,1.0986122886681098,0.07254811921662208,0.5576902534678243,1,0
BX0201,Hunts Point,Bronx,26.58,20,14.08,10,16.45,68,-883051.0028,5.3225,2,2,0,1,1,2024-01-31,BX02,848.0,1.0,0.07524454477050414,0,0,Low,0,1,1.0986122886681098,0.07254811921662208,0.5576902534678243,1,0
BX0201,Hunts Point,Bronx,26.58,20,14.08,10,16.45,68,-883051.0028,5.3225,2,2,0,1,1,2024-02-29,BX02,835.0,1.0,0.07524454477050414,0,0,Low,0,1,1.0986122886681098,0.07254811921662208,0.5576902534678243,1,0
BX0201,Hunts Point,Bronx,26.58,20,14.08,10,16.45,68,-883051.0028,5.3225,2,2,0,1,1,2024-03-31,BX02,834.0,1.0,0.07524454477050414,0,0,Low,0,1,1.0986122886681098,0.07254811921662208,0.5576902534678243,1,0
BX0201,Hunts Point,Bronx,26.58,20,14.08,10,16.45,68,-883051.0028,5.3225,2,2,0,1,1,2024-04-30,BX02,795.0,1.0,0.07524454477050414,0,0,Low,0,1,1.0986122886681098,0.07254811921662208,0.5576902534678243,1,0
BX0201,Hunts Point,Bronx,26.58,20,14.08,10,16.45,68,-883051.0028,5.3225,2,2,0,1,1,2024-05-31,BX02,789.0,1.0,0.07524454477050414,0,0,Low,0,1,1.0986122886681098,0.07254811921662208,0.5576902534678243,1,0
BX0201,Hunts Point,Bronx,26.58,20,14.08,10,16.45,68,-883051.0028,5.3225,2,2,0,1,1,2024-06-30,BX02,751.0,0.0,0.07524454477050414,0,0,Low,0,1,1.0986122886681098,0.07254811921662208,0.5576902534678243,1,0
BX0201,Hunts Point,Bronx,26.58,20,14.08,10,16.45,68,-883051.0028,5.3225,2,2,0,1,1,2024-07-31,BX02,752.0,0.0,0.07524454477050414,0,0,Low,0,1,1.0986122886681098,0.07254811921662208,0.5576902534678243,1,0
BX0201,Hunts Point,Bronx,26.58,20,14.08,10,16.45,68,-883051.0028,5.3225,2,2,0,1,1,2024-08-31,BX02,760.0,0.0,0.07524454477050414,0,0,Low,0,1,1.0986122886681098,0.07254811921662208,0.5576902534678243,1,0
BX0201,Hunts Point,Bronx,26.58,20,14.08,10,16.45,68,-883051.0028,5.3225,2,2,0,1,1,2024-09-30,BX02,802.0,1.0,0.07524454477050414,0,0,Low,0,1,1.0986122886681098,0.07254811921662208,0.5576902534678243,1,0
BX0201,Hunts Point,Bronx,26.58,20,14.08,10,16.45,68,-883051.0028,5.3225,2,2,0,1,1,2024-10-31,BX02,780.0,0.0,0.07524454477050414,0,0,Low,0,1,1.0986122886681098,0.07254811921662208,0.5576902534678243,1,0
BX0201,Hunts Point,Bronx,26.58,20,14.08,10,16.45,68,-883051.0028,5.3225,2,2,0,1,1,2024-11-30,BX02,790.0,1.0,0.07524454477050414,0,0,Low,0,1,1.0986122886681098,0.07254811921662208,0.5576902534678243,1,0
BX0201,Hunts Point,Bronx,26.58,20,14.08,10,16.45,68,-883051.0028,5.3225,2,2,0,1,1,2024-12-31,BX02,743.0,0.0,0.07524454477050414,0,0,Low,0,1,1.0986122886681098,0.07254811921662208,0.5576902534678243,1,0
MN0303,East Village,Manhattan,15.86,90,5.34,156,11.74,159,188107.9845,5.3079,7,5,3,6,1,2023-01-31,MN03,318.0,0.0,0.44136191677175285,0,1,High,1,1,2.0794415416798357,0.36558844215996267,0.5554623002853611,0,1
MN0303,East Village,Manhattan,15.86,90,5.34,156,11.74,159,188107.9845,5.3079,7,5,3,6,1,2023-02-28,MN03,185.0,0.0,0.44136191677175285,0,1,High,1,1,2.0794415416798357,0.36558844215996267,0.5554623002853611,0,1
MN0303,East Village,Manhattan,15.86,90,5.34,156,11.74,159,188107.9845,5.3079,7,5,3,6,1,2023-03-31,MN03,201.0,0.0,0.44136191677175285,0,1,High,1,1,2.0794415416798357,0.36558844215996267,0.5554623002853611,0,1
MN0303,East Village,Manhattan,15.86,90,5.34,156,11.74,159,188107.9845,5.3079,7,5,3,6,1,2023-04-30,MN03,271.0,0.0,0.44136191677175285,0,1,High,1,1,2.0794415416798357,0.36558844215996267,0.5554623002853611,0,1
MN0303,East Village,Manhattan,15.86,90,5.34,156,11.74,159,188107.9845,5.3079,7,5,3,6,1,2023-05-31,MN03,266.0,0.0,0.44136191677175285,0,1,High,1,1,2.0794415416798357,0.36558844215996267,0.5554623002853611,0,1
MN0303,East Village,Manhattan,15.86,90,5.34,156,11.74,159,188107.9845,5.3079,7,5,3,6,1,2023-06-30,MN03,234.0,0.0,0.44136191677175285,0,1,High,1,1,2.0794415416798357,0.36558844215996267,0.5554623002853611,0,1
MN0303,East Village,Manhattan,15.86,90,5.34,156,11.74,159,188107.9845,5.3079,7,5,3,6,1,2023-07-31,MN03,206.0,0.0,0.44136191677175285,0,1,High,1,1,2.0794415416798357,0.36558844215996267,0.5554623002853611,0,1
MN0303,East Village,Manhattan,15.86,90,5.34,156,11.74,159,188107.9845,5.3079,7,5,3,6,1,2023-08-31,MN03,305.0,0.0,0.44136191677175285,0,1,High,1,1,2.0794415416798357,0.36558844215996267,0.5554623002853611,0,1
MN0303,East Village,Manhattan,15.86,90,5.34,156,11.74,159,188107.9845,5.3079,7,5,3,6,1,2023-09-30,MN03,256.0,0.0,0.44136191677175285,0,1,High,1,1,2.0794415416798357,0.36558844215996267,0.5554623002853611,0,1
MN0303,East Village,Manhattan,15.86,90,5.34,156,11.74,159,188107.9845,5.3079,7,5,3,6,1,2023-10-31,MN03,218.0,0.0,0.44136191677175285,0,1,High,1,1,2.0794415416798357,0.36558844215996267,0.5554623002853611,0,1
MN0303,East Village,Manhattan,15.86,90,5.34,156,11.74,159,188107.9845,5.3079,7,5,3,6,1,2023-11-30,MN03,220.0,0.0,0.44136191677175285,0,1,High,1,1,2.0794415416798357,0.36558844215996267,0.5554623002853611,0,1
MN0303,East Village,Manhattan,15.86,90,5.34,156,11.74,159,188107.9845,5.3079,7,5,3,6,1,2023-12-31,MN03,205.0,0.0,0.44136191677175285,0,1,High,1,1,2.0794415416798357,0.36558844215996267,0.5554623002853611,0,1
MN0303,East Village,Manhattan,15.86,90,5.34,156,11.74,159,188107.9845,5.3079,7,5,3,6,1,2024-01-31,MN03,110.0,0.0,0.44136191677175285,0,1,High,1,1,2.0794415416798357,0.36558844215996267,0.5554623002853611,0,1
MN0303,East Village,Manhattan,15.86,90,5.34,156,11.74,159,188107.9845,5.3079,7,5,3,6,1,2024-02-29,MN03,110.0,0.0,0.44136191677175285,0,1,High,1,1,2.0794415416798357,0.36558844215996267,0.5554623002853611,0,1
MN0303,East Village,Manhattan,15.86,90,5.34,156,11.74,159,188107.9845,5.3079,7,5,3,6,1,2024-03-31,MN03,105.0,0.0,0.44136191677175285,0,1,High,1,1,2.0794415416798357,0.36558844215996267,0.5554623002853611,0,1
MN0303,East Village,Manhattan,15.86,90,5.34,156,11.74,159,188107.9845,5.3079,7,5,3,6,1,2024-04-30,MN03,99.0,0.0,0.44136191677175285,0,1,High,1,1,2.0794415416798357,0.36558844215996267,0.5554623002853611,0,1
MN0303,East Village,Manhattan,15.86,90,5.34,156,11.74,159,188107.9845,5.3079,7,5,3,6,1,2024-05-31,MN03,106.0,0.0,0.44136191677175285,0,1,High,1,1,2.0794415416798357,0.36558844215996267,0.5554623002853611,0,1
MN0303,East Village,Manhattan,15.86,90,5.34,156,11.74,159,188107.9845,5.3079,7,5,3,6,1,2024-06-30,MN03,101.0,0.0,0.44136191677175285,0,1,High,1,1,2.0794415416798357,0.36558844215996267,0.5554623002853611,0,1
MN0303,East Village,Manhattan,15.86,90,5.34,156,11.74,159,188107.9845,5.3079,7,5,3,6,1,2024-07-31,MN03,110.0,0.0,0.44136191677175285,0,1,High,1,1,2.0794415416798357,0.36558844215996267,0.5554623002853611,0,1
MN0303,East Village,Manhattan,15.86,90,5.34,156,11.74,159,188107.9845,5.3079,7,5,3,6,1,2024-08-31,MN03,111.0,0.0,0.44136191677175285,0,1,High,1,1,2.0794415416798357,0.36558844215996267,0.5554623002853611,0,1
MN0303,East Village,Manhattan,15.86,90,5.34,156,11.74,159,188107.9845,5.3079,7,5,3,6,1,2024-09-30,MN03,107.0,0.0,0.44136191677175285,0,1,High,1,1,2.0794415416798357,0.36558844215996267,0.5554623002853611,0,1
MN0303,East Village,Manhattan,15.86,90,5.34,156,11.74,159,188107.9845,5.3079,7,5,3,6,1,2024-10-31,MN03,99.0,0.0,0.44136191677175285,0,1,High,1,1,2.0794415416798357,0.36558844215996267,0.5554623002853611,0,1
MN0303,East Village,Manhattan,15.86,90,5.34,156,11.74,159,188107.9845,5.3079,7,5,3,6,1,2024-11-30,MN03,107.0,0.0,0.44136191677175285,0,1,High,1,1,2.0794415416798357,0.36558844215996267,0.5554623002853611,0,1
MN0303,East Village,Manhattan,15.86,90,5.34,156,11.74,159,188107.9845,5.3079,7,5,3,6,1,2024-12-31,MN03,92.0,0.0,0.44136191677175285,0,1,High,1,1,2.0794415416798357,0.36558844215996267,0.5554623002853611,0,1
QN1002,Ozone Park,Queens,27.15,16,6.47,121,14.31,104,552004.1179,5.2864,1,1,0,1,0,2023-01-31,QN10,0.0,0.0,0.03683241252302026,0,0,Low,0,0,0.6931471805599453,0.036170308205754946,0.5521814103248844,1,0
QN1002,Ozone Park,Queens,27.15,16,6.47,121,14.31,104,552004.1179,5.2864,1,1,0,1,0,2023-02-28,QN10,0.0,0.0,0.03683241252302026,0,0,Low,0,0,0.6931471805599453,0.036170308205754946,0.5521814103248844,1,0
QN1002,Ozone Park,Queens,27.15,16,6.47,121,14.31,104,552004.1179,5.2864,1,1,0,1,0,2023-03-31,QN10,0.0,0.0,0.03683241252302026,0,0,Low,0,0,0.6931471805599453,0.036170308205754946,0.5521814103248844,1,0
QN1002,Ozone Park,Queens,27.15,16,6.47,121,14.31,104,552004.1179,5.2864,1,1,0,1,0,2023-04-30,QN10,0.0,0.0,0.03683241252302026,0,0,Low,0,0,0.6931471805599453,0.036170308205754946,0.5521814103248844,1,0
QN1002,Ozone Park,Queens,27.15,16,6.47,121,14.31,104,552004.1179,5.2864,1,1,0,1,0,2023-05-31,QN10,0.0,0.0,0.03683241252302026,0,0,Low,0,0,0.6931471805599453,0.036170308205754946,0.5521814103248844,1,0
QN1002,Ozone Park,Queens,27.15,16,6.47,121,14.31,104,552004.1179,5.2864,1,1,0,1,0,2023-06-30,QN10,0.0,0.0,0.03683241252302026,0,0,Low,0,0,0.6931471805599453,0.036170308205754946,0.5521814103248844,1,0
QN1002,Ozone Park,Queens,27.15,16,6.47,121,14.31,104,552004.1179,5.2864,1,1,0,1,0,2023-07-31,QN10,0.0,0.0,0.03683241252302026,0,0,Low,0,0,0.6931471805599453,0.036170308205754946,0.5521814103248844,1,0
QN1002,Ozone Park,Queens,27.15,16,6.47,121,14.31,104,552004.1179,5.2864,1,1,0,1,0,2023-08-31,QN10,0.0,0.0,0.03683241252302026,0,0,Low,0,0,0.6931471805599453,0.036170308205754946,0.5521814103248844,1,0
QN1002,Ozone Park,Queens,27.15,16,6.47,121,14.31,104,552004.1179,5.2864,1,1,0,1,0,2023-09-30,QN10,0.0,0.0,0.03683241252302026,0,0,Low,0,0,0.6931471805599453,0.036170308205754946,0.5521814103248844,1,0
QN1002,Ozone Park,Queens,27.15,16,6.47,121,14.31,104,552004.1179,5.2864,1,1,0,1,0,2023-10-31,QN10,0.0,0.0,0.03683241252302026,0,0,Low,0,0,0.6931471805599453,0.036170308205754946,0.5521814103248844,1,0
QN1002,Ozone Park,Queens,27.15,16,6.47,121,14.31,104,552004.1179,5.2864,1,1,0,1,0,2023-11-30,QN10,0.0,0.0,0.03683241252302026,0,0,Low,0,0,0.6931471805599453,0.036170308205754946,0.5521814103248844,1,0
QN1002,Ozone Park,Queens,27.15,16,6.47,121,14.31,104,552004.1179,5.2864,1,1,0,1,0,2023-12-31,QN10,0.0,0.0,0.03683241252302026,0,0,Low,0,0,0.6931471805599453,0.036170308205754946,0.5521814103248844,1,0
QN1002,Ozone Park,Queens,27.15,16,6.47,121,14.31,104,552004.1179,5.2864,1,1,0,1,0,2024-01-31,QN10,0.0,0.0,0.03683241252302026,0,0,Low,0,0,0.6931471805599453,0.036170308205754946,0.5521814103248844,1,0
QN1002,Ozone Park,Queens,27.15,16,6.47,121,14.31,104,552004.1179,5.2864,1,1,0,1,0,2024-02-29,QN10,0.0,0.0,0.03683241252302026,0,0,Low,0,0,0.6931471805599453,0.036170308205754946,0.5521814103248844,1,0
QN1002,Ozone Park,Queens,27.15,16,6.47,121,14.31,104,552004.1179,5.2864,1,1,0,1,0,2024-03-31,QN10,0.0,0.0,0.03683241252302026,0,0,Low,0,0,0.6931471805599453,0.036170308205754946,0.5521814103248844,1,0
QN1002,Ozone Park,Queens,27.15,16,6.47,121,14.31,104,552004.1179,5.2864,1,1,0,1,0,2024-04-30,QN10,0.0,0.0,0.03683241252302026,0,0,Low,0,0,0.6931471805599453,0.036170308205754946,0.5521814103248844,1,0
QN1002,Ozone Park,Queens,27.15,16,6.47,121,14.31,104,552004.1179,5.2864,1,1,0,1,0,2024-05-31,QN10,0.0,0.0,0.03683241252302026,0,0,Low,0,0,0.6931471805599453,0.036170308205754946,0.5521814103248844,1,0
QN1002,Ozone Park,Queens,27.15,16,6.47,121,14.31,104,552004.1179,5.2864,1,1,0,1,0,2024-06-30,QN10,0.0,0.0,0.03683241252302026,0,0,Low,0,0,0.6931471805599453,0.036170308205754946,0.5521814103248844,1,0
QN1002,Ozone Park,Queens,27.15,16,6.47,121,14.31,104,552004.1179,5.2864,1,1,0,1,0,2024-07-31,QN10,0.0,0.0,0.03683241252302026,0,0,Low,0,0,0.6931471805599453,0.036170308205754946,0.5521814103248844,1,0
QN1002,Ozone Park,Queens,27.15,16,6.47,121,14.31,104,552004.1179,5.2864,1,1,0,1,0,2024-08-31,QN10,0.0,0.0,0.03683241252302026,0,0,Low,0,0,0.6931471805599453,0.036170308205754946,0.5521814103248844,1,0
QN1002,Ozone Park,Queens,27.15,16,6.47,121,14.31,104,552004.1179,5.2864,1,1,0,1,0,2024-09-30,QN10,0.0,0.0,0.03683241252302026,0,0,Low,0,0,0.6931471805599453,0.036170308205754946,0.5521814103248844,1,0
QN1002,Ozone Park,Queens,27.15,16,6.47,121,14.31,104,552004.1179,5.2864,1,1,0,1,0,2024-10-31,QN10,0.0,0.0,0.03683241252302026,0,0,Low,0,0,0.6931471805599453,0.036170308205754946,0.5521814103248844,1,0
QN1002,Ozone Park,Queens,27.15,16,6.47,121,14.31,104,552004.1179,5.2864,1,1,0,1,0,2024-11-30,QN10,0.0,0.0,0.03683241252302026,0,0,Low,0,0,0.6931471805599453,0.036170308205754946,0.5521814103248844,1,0
QN1002,Ozone Park,Queens,27.15,16,6.47,121,14.31,104,552004.1179,5.2864,1,1,0,1,0,2024-12-31,QN10,0.0,0.0,0.03683241252302026,0,0,Low,0,0,0.6931471805599453,0.036170308205754946,0.5521814103248844,1,0
QN0601,Rego Park,Queens,17.24,73,5.48,147,20.39,30,607574.3122,5.2516,0,0,0,0,0,2023-01-31,QN06,0.0,0.0,0.0,0,0,Low,0,0,0.0,0.0,0.5468709465749034,1,0
QN0601,Rego Park,Queens,17.24,73,5.48,147,20.39,30,607574.3122,5.2516,0,0,0,0,0,2023-02-28,QN06,0.0,0.0,0.0,0,0,Low,0,0,0.0,0.0,0.5468709465749034,1,0
QN0601,Rego Park,Queens,17.24,73,5.48,147,20.39,30,607574.3122,5.2516,0,0,0,0,0,2023-03-31,QN06,0.0,0.0,0.0,0,0,Low,0,0,0.0,0.0,0.5468709465749034,1,0
QN0601,Rego Park,Queens,17.24,73,5.48,147,20.39,30,607574.3122,5.2516,0,0,0,0,0,2023-04-30,QN06,0.0,0.0,0.0,0,0,Low,0,0,0.0,0.0,0.5468709465749034,1,0
QN0601,Rego Park,Queens,17.24,73,5.48,147,20.39,30,607574.3122,5.2516,0,0,0,0,0,2023-05-31,QN06,0.0,0.0,0.0,0,0,Low,0,0,0.0,0.0,0.5468709465749034,1,0
QN0601,Rego Park,Queens,17.24,73,5.48,147,20.39,30,607574.3122,5.2516,0,0,0,0,0,2023-06-30,QN06,0.0,0.0,0.0,0,0,Low,0,0,0.0,0.0,0.5468709465749034,1,0
QN0601,Rego Park,Queens,17.24,73,5.48,147,20.39,30,607574.3122,5.2516,0,0,0,0,0,2023-07-31,QN06,0.0,0.0,0.0,0,0,Low,0,0,0.0,0.0,0.5468709465749034,1,0
QN0601,Rego Park,Queens,17.24,73,5.48,147,20.39,30,607574.3122,5.2516,0,0,0,0,0,2023-08-31,QN06,0.0,0.0,0.0,0,0,Low,0,0,0.0,0.0,0.5468709465749034,1,0
QN0601,Rego Park,Queens,17.24,73,5.48,147,20.39,30,607574.3122,5.2516,0,0,0,0,0,2023-09-30,QN06,0.0,0.0,0.0,0,0,Low,0,0,0.0,0.0,0.5468709465749034,1,0
QN0601,Rego Park,Queens,17.24,73,5.48,147,20.39,30,607574.3122,5.2516,0,0,0,0,0,2023-10-31,QN06,0.0,0.0,0.0,0,0,Low,0,0,0.0,0.0,0.5468709465749034,1,0
QN0601,Rego Park,Queens,17.24,73,5.48,147,20.39,30,607574.3122,5.2516,0,0,0,0,0,2023-11-30,QN06,0.0,0.0,0.0,0,0,Low,0,0,0.0,0.0,0.5468709465749034,1,0
QN0601,Rego Park,Queens,17.24,73,5.48,147,20.39,30,607574.3122,5.2516,0,0,0,0,0,2023-12-31,QN06,0.0,0.0,0.0,0,0,Low,0,0,0.0,0.0,0.5468709465749034,1,0
QN0601,Rego Park,Queens,17.24,73,5.48,147,20.39,30,607574.3122,5.2516,0,0,0,0,0,2024-01-31,QN06,0.0,0.0,0.0,0,0,Low,0,0,0.0,0.0,0.5468709465749034,1,0
QN0601,Rego Park,Queens,17.24,73,5.48,147,20.39,30,607574.3122,5.2516,0,0,0,0,0,2024-02-29,QN06,0.0,0.0,0.0,0,0,Low,0,0,0.0,0.0,0.5468709465749034,1,0
QN0601,Rego Park,Queens,17.24,73,5.48,147,20.39,30,607574.3122,5.2516,0,0,0,0,0,2024-03-31,QN06,0.0,0.0,0.0,0,0,Low,0,0,0.0,0.0,0.5468709465749034,1,0
QN0601,Rego Park,Queens,17.24,73,5.48,147,20.39,30,607574.3122,5.2516,0,0,0,0,0,2024-04-30,QN06,0.0,0.0,0.0,0,0,Low,0,0,0.0,0.0,0.5468709465749034,1,0
QN0601,Rego Park,Queens,17.24,73,5.48,147,20.39,30,607574.3122,5.2516,0,0,0,0,0,2024-05-31,QN06,0.0,0.0,0.0,0,0,Low,0,0,0.0,0.0,0.5468709465749034,1,0
QN0601,Rego Park,Queens,17.24,73,5.48,147,20.39,30,607574.3122,5.2516,0,0,0,0,0,2024-06-30,QN06,0.0,0.0,0.0,0,0,Low,0,0,0.0,0.0,0.5468709465749034,1,0
QN0601,Rego Park,Queens,17.24,73,5.48,147,20.39,30,607574.3122,5.2516,0,0,0,0,0,2024-07-31,QN06,0.0,0.0,0.0,0,0,Low,0,0,0.0,0.0,0.5468709465749034,1,0
QN0601,Rego Park,Queens,17.24,73,5.48,147,20.39,30,607574.3122,5.2516,0,0,0,0,0,2024-08-31,QN06,0.0,0.0,0.0,0,0,Low,0,0,0.0,0.0,0.5468709465749034,1,0
QN0601,Rego Park,Queens,17.24,73,5.48,147,20.39,30,607574.3122,5.2516,0,0,0,0,0,2024-09-30,QN06,0.0,0.0,0.0,0,0,Low,0,0,0.0,0.0,0.5468709465749034,1,0
QN0601,Rego Park,Queens,17.24,73,5.48,147,20.39,30,607574.3122,5.2516,0,0,0,0,0,2024-10-31,QN06,0.0,0.0,0.0,0,0,Low,0,0,0.0,0.0,0.5468709465749034,1,0
QN0601,Rego Park,Queens,17.24,73,5.48,147,20.39,30,607574.3122,5.2516,0,0,0,0,0,2024-11-30,QN06,86.0,0.0,0.0,0,0,Low,0,0,0.0,0.0,0.5468709465749034,1,0
QN0601,Rego Park,Queens,17.24,73,5.48,147,20.39,30,607574.3122,5.2516,0,0,0,0,0,2024-12-31,QN06,145.0,0.0,0.0,0,0,Low,0,0,0.0,0.0,0.5468709465749034,1,0
MN0202,Greenwich Village,Manhattan,11.98,145,5.65,140,11.16,165,354246.2357,5.2454,1,1,0,0,1,2023-01-31,MN02,0.0,0.0,0.08347245409015025,0,0,Low,0,1,0.6931471805599453,0.08017111858864065,0.5459248294700217,1,0
MN0202,Greenwich Village,Manhattan,11.98,145,5.65,140,11.16,165,354246.2357,5.2454,1,1,0,0,1,2023-02-28,MN02,0.0,0.0,0.08347245409015025,0,0,Low,0,1,0.6931471805599453,0.08017111858864065,0.5459248294700217,1,0
MN0202,Greenwich Village,Manhattan,11.98,145,5.65,140,11.16,165,354246.2357,5.2454,1,1,0,0,1,2023-03-31,MN02,0.0,0.0,0.08347245409015025,0,0,Low,0,1,0.6931471805599453,0.08017111858864065,0.5459248294700217,1,0
MN0202,Greenwich Village,Manhattan,11.98,145,5.65,140,11.16,165,354246.2357,5.2454,1,1,0,0,1,2023-04-30,MN02,0.0,0.0,0.08347245409015025,0,0,Low,0,1,0.6931471805599453,0.08017111858864065,0.5459248294700217,1,0
MN0202,Greenwich Village,Manhattan,11.98,145,5.65,140,11.16,165,354246.2357,5.2454,1,1,0,0,1,2023-05-31,MN02,0.0,0.0,0.08347245409015025,0,0,Low,0,1,0.6931471805599453,0.08017111858864065,0.5459248294700217,1,0
MN0202,Greenwich Village,Manhattan,11.98,145,5.65,140,11.16,165,354246.2357,5.2454,1,1,0,0,1,2023-06-30,MN02,0.0,0.0,0.08347245409015025,0,0,Low,0,1,0.6931471805599453,0.08017111858864065,0.5459248294700217,1,0
MN0202,Greenwich Village,Manhattan,11.98,145,5.65,140,11.16,165,354246.2357,5.2454,1,1,0,0,1,2023-07-31,MN02,0.0,0.0,0.08347245409015025,0,0,Low,0,1,0.6931471805599453,0.08017111858864065,0.5459248294700217,1,0
MN0202,Greenwich Village,Manhattan,11.98,145,5.65,140,11.16,165,354246.2357,5.2454,1,1,0,0,1,2023-08-31,MN02,0.0,0.0,0.08347245409015025,0,0,Low,0,1,0.6931471805599453,0.08017111858864065,0.5459248294700217,1,0
MN0202,Greenwich Village,Manhattan,11.98,145,5.65,140,11.16,165,354246.2357,5.2454,1,1,0,0,1,2023-09-30,MN02,0.0,0.0,0.08347245409015025,0,0,Low,0,1,0.6931471805599453,0.08017111858864065,0.5459248294700217,1,0
MN0202,Greenwich Village,Manhattan,11.98,145,5.65,140,11.16,165,354246.2357,5.2454,1,1,0,0,1,2023-10-31,MN02,0.0,0.0,0.08347245409015025,0,0,Low,0,1,0.6931471805599453,0.08017111858864065,0.5459248294700217,1,0
MN0202,Greenwich Village,Manhattan,11.98,145,5.65,140,11.16,165,354246.2357,5.2454,1,1,0,0,1,2023-11-30,MN02,0.0,0.0,0.08347245409015025,0,0,Low,0,1,0.6931471805599453,0.08017111858864065,0.5459248294700217,1,0
MN0202,Greenwich Village,Manhattan,11.98,145,5.65,140,11.16,165,354246.2357,5.2454,1,1,0,0,1,2023-12-31,MN02,0.0,0.0,0.08347245409015025,0,0,Low,0,1,0.6931471805599453,0.08017111858864065,0.5459248294700217,1,0
MN0202,Greenwich Village,Manhattan,11.98,145,5.65,140,11.16,165,354246.2357,5.2454,1,1,0,0,1,2024-01-31,MN02,0.0,0.0,0.08347245409015025,0,0,Low,0,1,0.6931471805599453,0.08017111858864065,0.5459248294700217,1,0
MN0202,Greenwich Village,Manhattan,11.98,145,5.65,140,11.16,165,354246.2357,5.2454,1,1,0,0,1,2024-02-29,MN02,0.0,0.0,0.08347245409015025,0,0,Low,0,1,0.6931471805599453,0.08017111858864065,0.5459248294700217,1,0
MN0202,Greenwich Village,Manhattan,11.98,145,5.65,140,11.16,165,354246.2357,5.2454,1,1,0,0,1,2024-03-31,MN02,0.0,0.0,0.08347245409015025,0,0,Low,0,1,0.6931471805599453,0.08017111858864065,0.5459248294700217,1,0
MN0202,Greenwich Village,Manhattan,11.98,145,5.65,140,11.16,165,354246.2357,5.2454,1,1,0,0,1,2024-04-30,MN02,0.0,0.0,0.08347245409015025,0,0,Low,0,1,0.6931471805599453,0.08017111858864065,0.5459248294700217,1,0
MN0202,Greenwich Village,Manhattan,11.98,145,5.65,140,11.16,165,354246.2357,5.2454,1,1,0,0,1,2024-05-31,MN02,0.0,0.0,0.08347245409015025,0,0,Low,0,1,0.6931471805599453,0.08017111858864065,0.5459248294700217,1,0
MN0202,Greenwich Village,Manhattan,11.98,145,5.65,140,11.16,165,354246.2357,5.2454,1,1,0,0,1,2024-06-30,MN02,0.0,0.0,0.08347245409015025,0,0,Low,0,1,0.6931471805599453,0.08017111858864065,0.5459248294700217,1,0
MN0202,Greenwich Village,Manhattan,11.98,145,5.65,140,11.16,165,354246.2357,5.2454,1,1,0,0,1,2024-07-31,MN02,0.0,0.0,0.08347245409015025,0,0,Low,0,1,0.6931471805599453,0.08017111858864065,0.5459248294700217,1,0
MN0202,Greenwich Village,Manhattan,11.98,145,5.65,140,11.16,165,354246.2357,5.2454,1,1,0,0,1,2024-08-31,MN02,0.0,0.0,0.08347245409015025,0,0,Low,0,1,0.6931471805599453,0.08017111858864065,0.5459248294700217,1,0
MN0202,Greenwich Village,Manhattan,11.98,145,5.65,140,11.16,165,354246.2357,5.2454,1,1,0,0,1,2024-09-30,MN02,0.0,0.0,0.08347245409015025,0,0,Low,0,1,0.6931471805599453,0.08017111858864065,0.5459248294700217,1,0
MN0202,Greenwich Village,Manhattan,11.98,145,5.65,140,11.16,165,354246.2357,5.2454,1,1,0,0,1,2024-10-31,MN02,0.0,0.0,0.08347245409015025,0,0,Low,0,1,0.6931471805599453,0.08017111858864065,0.5459248294700217,1,0
MN0202,Greenwich Village,Manhattan,11.98,145,5.65,140,11.16,165,354246.2357,5.2454,1,1,0,0,1,2024-11-30,MN02,0.0,0.0,0.08347245409015025,0,0,Low,0,1,0.6931471805599453,0.08017111858864065,0.5459248294700217,1,0
MN0202,Greenwich Village,Manhattan,11.98,145,5.65,140,11.16,165,354246.2357,5.2454,1,1,0,0,1,2024-12-31,MN02,0.0,0.0,0.08347245409015025,0,0,Low,0,1,0.6931471805599453,0.08017111858864065,0.5459248294700217,1,0
QN1402,Rockaway Beach-Arverne-Edgemere,Queens,14.22,110,8.26,73,11.79,158,-98644.2063,5.2339,2,2,0,2,0,2023-01-31,QN14,183.0,0.0,0.14064697609001406,0,1,High,0,0,1.0986122886681098,0.13159562431217203,0.5441699348399994,0,1
QN1402,Rockaway Beach-Arverne-Edgemere,Queens,14.22,110,8.26,73,11.79,158,-98644.2063,5.2339,2,2,0,2,0,2023-02-28,QN14,180.0,0.0,0.14064697609001406,0,1,High,0,0,1.0986122886681098,0.13159562431217203,0.5441699348399994,0,1
QN1402,Rockaway Beach-Arverne-Edgemere,Queens,14.22,110,8.26,73,11.79,158,-98644.2063,5.2339,2,2,0,2,0,2023-03-31,QN14,180.0,0.0,0.14064697609001406,0,1,High,0,0,1.0986122886681098,0.13159562431217203,0.5441699348399994,0,1
QN1402,Rockaway Beach-Arverne-Edgemere,Queens,14.22,110,8.26,73,11.79,158,-98644.2063,5.2339,2,2,0,2,0,2023-04-30,QN14,164.0,0.0,0.14064697609001406,0,1,High,0,0,1.0986122886681098,0.13159562431217203,0.5441699348399994,0,1
QN1402,Rockaway Beach-Arverne-Edgemere,Queens,14.22,110,8.26,73,11.79,158,-98644.2063,5.2339,2,2,0,2,0,2023-05-31,QN14,170.0,0.0,0.14064697609001406,0,1,High,0,0,1.0986122886681098,0.13159562431217203,0.5441699348399994,0,1
QN1402,Rockaway Beach-Arverne-Edgemere,Queens,14.22,110,8.26,73,11.79,158,-98644.2063,5.2339,2,2,0,2,0,2023-06-30,QN14,170.0,0.0,0.14064697609001406,0,1,High,0,0,1.0986122886681098,0.13159562431217203,0.5441699348399994,0,1
QN1402,Rockaway Beach-Arverne-Edgemere,Queens,14.22,110,8.26,73,11.79,158,-98644.2063,5.2339,2,2,0,2,0,2023-07-31,QN14,176.0,0.0,0.14064697609001406,0,1,High,0,0,1.0986122886681098,0.13159562431217203,0.5441699348399994,0,1
QN1402,Rockaway Beach-Arverne-Edgemere,Queens,14.22,110,8.26,73,11.79,158,-98644.2063,5.2339,2,2,0,2,0,2023-08-31,QN14,178.0,0.0,0.14064697609001406,0,1,High,0,0,1.0986122886681098,0.13159562431217203,0.5441699348399994,0,1
QN1402,Rockaway Beach-Arverne-Edgemere,Queens,14.22,110,8.26,73,11.79,158,-98644.2063,5.2339,2,2,0,2,0,2023-09-30,QN14,175.0,0.0,0.14064697609001406,0,1,High,0,0,1.0986122886681098,0.13159562431217203,0.5441699348399994,0,1
QN1402,Rockaway Beach-Arverne-Edgemere,Queens,14.22,110,8.26,73,11.79,158,-98644.2063,5.2339,2,2,0,2,0,2023-10-31,QN14,177.0,0.0,0.14064697609001406,0,1,High,0,0,1.0986122886681098,0.13159562431217203,0.5441699348399994,0,1
QN1402,Rockaway Beach-Arverne-Edgemere,Queens,14.22,110,8.26,73,11.79,158,-98644.2063,5.2339,2,2,0,2,0,2023-11-30,QN14,177.0,0.0,0.14064697609001406,0,1,High,0,0,1.0986122886681098,0.13159562431217203,0.5441699348399994,0,1
QN1402,Rockaway Beach-Arverne-Edgemere,Queens,14.22,110,8.26,73,11.79,158,-98644.2063,5.2339,2,2,0,2,0,2023-12-31,QN14,169.0,0.0,0.14064697609001406,0,1,High,0,0,1.0986122886681098,0.13159562431217203,0.5441699348399994,0,1
QN1402,Rockaway Beach-Arverne-Edgemere,Queens,14.22,110,8.26,73,11.79,158,-98644.2063,5.2339,2,2,0,2,0,2024-01-31,QN14,172.0,0.0,0.14064697609001406,0,1,High,0,0,1.0986122886681098,0.13159562431217203,0.5441699348399994,0,1
QN1402,Rockaway Beach-Arverne-Edgemere,Queens,14.22,110,8.26,73,11.79,158,-98644.2063,5.2339,2,2,0,2,0,2024-02-29,QN14,176.0,0.0,0.14064697609001406,0,1,High,0,0,1.0986122886681098,0.13159562431217203,0.5441699348399994,0,1
QN1402,Rockaway Beach-Arverne-Edgemere,Queens,14.22,110,8.26,73,11.79,158,-98644.2063,5.2339,2,2,0,2,0,2024-03-31,QN14,172.0,0.0,0.14064697609001406,0,1,High,0,0,1.0986122886681098,0.13159562431217203,0.5441699348399994,0,1
QN1402,Rockaway Beach-Arverne-Edgemere,Queens,14.22,110,8.26,73,11.79,158,-98644.2063,5.2339,2,2,0,2,0,2024-04-30,QN14,164.0,0.0,0.14064697609001406,0,1,High,0,0,1.0986122886681098,0.13159562431217203,0.5441699348399994,0,1
QN1402,Rockaway Beach-Arverne-Edgemere,Queens,14.22,110,8.26,73,11.79,158,-98644.2063,5.2339,2,2,0,2,0,2024-05-31,QN14,174.0,0.0,0.14064697609001406,0,1,High,0,0,1.0986122886681098,0.13159562431217203,0.5441699348399994,0,1
QN1402,Rockaway Beach-Arverne-Edgemere,Queens,14.22,110,8.26,73,11.79,158,-98644.2063,5.2339,2,2,0,2,0,2024-06-30,QN14,167.0,0.0,0.14064697609001406,0,1,High,0,0,1.0986122886681098,0.13159562431217203,0.5441699348399994,0,1
QN1402,Rockaway Beach-Arverne-Edgemere,Queens,14.22,110,8.26,73,11.79,158,-98644.2063,5.2339,2,2,0,2,0,2024-07-31,QN14,169.0,0.0,0.14064697609001406,0,1,High,0,0,1.0986122886681098,0.13159562431217203,0.5441699348399994,0,1
QN1402,Rockaway Beach-Arverne-Edgemere,Queens,14.22,110,8.26,73,11.79,158,-98644.2063,5.2339,2,2,0,2,0,2024-08-31,QN14,166.0,0.0,0.14064697609001406,0,1,High,0,0,1.0986122886681098,0.13159562431217203,0.5441699348399994,0,1
QN1402,Rockaway Beach-Arverne-Edgemere,Queens,14.22,110,8.26,73,11.79,158,-98644.2063,5.2339,2,2,0,2,0,2024-09-30,QN14,167.0,0.0,0.14064697609001406,0,1,High,0,0,1.0986122886681098,0.13159562431217203,0.5441699348399994,0,1
QN1402,Rockaway Beach-Arverne-Edgemere,Queens,14.22,110,8.26,73,11.79,158,-98644.2063,5.2339,2,2,0,2,0,2024-10-31,QN14,149.0,0.0,0.14064697609001406,0,1,High,0,0,1.0986122886681098,0.13159562431217203,0.5441699348399994,0,1
QN1402,Rockaway Beach-Arverne-Edgemere,Queens,14.22,110,8.26,73,11.79,158,-98644.2063,5.2339,2,2,0,2,0,2024-11-30,QN14,165.0,0.0,0.14064697609001406,0,1,High,0,0,1.0986122886681098,0.13159562431217203,0.5441699348399994,0,1
QN1402,Rockaway Beach-Arverne-Edgemere,Queens,14.22,110,8.26,73,11.79,158,-98644.2063,5.2339,2,2,0,2,0,2024-12-31,QN14,157.0,0.0,0.14064697609001406,0,1,High,0,0,1.0986122886681098,0.13159562431217203,0.5441699348399994,0,1
SI0103,Rosebank-Shore Acres-Park Hill,Staten Island,8.08,187,7.9,80,12.44,145,-220501.2981,5.2165,0,0,0,0,0,2023-01-31,SI01,129.0,0.0,0.0,0,0,Low,0,0,0.0,0.0,0.5415147029650089,1,0
SI0103,Rosebank-Shore Acres-Park Hill,Staten Island,8.08,187,7.9,80,12.44,145,-220501.2981,5.2165,0,0,0,0,0,2023-02-28,SI01,109.0,0.0,0.0,0,0,Low,0,0,0.0,0.0,0.5415147029650089,1,0
SI0103,Rosebank-Shore Acres-Park Hill,Staten Island,8.08,187,7.9,80,12.44,145,-220501.2981,5.2165,0,0,0,0,0,2023-03-31,SI01,135.0,0.0,0.0,0,0,Low,0,0,0.0,0.0,0.5415147029650089,1,0
SI0103,Rosebank-Shore Acres-Park Hill,Staten Island,8.08,187,7.9,80,12.44,145,-220501.2981,5.2165,0,0,0,0,0,2023-04-30,SI01,138.0,0.0,0.0,0,0,Low,0,0,0.0,0.0,0.5415147029650089,1,0
SI0103,Rosebank-Shore Acres-Park Hill,Staten Island,8.08,187,7.9,80,12.44,145,-220501.2981,5.2165,0,0,0,0,0,2023-05-31,SI01,143.0,0.0,0.0,0,0,Low,0,0,0.0,0.0,0.5415147029650089,1,0
SI0103,Rosebank-Shore Acres-Park Hill,Staten Island,8.08,187,7.9,80,12.44,145,-220501.2981,5.2165,0,0,0,0,0,2023-06-30,SI01,139.0,0.0,0.0,0,0,Low,0,0,0.0,0.0,0.5415147029650089,1,0
SI0103,Rosebank-Shore Acres-Park Hill,Staten Island,8.08,187,7.9,80,12.44,145,-220501.2981,5.2165,0,0,0,0,0,2023-07-31,SI01,143.0,0.0,0.0,0,0,Low,0,0,0.0,0.0,0.5415147029650089,1,0
SI0103,Rosebank-Shore Acres-Park Hill,Staten Island,8.08,187,7.9,80,12.44,145,-220501.2981,5.2165,0,0,0,0,0,2023-08-31,SI01,151.0,0.0,0.0,0,0,Low,0,0,0.0,0.0,0.5415147029650089,1,0
SI0103,Rosebank-Shore Acres-Park Hill,Staten Island,8.08,187,7.9,80,12.44,145,-220501.2981,5.2165,0,0,0,0,0,2023-09-30,SI01,132.0,0.0,0.0,0,0,Low,0,0,0.0,0.0,0.5415147029650089,1,0
SI0103,Rosebank-Shore Acres-Park Hill,Staten Island,8.08,187,7.9,80,12.44,145,-220501.2981,5.2165,0,0,0,0,0,2023-10-31,SI01,153.0,0.0,0.0,0,0,Low,0,0,0.0,0.0,0.5415147029650089,1,0
SI0103,Rosebank-Shore Acres-Park Hill,Staten Island,8.08,187,7.9,80,12.44,145,-220501.2981,5.2165,0,0,0,0,0,2023-11-30,SI01,150.0,0.0,0.0,0,0,Low,0,0,0.0,0.0,0.5415147029650089,1,0
SI0103,Rosebank-Shore Acres-Park Hill,Staten Island,8.08,187,7.9,80,12.44,145,-220501.2981,5.2165,0,0,0,0,0,2023-12-31,SI01,213.0,0.0,0.0,0,0,Low,0,0,0.0,0.0,0.5415147029650089,1,0
SI0103,Rosebank-Shore Acres-Park Hill,Staten Island,8.08,187,7.9,80,12.44,145,-220501.2981,5.2165,0,0,0,0,0,2024-01-31,SI01,238.0,0.0,0.0,0,0,Low,0,0,0.0,0.0,0.5415147029650089,1,0
SI0103,Rosebank-Shore Acres-Park Hill,Staten Island,8.08,187,7.9,80,12.44,145,-220501.2981,5.2165,0,0,0,0,0,2024-02-29,SI01,285.0,0.0,0.0,0,0,Low,0,0,0.0,0.0,0.5415147029650089,1,0
SI0103,Rosebank-Shore Acres-Park Hill,Staten Island,8.08,187,7.9,80,12.44,145,-220501.2981,5.2165,0,0,0,0,0,2024-03-31,SI01,286.0,0.0,0.0,0,0,Low,0,0,0.0,0.0,0.5415147029650089,1,0
SI0103,Rosebank-Shore Acres-Park Hill,Staten Island,8.08,187,7.9,80,12.44,145,-220501.2981,5.2165,0,0,0,0,0,2024-04-30,SI01,316.0,0.0,0.0,0,0,Low,0,0,0.0,0.0,0.5415147029650089,1,0
SI0103,Rosebank-Shore Acres-Park Hill,Staten Island,8.08,187,7.9,80,12.44,145,-220501.2981,5.2165,0,0,0,0,0,2024-05-31,SI01,327.0,0.0,0.0,0,0,Low,0,0,0.0,0.0,0.5415147029650089,1,0
SI0103,Rosebank-Shore Acres-Park Hill,Staten Island,8.08,187,7.9,80,12.44,145,-220501.2981,5.2165,0,0,0,0,0,2024-06-30,SI01,339.0,0.0,0.0,0,0,Low,0,0,0.0,0.0,0.5415147029650089,1,0
SI0103,Rosebank-Shore Acres-Park Hill,Staten Island,8.08,187,7.9,80,12.44,145,-220501.2981,5.2165,0,0,0,0,0,2024-07-31,SI01,390.0,0.0,0.0,0,0,Low,0,0,0.0,0.0,0.5415147029650089,1,0
SI0103,Rosebank-Shore Acres-Park Hill,Staten Island,8.08,187,7.9,80,12.44,145,-220501.2981,5.2165,0,0,0,0,0,2024-08-31,SI01,443.0,0.0,0.0,0,0,Low,0,0,0.0,0.0,0.5415147029650089,1,0
SI0103,Rosebank-Shore Acres-Park Hill,Staten Island,8.08,187,7.9,80,12.44,145,-220501.2981,5.2165,0,0,0,0,0,2024-09-30,SI01,491.0,0.0,0.0,0,0,Low,0,0,0.0,0.0,0.5415147029650089,1,0
SI0103,Rosebank-Shore Acres-Park Hill,Staten Island,8.08,187,7.9,80,12.44,145,-220501.2981,5.2165,0,0,0,0,0,2024-10-31,SI01,552.0,0.0,0.0,0,0,Low,0,0,0.0,0.0,0.5415147029650089,1,0
SI0103,Rosebank-Shore Acres-Park Hill,Staten Island,8.08,187,7.9,80,12.44,145,-220501.2981,5.2165,0,0,0,0,0,2024-11-30,SI01,552.0,0.0,0.0,0,0,Low,0,0,0.0,0.0,0.5415147029650089,1,0
SI0103,Rosebank-Shore Acres-Park Hill,Staten Island,8.08,187,7.9,80,12.44,145,-220501.2981,5.2165,0,0,0,0,0,2024-12-31,SI01,532.0,0.0,0.0,0,0,Low,0,0,0.0,0.0,0.5415147029650089,1,0
QN0705,East Flushing,Queens,20.7,45,7.36,90,29.6,7,274269.3115,5.2114,1,1,0,1,0,2023-01-31,QN07,0.0,0.0,0.04830917874396135,0,0,Low,0,0,0.6931471805599453,0.04717856027509048,0.5407364453464772,1,0
QN0705,East Flushing,Queens,20.7,45,7.36,90,29.6,7,274269.3115,5.2114,1,1,0,1,0,2023-02-28,QN07,0.0,0.0,0.04830917874396135,0,0,Low,0,0,0.6931471805599453,0.04717856027509048,0.5407364453464772,1,0
QN0705,East Flushing,Queens,20.7,45,7.36,90,29.6,7,274269.3115,5.2114,1,1,0,1,0,2023-03-31,QN07,0.0,0.0,0.04830917874396135,0,0,Low,0,0,0.6931471805599453,0.04717856027509048,0.5407364453464772,1,0
QN0705,East Flushing,Queens,20.7,45,7.36,90,29.6,7,274269.3115,5.2114,1,1,0,1,0,2023-04-30,QN07,0.0,0.0,0.04830917874396135,0,0,Low,0,0,0.6931471805599453,0.04717856027509048,0.5407364453464772,1,0
QN0705,East Flushing,Queens,20.7,45,7.36,90,29.6,7,274269.3115,5.2114,1,1,0,1,0,2023-05-31,QN07,0.0,0.0,0.04830917874396135,0,0,Low,0,0,0.6931471805599453,0.04717856027509048,0.5407364453464772,1,0
QN0705,East Flushing,Queens,20.7,45,7.36,90,29.6,7,274269.3115,5.2114,1,1,0,1,0,2023-06-30,QN07,0.0,0.0,0.04830917874396135,0,0,Low,0,0,0.6931471805599453,0.04717856027509048,0.5407364453464772,1,0
QN0705,East Flushing,Queens,20.7,45,7.36,90,29.6,7,274269.3115,5.2114,1,1,0,1,0,2023-07-31,QN07,0.0,0.0,0.04830917874396135,0,0,Low,0,0,0.6931471805599453,0.04717856027509048,0.5407364453464772,1,0
QN0705,East Flushing,Queens,20.7,45,7.36,90,29.6,7,274269.3115,5.2114,1,1,0,1,0,2023-08-31,QN07,0.0,0.0,0.04830917874396135,0,0,Low,0,0,0.6931471805599453,0.04717856027509048,0.5407364453464772,1,0
QN0705,East Flushing,Queens,20.7,45,7.36,90,29.6,7,274269.3115,5.2114,1,1,0,1,0,2023-09-30,QN07,0.0,0.0,0.04830917874396135,0,0,Low,0,0,0.6931471805599453,0.04717856027509048,0.5407364453464772,1,0
QN0705,East Flushing,Queens,20.7,45,7.36,90,29.6,7,274269.3115,5.2114,1,1,0,1,0,2023-10-31,QN07,0.0,0.0,0.04830917874396135,0,0,Low,0,0,0.6931471805599453,0.04717856027509048,0.5407364453464772,1,0
QN0705,East Flushing,Queens,20.7,45,7.36,90,29.6,7,274269.3115,5.2114,1,1,0,1,0,2023-11-30,QN07,0.0,0.0,0.04830917874396135,0,0,Low,0,0,0.6931471805599453,0.04717856027509048,0.5407364453464772,1,0
QN0705,East Flushing,Queens,20.7,45,7.36,90,29.6,7,274269.3115,5.2114,1,1,0,1,0,2023-12-31,QN07,0.0,0.0,0.04830917874396135,0,0,Low,0,0,0.6931471805599453,0.04717856027509048,0.5407364453464772,1,0
QN0705,East Flushing,Queens,20.7,45,7.36,90,29.6,7,274269.3115,5.2114,1,1,0,1,0,2024-01-31,QN07,0.0,0.0,0.04830917874396135,0,0,Low,0,0,0.6931471805599453,0.04717856027509048,0.5407364453464772,1,0
QN0705,East Flushing,Queens,20.7,45,7.36,90,29.6,7,274269.3115,5.2114,1,1,0,1,0,2024-02-29,QN07,0.0,0.0,0.04830917874396135,0,0,Low,0,0,0.6931471805599453,0.04717856027509048,0.5407364453464772,1,0
QN0705,East Flushing,Queens,20.7,45,7.36,90,29.6,7,274269.3115,5.2114,1,1,0,1,0,2024-03-31,QN07,0.0,0.0,0.04830917874396135,0,0,Low,0,0,0.6931471805599453,0.04717856027509048,0.5407364453464772,1,0
QN0705,East Flushing,Queens,20.7,45,7.36,90,29.6,7,274269.3115,5.2114,1,1,0,1,0,2024-04-30,QN07,0.0,0.0,0.04830917874396135,0,0,Low,0,0,0.6931471805599453,0.04717856027509048,0.5407364453464772,1,0
QN0705,East Flushing,Queens,20.7,45,7.36,90,29.6,7,274269.3115,5.2114,1,1,0,1,0,2024-05-31,QN07,0.0,0.0,0.04830917874396135,0,0,Low,0,0,0.6931471805599453,0.04717856027509048,0.5407364453464772,1,0
QN0705,East Flushing,Queens,20.7,45,7.36,90,29.6,7,274269.3115,5.2114,1,1,0,1,0,2024-06-30,QN07,0.0,0.0,0.04830917874396135,0,0,Low,0,0,0.6931471805599453,0.04717856027509048,0.5407364453464772,1,0
QN0705,East Flushing,Queens,20.7,45,7.36,90,29.6,7,274269.3115,5.2114,1,1,0,1,0,2024-07-31,QN07,0.0,0.0,0.04830917874396135,0,0,Low,0,0,0.6931471805599453,0.04717856027509048,0.5407364453464772,1,0
QN0705,East Flushing,Queens,20.7,45,7.36,90,29.6,7,274269.3115,5.2114,1,1,0,1,0,2024-08-31,QN07,0.0,0.0,0.04830917874396135,0,0,Low,0,0,0.6931471805599453,0.04717856027509048,0.5407364453464772,1,0
QN0705,East Flushing,Queens,20.7,45,7.36,90,29.6,7,274269.3115,5.2114,1,1,0,1,0,2024-09-30,QN07,0.0,0.0,0.04830917874396135,0,0,Low,0,0,0.6931471805599453,0.04717856027509048,0.5407364453464772,1,0
QN0705,East Flushing,Queens,20.7,45,7.36,90,29.6,7,274269.3115,5.2114,1,1,0,1,0,2024-10-31,QN07,0.0,0.0,0.04830917874396135,0,0,Low,0,0,0.6931471805599453,0.04717856027509048,0.5407364453464772,1,0
QN0705,East Flushing,Queens,20.7,45,7.36,90,29.6,7,274269.3115,5.2114,1,1,0,1,0,2024-11-30,QN07,0.0,0.0,0.04830917874396135,0,0,Low,0,0,0.6931471805599453,0.04717856027509048,0.5407364453464772,1,0
QN0705,East Flushing,Queens,20.7,45,7.36,90,29.6,7,274269.3115,5.2114,1,1,0,1,0,2024-12-31,QN07,0.0,0.0,0.04830917874396135,0,0,Low,0,0,0.6931471805599453,0.04717856027509048,0.5407364453464772,1,0
MN0501,Midtown South-Flatiron-Union Square,Manhattan,15.55,93,5.07,166,13.41,121,105808.4448,5.1866,2,1,1,1,1,2023-01-31,MN05,660.0,0.0,0.12861736334405144,0,1,High,1,1,1.0986122886681098,0.12099331128663167,0.5369519769269506,0,1
MN0501,Midtown South-Flatiron-Union Square,Manhattan,15.55,93,5.07,166,13.41,121,105808.4448,5.1866,2,1,1,1,1,2023-02-28,MN05,347.0,0.0,0.12861736334405144,0,1,High,1,1,1.0986122886681098,0.12099331128663167,0.5369519769269506,0,1
MN0501,Midtown South-Flatiron-Union Square,Manhattan,15.55,93,5.07,166,13.41,121,105808.4448,5.1866,2,1,1,1,1,2023-03-31,MN05,340.0,0.0,0.12861736334405144,0,1,High,1,1,1.0986122886681098,0.12099331128663167,0.5369519769269506,0,1
MN0501,Midtown South-Flatiron-Union Square,Manhattan,15.55,93,5.07,166,13.41,121,105808.4448,5.1866,2,1,1,1,1,2023-04-30,MN05,328.0,0.0,0.12861736334405144,0,1,High,1,1,1.0986122886681098,0.12099331128663167,0.5369519769269506,0,1
MN0501,Midtown South-Flatiron-Union Square,Manhattan,15.55,93,5.07,166,13.41,121,105808.4448,5.1866,2,1,1,1,1,2023-05-31,MN05,345.0,0.0,0.12861736334405144,0,1,High,1,1,1.0986122886681098,0.12099331128663167,0.5369519769269506,0,1
MN0501,Midtown South-Flatiron-Union Square,Manhattan,15.55,93,5.07,166,13.41,121,105808.4448,5.1866,2,1,1,1,1,2023-06-30,MN05,353.0,0.0,0.12861736334405144,0,1,High,1,1,1.0986122886681098,0.12099331128663167,0.5369519769269506,0,1
MN0501,Midtown South-Flatiron-Union Square,Manhattan,15.55,93,5.07,166,13.41,121,105808.4448,5.1866,2,1,1,1,1,2023-07-31,MN05,369.0,0.0,0.12861736334405144,0,1,High,1,1,1.0986122886681098,0.12099331128663167,0.5369519769269506,0,1
MN0501,Midtown South-Flatiron-Union Square,Manhattan,15.55,93,5.07,166,13.41,121,105808.4448,5.1866,2,1,1,1,1,2023-08-31,MN05,1039.0,1.0,0.12861736334405144,0,1,High,1,1,1.0986122886681098,0.12099331128663167,0.5369519769269506,0,1
MN0501,Midtown South-Flatiron-Union Square,Manhattan,15.55,93,5.07,166,13.41,121,105808.4448,5.1866,2,1,1,1,1,2023-09-30,MN05,1106.0,1.0,0.12861736334405144,0,1,High,1,1,1.0986122886681098,0.12099331128663167,0.5369519769269506,0,1
MN0501,Midtown South-Flatiron-Union Square,Manhattan,15.55,93,5.07,166,13.41,121,105808.4448,5.1866,2,1,1,1,1,2023-10-31,MN05,1113.0,1.0,0.12861736334405144,0,1,High,1,1,1.0986122886681098,0.12099331128663167,0.5369519769269506,0,1
MN0501,Midtown South-Flatiron-Union Square,Manhattan,15.55,93,5.07,166,13.41,121,105808.4448,5.1866,2,1,1,1,1,2023-11-30,MN05,1116.0,1.0,0.12861736334405144,0,1,High,1,1,1.0986122886681098,0.12099331128663167,0.5369519769269506,0,1
MN0501,Midtown South-Flatiron-Union Square,Manhattan,15.55,93,5.07,166,13.41,121,105808.4448,5.1866,2,1,1,1,1,2023-12-31,MN05,1086.0,1.0,0.12861736334405144,0,1,High,1,1,1.0986122886681098,0.12099331128663167,0.5369519769269506,0,1
MN0501,Midtown South-Flatiron-Union Square,Manhattan,15.55,93,5.07,166,13.41,121,105808.4448,5.1866,2,1,1,1,1,2024-01-31,MN05,1035.0,1.0,0.12861736334405144,0,1,High,1,1,1.0986122886681098,0.12099331128663167,0.5369519769269506,0,1
MN0501,Midtown South-Flatiron-Union Square,Manhattan,15.55,93,5.07,166,13.41,121,105808.4448,5.1866,2,1,1,1,1,2024-02-29,MN05,1014.0,1.0,0.12861736334405144,0,1,High,1,1,1.0986122886681098,0.12099331128663167,0.5369519769269506,0,1
MN0501,Midtown South-Flatiron-Union Square,Manhattan,15.55,93,5.07,166,13.41,121,105808.4448,5.1866,2,1,1,1,1,2024-03-31,MN05,1006.0,1.0,0.12861736334405144,0,1,High,1,1,1.0986122886681098,0.12099331128663167,0.5369519769269506,0,1
MN0501,Midtown South-Flatiron-Union Square,Manhattan,15.55,93,5.07,166,13.41,121,105808.4448,5.1866,2,1,1,1,1,2024-04-30,MN05,1035.0,1.0,0.12861736334405144,0,1,High,1,1,1.0986122886681098,0.12099331128663167,0.5369519769269506,0,1
MN0501,Midtown South-Flatiron-Union Square,Manhattan,15.55,93,5.07,166,13.41,121,105808.4448,5.1866,2,1,1,1,1,2024-05-31,MN05,1028.0,1.0,0.12861736334405144,0,1,High,1,1,1.0986122886681098,0.12099331128663167,0.5369519769269506,0,1
MN0501,Midtown South-Flatiron-Union Square,Manhattan,15.55,93,5.07,166,13.41,121,105808.4448,5.1866,2,1,1,1,1,2024-06-30,MN05,1019.0,1.0,0.12861736334405144,0,1,High,1,1,1.0986122886681098,0.12099331128663167,0.5369519769269506,0,1
MN0501,Midtown South-Flatiron-Union Square,Manhattan,15.55,93,5.07,166,13.41,121,105808.4448,5.1866,2,1,1,1,1,2024-07-31,MN05,1014.0,1.0,0.12861736334405144,0,1,High,1,1,1.0986122886681098,0.12099331128663167,0.5369519769269506,0,1
MN0501,Midtown South-Flatiron-Union Square,Manhattan,15.55,93,5.07,166,13.41,121,105808.4448,5.1866,2,1,1,1,1,2024-08-31,MN05,1047.0,1.0,0.12861736334405144,0,1,High,1,1,1.0986122886681098,0.12099331128663167,0.5369519769269506,0,1
MN0501,Midtown South-Flatiron-Union Square,Manhattan,15.55,93,5.07,166,13.41,121,105808.4448,5.1866,2,1,1,1,1,2024-09-30,MN05,1003.0,1.0,0.12861736334405144,0,1,High,1,1,1.0986122886681098,0.12099331128663167,0.5369519769269506,0,1
MN0501,Midtown South-Flatiron-Union Square,Manhattan,15.55,93,5.07,166,13.41,121,105808.4448,5.1866,2,1,1,1,1,2024-10-31,MN05,977.0,1.0,0.12861736334405144,0,1,High,1,1,1.0986122886681098,0.12099331128663167,0.5369519769269506,0,1
MN0501,Midtown South-Flatiron-Union Square,Manhattan,15.55,93,5.07,166,13.41,121,105808.4448,5.1866,2,1,1,1,1,2024-11-30,MN05,982.0,1.0,0.12861736334405144,0,1,High,1,1,1.0986122886681098,0.12099331128663167,0.5369519769269506,0,1
MN0501,Midtown South-Flatiron-Union Square,Manhattan,15.55,93,5.07,166,13.41,121,105808.4448,5.1866,2,1,1,1,1,2024-12-31,MN05,985.0,1.0,0.12861736334405144,0,1,High,1,1,1.0986122886681098,0.12099331128663167,0.5369519769269506,0,1
QN0202,Sunnyside,Queens,16.36,82,6.52,120,25.55,14,-505568.1104,5.1813,3,3,0,2,2,2023-01-31,QN02,291.0,0.0,0.18337408312958436,0,1,High,0,1,1.3862943611198906,0.16836975067382998,0.5361431994018099,0,1
QN0202,Sunnyside,Queens,16.36,82,6.52,120,25.55,14,-505568.1104,5.1813,3,3,0,2,2,2023-02-28,QN02,307.0,0.0,0.18337408312958436,0,1,High,0,1,1.3862943611198906,0.16836975067382998,0.5361431994018099,0,1
QN0202,Sunnyside,Queens,16.36,82,6.52,120,25.55,14,-505568.1104,5.1813,3,3,0,2,2,2023-03-31,QN02,292.0,0.0,0.18337408312958436,0,1,High,0,1,1.3862943611198906,0.16836975067382998,0.5361431994018099,0,1
QN0202,Sunnyside,Queens,16.36,82,6.52,120,25.55,14,-505568.1104,5.1813,3,3,0,2,2,2023-04-30,QN02,295.0,0.0,0.18337408312958436,0,1,High,0,1,1.3862943611198906,0.16836975067382998,0.5361431994018099,0,1
QN0202,Sunnyside,Queens,16.36,82,6.52,120,25.55,14,-505568.1104,5.1813,3,3,0,2,2,2023-05-31,QN02,285.0,0.0,0.18337408312958436,0,1,High,0,1,1.3862943611198906,0.16836975067382998,0.5361431994018099,0,1
QN0202,Sunnyside,Queens,16.36,82,6.52,120,25.55,14,-505568.1104,5.1813,3,3,0,2,2,2023-06-30,QN02,291.0,0.0,0.18337408312958436,0,1,High,0,1,1.3862943611198906,0.16836975067382998,0.5361431994018099,0,1
QN0202,Sunnyside,Queens,16.36,82,6.52,120,25.55,14,-505568.1104,5.1813,3,3,0,2,2,2023-07-31,QN02,281.0,0.0,0.18337408312958436,0,1,High,0,1,1.3862943611198906,0.16836975067382998,0.5361431994018099,0,1
QN0202,Sunnyside,Queens,16.36,82,6.52,120,25.55,14,-505568.1104,5.1813,3,3,0,2,2,2023-08-31,QN02,297.0,0.0,0.18337408312958436,0,1,High,0,1,1.3862943611198906,0.16836975067382998,0.5361431994018099,0,1
QN0202,Sunnyside,Queens,16.36,82,6.52,120,25.55,14,-505568.1104,5.1813,3,3,0,2,2,2023-09-30,QN02,279.0,0.0,0.18337408312958436,0,1,High,0,1,1.3862943611198906,0.16836975067382998,0.5361431994018099,0,1
QN0202,Sunnyside,Queens,16.36,82,6.52,120,25.55,14,-505568.1104,5.1813,3,3,0,2,2,2023-10-31,QN02,304.0,0.0,0.18337408312958436,0,1,High,0,1,1.3862943611198906,0.16836975067382998,0.5361431994018099,0,1
QN0202,Sunnyside,Queens,16.36,82,6.52,120,25.55,14,-505568.1104,5.1813,3,3,0,2,2,2023-11-30,QN02,293.0,0.0,0.18337408312958436,0,1,High,0,1,1.3862943611198906,0.16836975067382998,0.5361431994018099,0,1
QN0202,Sunnyside,Queens,16.36,82,6.52,120,25.55,14,-505568.1104,5.1813,3,3,0,2,2,2023-12-31,QN02,285.0,0.0,0.18337408312958436,0,1,High,0,1,1.3862943611198906,0.16836975067382998,0.5361431994018099,0,1
QN0202,Sunnyside,Queens,16.36,82,6.52,120,25.55,14,-505568.1104,5.1813,3,3,0,2,2,2024-01-31,QN02,303.0,0.0,0.18337408312958436,0,1,High,0,1,1.3862943611198906,0.16836975067382998,0.5361431994018099,0,1
QN0202,Sunnyside,Queens,16.36,82,6.52,120,25.55,14,-505568.1104,5.1813,3,3,0,2,2,2024-02-29,QN02,312.0,0.0,0.18337408312958436,0,1,High,0,1,1.3862943611198906,0.16836975067382998,0.5361431994018099,0,1
QN0202,Sunnyside,Queens,16.36,82,6.52,120,25.55,14,-505568.1104,5.1813,3,3,0,2,2,2024-03-31,QN02,288.0,0.0,0.18337408312958436,0,1,High,0,1,1.3862943611198906,0.16836975067382998,0.5361431994018099,0,1
QN0202,Sunnyside,Queens,16.36,82,6.52,120,25.55,14,-505568.1104,5.1813,3,3,0,2,2,2024-04-30,QN02,300.0,0.0,0.18337408312958436,0,1,High,0,1,1.3862943611198906,0.16836975067382998,0.5361431994018099,0,1
QN0202,Sunnyside,Queens,16.36,82,6.52,120,25.55,14,-505568.1104,5.1813,3,3,0,2,2,2024-05-31,QN02,268.0,0.0,0.18337408312958436,0,1,High,0,1,1.3862943611198906,0.16836975067382998,0.5361431994018099,0,1
QN0202,Sunnyside,Queens,16.36,82,6.52,120,25.55,14,-505568.1104,5.1813,3,3,0,2,2,2024-06-30,QN02,292.0,0.0,0.18337408312958436,0,1,High,0,1,1.3862943611198906,0.16836975067382998,0.5361431994018099,0,1
QN0202,Sunnyside,Queens,16.36,82,6.52,120,25.55,14,-505568.1104,5.1813,3,3,0,2,2,2024-07-31,QN02,297.0,0.0,0.18337408312958436,0,1,High,0,1,1.3862943611198906,0.16836975067382998,0.5361431994018099,0,1
QN0202,Sunnyside,Queens,16.36,82,6.52,120,25.55,14,-505568.1104,5.1813,3,3,0,2,2,2024-08-31,QN02,291.0,0.0,0.18337408312958436,0,1,High,0,1,1.3862943611198906,0.16836975067382998,0.5361431994018099,0,1
QN0202,Sunnyside,Queens,16.36,82,6.52,120,25.55,14,-505568.1104,5.1813,3,3,0,2,2,2024-09-30,QN02,296.0,0.0,0.18337408312958436,0,1,High,0,1,1.3862943611198906,0.16836975067382998,0.5361431994018099,0,1
QN0202,Sunnyside,Queens,16.36,82,6.52,120,25.55,14,-505568.1104,5.1813,3,3,0,2,2,2024-10-31,QN02,281.0,0.0,0.18337408312958436,0,1,High,0,1,1.3862943611198906,0.16836975067382998,0.5361431994018099,0,1
QN0202,Sunnyside,Queens,16.36,82,6.52,120,25.55,14,-505568.1104,5.1813,3,3,0,2,2,2024-11-30,QN02,278.0,0.0,0.18337408312958436,0,1,High,0,1,1.3862943611198906,0.16836975067382998,0.5361431994018099,0,1
QN0202,Sunnyside,Queens,16.36,82,6.52,120,25.55,14,-505568.1104,5.1813,3,3,0,2,2,2024-12-31,QN02,280.0,0.0,0.18337408312958436,0,1,High,0,1,1.3862943611198906,0.16836975067382998,0.5361431994018099,0,1
MN0801,Upper East Side-Lenox Hill-Roosevelt Island,Manhattan,9.01,180,3.67,187,16.8,62,621584.8186,5.1726,2,1,1,2,0,2023-01-31,MN08,0.0,0.0,0.22197558268590456,0,1,High,1,0,1.0986122886681098,0.20046887911434205,0.5348155834643146,0,1
MN0801,Upper East Side-Lenox Hill-Roosevelt Island,Manhattan,9.01,180,3.67,187,16.8,62,621584.8186,5.1726,2,1,1,2,0,2023-02-28,MN08,0.0,0.0,0.22197558268590456,0,1,High,1,0,1.0986122886681098,0.20046887911434205,0.5348155834643146,0,1
MN0801,Upper East Side-Lenox Hill-Roosevelt Island,Manhattan,9.01,180,3.67,187,16.8,62,621584.8186,5.1726,2,1,1,2,0,2023-03-31,MN08,0.0,0.0,0.22197558268590456,0,1,High,1,0,1.0986122886681098,0.20046887911434205,0.5348155834643146,0,1
MN0801,Upper East Side-Lenox Hill-Roosevelt Island,Manhattan,9.01,180,3.67,187,16.8,62,621584.8186,5.1726,2,1,1,2,0,2023-04-30,MN08,0.0,0.0,0.22197558268590456,0,1,High,1,0,1.0986122886681098,0.20046887911434205,0.5348155834643146,0,1
MN0801,Upper East Side-Lenox Hill-Roosevelt Island,Manhattan,9.01,180,3.67,187,16.8,62,621584.8186,5.1726,2,1,1,2,0,2023-05-31,MN08,0.0,0.0,0.22197558268590456,0,1,High,1,0,1.0986122886681098,0.20046887911434205,0.5348155834643146,0,1
MN0801,Upper East Side-Lenox Hill-Roosevelt Island,Manhattan,9.01,180,3.67,187,16.8,62,621584.8186,5.1726,2,1,1,2,0,2023-06-30,MN08,0.0,0.0,0.22197558268590456,0,1,High,1,0,1.0986122886681098,0.20046887911434205,0.5348155834643146,0,1
MN0801,Upper East Side-Lenox Hill-Roosevelt Island,Manhattan,9.01,180,3.67,187,16.8,62,621584.8186,5.1726,2,1,1,2,0,2023-07-31,MN08,0.0,0.0,0.22197558268590456,0,1,High,1,0,1.0986122886681098,0.20046887911434205,0.5348155834643146,0,1
MN0801,Upper East Side-Lenox Hill-Roosevelt Island,Manhattan,9.01,180,3.67,187,16.8,62,621584.8186,5.1726,2,1,1,2,0,2023-08-31,MN08,0.0,0.0,0.22197558268590456,0,1,High,1,0,1.0986122886681098,0.20046887911434205,0.5348155834643146,0,1
MN0801,Upper East Side-Lenox Hill-Roosevelt Island,Manhattan,9.01,180,3.67,187,16.8,62,621584.8186,5.1726,2,1,1,2,0,2023-09-30,MN08,0.0,0.0,0.22197558268590456,0,1,High,1,0,1.0986122886681098,0.20046887911434205,0.5348155834643146,0,1
MN0801,Upper East Side-Lenox Hill-Roosevelt Island,Manhattan,9.01,180,3.67,187,16.8,62,621584.8186,5.1726,2,1,1,2,0,2023-10-31,MN08,0.0,0.0,0.22197558268590456,0,1,High,1,0,1.0986122886681098,0.20046887911434205,0.5348155834643146,0,1
MN0801,Upper East Side-Lenox Hill-Roosevelt Island,Manhattan,9.01,180,3.67,187,16.8,62,621584.8186,5.1726,2,1,1,2,0,2023-11-30,MN08,0.0,0.0,0.22197558268590456,0,1,High,1,0,1.0986122886681098,0.20046887911434205,0.5348155834643146,0,1
MN0801,Upper East Side-Lenox Hill-Roosevelt Island,Manhattan,9.01,180,3.67,187,16.8,62,621584.8186,5.1726,2,1,1,2,0,2023-12-31,MN08,0.0,0.0,0.22197558268590456,0,1,High,1,0,1.0986122886681098,0.20046887911434205,0.5348155834643146,0,1
MN0801,Upper East Side-Lenox Hill-Roosevelt Island,Manhattan,9.01,180,3.67,187,16.8,62,621584.8186,5.1726,2,1,1,2,0,2024-01-31,MN08,0.0,0.0,0.22197558268590456,0,1,High,1,0,1.0986122886681098,0.20046887911434205,0.5348155834643146,0,1
MN0801,Upper East Side-Lenox Hill-Roosevelt Island,Manhattan,9.01,180,3.67,187,16.8,62,621584.8186,5.1726,2,1,1,2,0,2024-02-29,MN08,0.0,0.0,0.22197558268590456,0,1,High,1,0,1.0986122886681098,0.20046887911434205,0.5348155834643146,0,1
MN0801,Upper East Side-Lenox Hill-Roosevelt Island,Manhattan,9.01,180,3.67,187,16.8,62,621584.8186,5.1726,2,1,1,2,0,2024-03-31,MN08,0.0,0.0,0.22197558268590456,0,1,High,1,0,1.0986122886681098,0.20046887911434205,0.5348155834643146,0,1
MN0801,Upper East Side-Lenox Hill-Roosevelt Island,Manhattan,9.01,180,3.67,187,16.8,62,621584.8186,5.1726,2,1,1,2,0,2024-04-30,MN08,0.0,0.0,0.22197558268590456,0,1,High,1,0,1.0986122886681098,0.20046887911434205,0.5348155834643146,0,1
MN0801,Upper East Side-Lenox Hill-Roosevelt Island,Manhattan,9.01,180,3.67,187,16.8,62,621584.8186,5.1726,2,1,1,2,0,2024-05-31,MN08,0.0,0.0,0.22197558268590456,0,1,High,1,0,1.0986122886681098,0.20046887911434205,0.5348155834643146,0,1
MN0801,Upper East Side-Lenox Hill-Roosevelt Island,Manhattan,9.01,180,3.67,187,16.8,62,621584.8186,5.1726,2,1,1,2,0,2024-06-30,MN08,0.0,0.0,0.22197558268590456,0,1,High,1,0,1.0986122886681098,0.20046887911434205,0.5348155834643146,0,1
MN0801,Upper East Side-Lenox Hill-Roosevelt Island,Manhattan,9.01,180,3.67,187,16.8,62,621584.8186,5.1726,2,1,1,2,0,2024-07-31,MN08,0.0,0.0,0.22197558268590456,0,1,High,1,0,1.0986122886681098,0.20046887911434205,0.5348155834643146,0,1
MN0801,Upper East Side-Lenox Hill-Roosevelt Island,Manhattan,9.01,180,3.67,187,16.8,62,621584.8186,5.1726,2,1,1,2,0,2024-08-31,MN08,0.0,0.0,0.22197558268590456,0,1,High,1,0,1.0986122886681098,0.20046887911434205,0.5348155834643146,0,1
MN0801,Upper East Side-Lenox Hill-Roosevelt Island,Manhattan,9.01,180,3.67,187,16.8,62,621584.8186,5.1726,2,1,1,2,0,2024-09-30,MN08,0.0,0.0,0.22197558268590456,0,1,High,1,0,1.0986122886681098,0.20046887911434205,0.5348155834643146,0,1
MN0801,Upper East Side-Lenox Hill-Roosevelt Island,Manhattan,9.01,180,3.67,187,16.8,62,621584.8186,5.1726,2,1,1,2,0,2024-10-31,MN08,0.0,0.0,0.22197558268590456,0,1,High,1,0,1.0986122886681098,0.20046887911434205,0.5348155834643146,0,1
MN0801,Upper East Side-Lenox Hill-Roosevelt Island,Manhattan,9.01,180,3.67,187,16.8,62,621584.8186,5.1726,2,1,1,2,0,2024-11-30,MN08,0.0,0.0,0.22197558268590456,0,1,High,1,0,1.0986122886681098,0.20046887911434205,0.5348155834643146,0,1
MN0801,Upper East Side-Lenox Hill-Roosevelt Island,Manhattan,9.01,180,3.67,187,16.8,62,621584.8186,5.1726,2,1,1,2,0,2024-12-31,MN08,0.0,0.0,0.22197558268590456,0,1,High,1,0,1.0986122886681098,0.20046887911434205,0.5348155834643146,0,1
QN0503,Glendale,Queens,17.72,67,4.88,171,14.81,99,79226.3245,5.1623,0,0,0,0,0,2023-01-31,QN05,285.0,0.0,0.0,0,0,Low,0,0,0.0,0.0,0.5332438082739467,1,0
QN0503,Glendale,Queens,17.72,67,4.88,171,14.81,99,79226.3245,5.1623,0,0,0,0,0,2023-02-28,QN05,283.0,0.0,0.0,0,0,Low,0,0,0.0,0.0,0.5332438082739467,1,0
QN0503,Glendale,Queens,17.72,67,4.88,171,14.81,99,79226.3245,5.1623,0,0,0,0,0,2023-03-31,QN05,289.0,0.0,0.0,0,0,Low,0,0,0.0,0.0,0.5332438082739467,1,0
QN0503,Glendale,Queens,17.72,67,4.88,171,14.81,99,79226.3245,5.1623,0,0,0,0,0,2023-04-30,QN05,289.0,0.0,0.0,0,0,Low,0,0,0.0,0.0,0.5332438082739467,1,0
QN0503,Glendale,Queens,17.72,67,4.88,171,14.81,99,79226.3245,5.1623,0,0,0,0,0,2023-05-31,QN05,279.0,0.0,0.0,0,0,Low,0,0,0.0,0.0,0.5332438082739467,1,0
QN0503,Glendale,Queens,17.72,67,4.88,171,14.81,99,79226.3245,5.1623,0,0,0,0,0,2023-06-30,QN05,285.0,0.0,0.0,0,0,Low,0,0,0.0,0.0,0.5332438082739467,1,0
QN0503,Glendale,Queens,17.72,67,4.88,171,14.81,99,79226.3245,5.1623,0,0,0,0,0,2023-07-31,QN05,287.0,0.0,0.0,0,0,Low,0,0,0.0,0.0,0.5332438082739467,1,0
QN0503,Glendale,Queens,17.72,67,4.88,171,14.81,99,79226.3245,5.1623,0,0,0,0,0,2023-08-31,QN05,286.0,0.0,0.0,0,0,Low,0,0,0.0,0.0,0.5332438082739467,1,0
QN0503,Glendale,Queens,17.72,67,4.88,171,14.81,99,79226.3245,5.1623,0,0,0,0,0,2023-09-30,QN05,276.0,0.0,0.0,0,0,Low,0,0,0.0,0.0,0.5332438082739467,1,0
QN0503,Glendale,Queens,17.72,67,4.88,171,14.81,99,79226.3245,5.1623,0,0,0,0,0,2023-10-31,QN05,274.0,0.0,0.0,0,0,Low,0,0,0.0,0.0,0.5332438082739467,1,0
QN0503,Glendale,Queens,17.72,67,4.88,171,14.81,99,79226.3245,5.1623,0,0,0,0,0,2023-11-30,QN05,265.0,0.0,0.0,0,0,Low,0,0,0.0,0.0,0.5332438082739467,1,0
QN0503,Glendale,Queens,17.72,67,4.88,171,14.81,99,79226.3245,5.1623,0,0,0,0,0,2023-12-31,QN05,261.0,0.0,0.0,0,0,Low,0,0,0.0,0.0,0.5332438082739467,1,0
QN0503,Glendale,Queens,17.72,67,4.88,171,14.81,99,79226.3245,5.1623,0,0,0,0,0,2024-01-31,QN05,262.0,0.0,0.0,0,0,Low,0,0,0.0,0.0,0.5332438082739467,1,0
QN0503,Glendale,Queens,17.72,67,4.88,171,14.81,99,79226.3245,5.1623,0,0,0,0,0,2024-02-29,QN05,259.0,0.0,0.0,0,0,Low,0,0,0.0,0.0,0.5332438082739467,1,0
QN0503,Glendale,Queens,17.72,67,4.88,171,14.81,99,79226.3245,5.1623,0,0,0,0,0,2024-03-31,QN05,255.0,0.0,0.0,0,0,Low,0,0,0.0,0.0,0.5332438082739467,1,0
QN0503,Glendale,Queens,17.72,67,4.88,171,14.81,99,79226.3245,5.1623,0,0,0,0,0,2024-04-30,QN05,228.0,0.0,0.0,0,0,Low,0,0,0.0,0.0,0.5332438082739467,1,0
QN0503,Glendale,Queens,17.72,67,4.88,171,14.81,99,79226.3245,5.1623,0,0,0,0,0,2024-05-31,QN05,227.0,0.0,0.0,0,0,Low,0,0,0.0,0.0,0.5332438082739467,1,0
QN0503,Glendale,Queens,17.72,67,4.88,171,14.81,99,79226.3245,5.1623,0,0,0,0,0,2024-06-30,QN05,246.0,0.0,0.0,0,0,Low,0,0,0.0,0.0,0.5332438082739467,1,0
QN0503,Glendale,Queens,17.72,67,4.88,171,14.81,99,79226.3245,5.1623,0,0,0,0,0,2024-07-31,QN05,240.0,0.0,0.0,0,0,Low,0,0,0.0,0.0,0.5332438082739467,1,0
QN0503,Glendale,Queens,17.72,67,4.88,171,14.81,99,79226.3245,5.1623,0,0,0,0,0,2024-08-31,QN05,242.0,0.0,0.0,0,0,Low,0,0,0.0,0.0,0.5332438082739467,1,0
QN0503,Glendale,Queens,17.72,67,4.88,171,14.81,99,79226.3245,5.1623,0,0,0,0,0,2024-09-30,QN05,234.0,0.0,0.0,0,0,Low,0,0,0.0,0.0,0.5332438082739467,1,0
QN0503,Glendale,Queens,17.72,67,4.88,171,14.81,99,79226.3245,5.1623,0,0,0,0,0,2024-10-31,QN05,246.0,0.0,0.0,0,0,Low,0,0,0.0,0.0,0.5332438082739467,1,0
QN0503,Glendale,Queens,17.72,67,4.88,171,14.81,99,79226.3245,5.1623,0,0,0,0,0,2024-11-30,QN05,224.0,0.0,0.0,0,0,Low,0,0,0.0,0.0,0.5332438082739467,1,0
QN0503,Glendale,Queens,17.72,67,4.88,171,14.81,99,79226.3245,5.1623,0,0,0,0,0,2024-12-31,QN05,232.0,0.0,0.0,0,0,Low,0,0,0.0,0.0,0.5332438082739467,1,0
MN0803,Upper East Side-Yorkville,Manhattan,10.16,169,5.2,160,11.88,157,487634.8317,5.1603,3,2,1,3,0,2023-01-31,MN08,0.0,0.0,0.2952755905511811,0,1,High,1,0,1.3862943611198906,0.2587234837468353,0.5329386092078559,0,1
MN0803,Upper East Side-Yorkville,Manhattan,10.16,169,5.2,160,11.88,157,487634.8317,5.1603,3,2,1,3,0,2023-02-28,MN08,0.0,0.0,0.2952755905511811,0,1,High,1,0,1.3862943611198906,0.2587234837468353,0.5329386092078559,0,1
MN0803,Upper East Side-Yorkville,Manhattan,10.16,169,5.2,160,11.88,157,487634.8317,5.1603,3,2,1,3,0,2023-03-31,MN08,0.0,0.0,0.2952755905511811,0,1,High,1,0,1.3862943611198906,0.2587234837468353,0.5329386092078559,0,1
MN0803,Upper East Side-Yorkville,Manhattan,10.16,169,5.2,160,11.88,157,487634.8317,5.1603,3,2,1,3,0,2023-04-30,MN08,0.0,0.0,0.2952755905511811,0,1,High,1,0,1.3862943611198906,0.2587234837468353,0.5329386092078559,0,1
MN0803,Upper East Side-Yorkville,Manhattan,10.16,169,5.2,160,11.88,157,487634.8317,5.1603,3,2,1,3,0,2023-05-31,MN08,0.0,0.0,0.2952755905511811,0,1,High,1,0,1.3862943611198906,0.2587234837468353,0.5329386092078559,0,1
MN0803,Upper East Side-Yorkville,Manhattan,10.16,169,5.2,160,11.88,157,487634.8317,5.1603,3,2,1,3,0,2023-06-30,MN08,0.0,0.0,0.2952755905511811,0,1,High,1,0,1.3862943611198906,0.2587234837468353,0.5329386092078559,0,1
MN0803,Upper East Side-Yorkville,Manhattan,10.16,169,5.2,160,11.88,157,487634.8317,5.1603,3,2,1,3,0,2023-07-31,MN08,0.0,0.0,0.2952755905511811,0,1,High,1,0,1.3862943611198906,0.2587234837468353,0.5329386092078559,0,1
MN0803,Upper East Side-Yorkville,Manhattan,10.16,169,5.2,160,11.88,157,487634.8317,5.1603,3,2,1,3,0,2023-08-31,MN08,0.0,0.0,0.2952755905511811,0,1,High,1,0,1.3862943611198906,0.2587234837468353,0.5329386092078559,0,1
MN0803,Upper East Side-Yorkville,Manhattan,10.16,169,5.2,160,11.88,157,487634.8317,5.1603,3,2,1,3,0,2023-09-30,MN08,0.0,0.0,0.2952755905511811,0,1,High,1,0,1.3862943611198906,0.2587234837468353,0.5329386092078559,0,1
MN0803,Upper East Side-Yorkville,Manhattan,10.16,169,5.2,160,11.88,157,487634.8317,5.1603,3,2,1,3,0,2023-10-31,MN08,0.0,0.0,0.2952755905511811,0,1,High,1,0,1.3862943611198906,0.2587234837468353,0.5329386092078559,0,1
MN0803,Upper East Side-Yorkville,Manhattan,10.16,169,5.2,160,11.88,157,487634.8317,5.1603,3,2,1,3,0,2023-11-30,MN08,0.0,0.0,0.2952755905511811,0,1,High,1,0,1.3862943611198906,0.2587234837468353,0.5329386092078559,0,1
MN0803,Upper East Side-Yorkville,Manhattan,10.16,169,5.2,160,11.88,157,487634.8317,5.1603,3,2,1,3,0,2023-12-31,MN08,0.0,0.0,0.2952755905511811,0,1,High,1,0,1.3862943611198906,0.2587234837468353,0.5329386092078559,0,1
MN0803,Upper East Side-Yorkville,Manhattan,10.16,169,5.2,160,11.88,157,487634.8317,5.1603,3,2,1,3,0,2024-01-31,MN08,0.0,0.0,0.2952755905511811,0,1,High,1,0,1.3862943611198906,0.2587234837468353,0.5329386092078559,0,1
MN0803,Upper East Side-Yorkville,Manhattan,10.16,169,5.2,160,11.88,157,487634.8317,5.1603,3,2,1,3,0,2024-02-29,MN08,0.0,0.0,0.2952755905511811,0,1,High,1,0,1.3862943611198906,0.2587234837468353,0.5329386092078559,0,1
MN0803,Upper East Side-Yorkville,Manhattan,10.16,169,5.2,160,11.88,157,487634.8317,5.1603,3,2,1,3,0,2024-03-31,MN08,0.0,0.0,0.2952755905511811,0,1,High,1,0,1.3862943611198906,0.2587234837468353,0.5329386092078559,0,1
MN0803,Upper East Side-Yorkville,Manhattan,10.16,169,5.2,160,11.88,157,487634.8317,5.1603,3,2,1,3,0,2024-04-30,MN08,0.0,0.0,0.2952755905511811,0,1,High,1,0,1.3862943611198906,0.2587234837468353,0.5329386092078559,0,1
MN0803,Upper East Side-Yorkville,Manhattan,10.16,169,5.2,160,11.88,157,487634.8317,5.1603,3,2,1,3,0,2024-05-31,MN08,0.0,0.0,0.2952755905511811,0,1,High,1,0,1.3862943611198906,0.2587234837468353,0.5329386092078559,0,1
MN0803,Upper East Side-Yorkville,Manhattan,10.16,169,5.2,160,11.88,157,487634.8317,5.1603,3,2,1,3,0,2024-06-30,MN08,0.0,0.0,0.2952755905511811,0,1,High,1,0,1.3862943611198906,0.2587234837468353,0.5329386092078559,0,1
MN0803,Upper East Side-Yorkville,Manhattan,10.16,169,5.2,160,11.88,157,487634.8317,5.1603,3,2,1,3,0,2024-07-31,MN08,0.0,0.0,0.2952755905511811,0,1,High,1,0,1.3862943611198906,0.2587234837468353,0.5329386092078559,0,1
MN0803,Upper East Side-Yorkville,Manhattan,10.16,169,5.2,160,11.88,157,487634.8317,5.1603,3,2,1,3,0,2024-08-31,MN08,0.0,0.0,0.2952755905511811,0,1,High,1,0,1.3862943611198906,0.2587234837468353,0.5329386092078559,0,1
MN0803,Upper East Side-Yorkville,Manhattan,10.16,169,5.2,160,11.88,157,487634.8317,5.1603,3,2,1,3,0,2024-09-30,MN08,0.0,0.0,0.2952755905511811,0,1,High,1,0,1.3862943611198906,0.2587234837468353,0.5329386092078559,0,1
MN0803,Upper East Side-Yorkville,Manhattan,10.16,169,5.2,160,11.88,157,487634.8317,5.1603,3,2,1,3,0,2024-10-31,MN08,0.0,0.0,0.2952755905511811,0,1,High,1,0,1.3862943611198906,0.2587234837468353,0.5329386092078559,0,1
MN0803,Upper East Side-Yorkville,Manhattan,10.16,169,5.2,160,11.88,157,487634.8317,5.1603,3,2,1,3,0,2024-11-30,MN08,0.0,0.0,0.2952755905511811,0,1,High,1,0,1.3862943611198906,0.2587234837468353,0.5329386092078559,0,1
MN0803,Upper East Side-Yorkville,Manhattan,10.16,169,5.2,160,11.88,157,487634.8317,5.1603,3,2,1,3,0,2024-12-31,MN08,0.0,0.0,0.2952755905511811,0,1,High,1,0,1.3862943611198906,0.2587234837468353,0.5329386092078559,0,1
QN0201,Long Island City-Hunters Point,Queens,11.46,153,5.53,144,20.54,29,-277593.3785,5.1386,0,0,0,0,0,2023-01-31,QN02,291.0,0.0,0.0,0,0,Low,0,0,0.0,0.0,0.5296271993407701,1,0
QN0201,Long Island City-Hunters Point,Queens,11.46,153,5.53,144,20.54,29,-277593.3785,5.1386,0,0,0,0,0,2023-02-28,QN02,307.0,0.0,0.0,0,0,Low,0,0,0.0,0.0,0.5296271993407701,1,0
QN0201,Long Island City-Hunters Point,Queens,11.46,153,5.53,144,20.54,29,-277593.3785,5.1386,0,0,0,0,0,2023-03-31,QN02,292.0,0.0,0.0,0,0,Low,0,0,0.0,0.0,0.5296271993407701,1,0
QN0201,Long Island City-Hunters Point,Queens,11.46,153,5.53,144,20.54,29,-277593.3785,5.1386,0,0,0,0,0,2023-04-30,QN02,295.0,0.0,0.0,0,0,Low,0,0,0.0,0.0,0.5296271993407701,1,0
QN0201,Long Island City-Hunters Point,Queens,11.46,153,5.53,144,20.54,29,-277593.3785,5.1386,0,0,0,0,0,2023-05-31,QN02,285.0,0.0,0.0,0,0,Low,0,0,0.0,0.0,0.5296271993407701,1,0
QN0201,Long Island City-Hunters Point,Queens,11.46,153,5.53,144,20.54,29,-277593.3785,5.1386,0,0,0,0,0,2023-06-30,QN02,291.0,0.0,0.0,0,0,Low,0,0,0.0,0.0,0.5296271993407701,1,0
QN0201,Long Island City-Hunters Point,Queens,11.46,153,5.53,144,20.54,29,-277593.3785,5.1386,0,0,0,0,0,2023-07-31,QN02,281.0,0.0,0.0,0,0,Low,0,0,0.0,0.0,0.5296271993407701,1,0
QN0201,Long Island City-Hunters Point,Queens,11.46,153,5.53,144,20.54,29,-277593.3785,5.1386,0,0,0,0,0,2023-08-31,QN02,297.0,0.0,0.0,0,0,Low,0,0,0.0,0.0,0.5296271993407701,1,0
QN0201,Long Island City-Hunters Point,Queens,11.46,153,5.53,144,20.54,29,-277593.3785,5.1386,0,0,0,0,0,2023-09-30,QN02,279.0,0.0,0.0,0,0,Low,0,0,0.0,0.0,0.5296271993407701,1,0
QN0201,Long Island City-Hunters Point,Queens,11.46,153,5.53,144,20.54,29,-277593.3785,5.1386,0,0,0,0,0,2023-10-31,QN02,304.0,0.0,0.0,0,0,Low,0,0,0.0,0.0,0.5296271993407701,1,0
QN0201,Long Island City-Hunters Point,Queens,11.46,153,5.53,144,20.54,29,-277593.3785,5.1386,0,0,0,0,0,2023-11-30,QN02,293.0,0.0,0.0,0,0,Low,0,0,0.0,0.0,0.5296271993407701,1,0
QN0201,Long Island City-Hunters Point,Queens,11.46,153,5.53,144,20.54,29,-277593.3785,5.1386,0,0,0,0,0,2023-12-31,QN02,285.0,0.0,0.0,0,0,Low,0,0,0.0,0.0,0.5296271993407701,1,0
QN0201,Long Island City-Hunters Point,Queens,11.46,153,5.53,144,20.54,29,-277593.3785,5.1386,0,0,0,0,0,2024-01-31,QN02,303.0,0.0,0.0,0,0,Low,0,0,0.0,0.0,0.5296271993407701,1,0
QN0201,Long Island City-Hunters Point,Queens,11.46,153,5.53,144,20.54,29,-277593.3785,5.1386,0,0,0,0,0,2024-02-29,QN02,312.0,0.0,0.0,0,0,Low,0,0,0.0,0.0,0.5296271993407701,1,0
QN0201,Long Island City-Hunters Point,Queens,11.46,153,5.53,144,20.54,29,-277593.3785,5.1386,0,0,0,0,0,2024-03-31,QN02,288.0,0.0,0.0,0,0,Low,0,0,0.0,0.0,0.5296271993407701,1,0
QN0201,Long Island City-Hunters Point,Queens,11.46,153,5.53,144,20.54,29,-277593.3785,5.1386,0,0,0,0,0,2024-04-30,QN02,300.0,0.0,0.0,0,0,Low,0,0,0.0,0.0,0.5296271993407701,1,0
QN0201,Long Island City-Hunters Point,Queens,11.46,153,5.53,144,20.54,29,-277593.3785,5.1386,0,0,0,0,0,2024-05-31,QN02,268.0,0.0,0.0,0,0,Low,0,0,0.0,0.0,0.5296271993407701,1,0
QN0201,Long Island City-Hunters Point,Queens,11.46,153,5.53,144,20.54,29,-277593.3785,5.1386,0,0,0,0,0,2024-06-30,QN02,292.0,0.0,0.0,0,0,Low,0,0,0.0,0.0,0.5296271993407701,1,0
QN0201,Long Island City-Hunters Point,Queens,11.46,153,5.53,144,20.54,29,-277593.3785,5.1386,0,0,0,0,0,2024-07-31,QN02,297.0,0.0,0.0,0,0,Low,0,0,0.0,0.0,0.5296271993407701,1,0
QN0201,Long Island City-Hunters Point,Queens,11.46,153,5.53,144,20.54,29,-277593.3785,5.1386,0,0,0,0,0,2024-08-31,QN02,291.0,0.0,0.0,0,0,Low,0,0,0.0,0.0,0.5296271993407701,1,0
QN0201,Long Island City-Hunters Point,Queens,11.46,153,5.53,144,20.54,29,-277593.3785,5.1386,0,0,0,0,0,2024-09-30,QN02,296.0,0.0,0.0,0,0,Low,0,0,0.0,0.0,0.5296271993407701,1,0
QN0201,Long Island City-Hunters Point,Queens,11.46,153,5.53,144,20.54,29,-277593.3785,5.1386,0,0,0,0,0,2024-10-31,QN02,281.0,0.0,0.0,0,0,Low,0,0,0.0,0.0,0.5296271993407701,1,0
QN0201,Long Island City-Hunters Point,Queens,11.46,153,5.53,144,20.54,29,-277593.3785,5.1386,0,0,0,0,0,2024-11-30,QN02,278.0,0.0,0.0,0,0,Low,0,0,0.0,0.0,0.5296271993407701,1,0
QN0201,Long Island City-Hunters Point,Queens,11.46,153,5.53,144,20.54,29,-277593.3785,5.1386,0,0,0,0,0,2024-12-31,QN02,280.0,0.0,0.0,0,0,Low,0,0,0.0,0.0,0.5296271993407701,1,0
BK1502,Madison,Brooklyn,14.06,114,5.35,154,16.27,74,422269.3673,5.1318,1,1,0,1,0,2023-01-31,BK15,204.0,0.0,0.07112375533428164,0,0,Low,0,0,0.6931471805599453,0.06870833598922867,0.5285895225160611,1,0
BK1502,Madison,Brooklyn,14.06,114,5.35,154,16.27,74,422269.3673,5.1318,1,1,0,1,0,2023-02-28,BK15,204.0,0.0,0.07112375533428164,0,0,Low,0,0,0.6931471805599453,0.06870833598922867,0.5285895225160611,1,0
BK1502,Madison,Brooklyn,14.06,114,5.35,154,16.27,74,422269.3673,5.1318,1,1,0,1,0,2023-03-31,BK15,191.0,0.0,0.07112375533428164,0,0,Low,0,0,0.6931471805599453,0.06870833598922867,0.5285895225160611,1,0
BK1502,Madison,Brooklyn,14.06,114,5.35,154,16.27,74,422269.3673,5.1318,1,1,0,1,0,2023-04-30,BK15,196.0,0.0,0.07112375533428164,0,0,Low,0,0,0.6931471805599453,0.06870833598922867,0.5285895225160611,1,0
BK1502,Madison,Brooklyn,14.06,114,5.35,154,16.27,74,422269.3673,5.1318,1,1,0,1,0,2023-05-31,BK15,368.0,0.0,0.07112375533428164,0,0,Low,0,0,0.6931471805599453,0.06870833598922867,0.5285895225160611,1,0
BK1502,Madison,Brooklyn,14.06,114,5.35,154,16.27,74,422269.3673,5.1318,1,1,0,1,0,2023-06-30,BK15,363.0,0.0,0.07112375533428164,0,0,Low,0,0,0.6931471805599453,0.06870833598922867,0.5285895225160611,1,0
BK1502,Madison,Brooklyn,14.06,114,5.35,154,16.27,74,422269.3673,5.1318,1,1,0,1,0,2023-07-31,BK15,346.0,0.0,0.07112375533428164,0,0,Low,0,0,0.6931471805599453,0.06870833598922867,0.5285895225160611,1,0
BK1502,Madison,Brooklyn,14.06,114,5.35,154,16.27,74,422269.3673,5.1318,1,1,0,1,0,2023-08-31,BK15,335.0,0.0,0.07112375533428164,0,0,Low,0,0,0.6931471805599453,0.06870833598922867,0.5285895225160611,1,0
BK1502,Madison,Brooklyn,14.06,114,5.35,154,16.27,74,422269.3673,5.1318,1,1,0,1,0,2023-09-30,BK15,347.0,0.0,0.07112375533428164,0,0,Low,0,0,0.6931471805599453,0.06870833598922867,0.5285895225160611,1,0
BK1502,Madison,Brooklyn,14.06,114,5.35,154,16.27,74,422269.3673,5.1318,1,1,0,1,0,2023-10-31,BK15,529.0,0.0,0.07112375533428164,0,0,Low,0,0,0.6931471805599453,0.06870833598922867,0.5285895225160611,1,0
BK1502,Madison,Brooklyn,14.06,114,5.35,154,16.27,74,422269.3673,5.1318,1,1,0,1,0,2023-11-30,BK15,519.0,0.0,0.07112375533428164,0,0,Low,0,0,0.6931471805599453,0.06870833598922867,0.5285895225160611,1,0
BK1502,Madison,Brooklyn,14.06,114,5.35,154,16.27,74,422269.3673,5.1318,1,1,0,1,0,2023-12-31,BK15,496.0,0.0,0.07112375533428164,0,0,Low,0,0,0.6931471805599453,0.06870833598922867,0.5285895225160611,1,0
BK1502,Madison,Brooklyn,14.06,114,5.35,154,16.27,74,422269.3673,5.1318,1,1,0,1,0,2024-01-31,BK15,499.0,0.0,0.07112375533428164,0,0,Low,0,0,0.6931471805599453,0.06870833598922867,0.5285895225160611,1,0
BK1502,Madison,Brooklyn,14.06,114,5.35,154,16.27,74,422269.3673,5.1318,1,1,0,1,0,2024-02-29,BK15,499.0,0.0,0.07112375533428164,0,0,Low,0,0,0.6931471805599453,0.06870833598922867,0.5285895225160611,1,0
BK1502,Madison,Brooklyn,14.06,114,5.35,154,16.27,74,422269.3673,5.1318,1,1,0,1,0,2024-03-31,BK15,469.0,0.0,0.07112375533428164,0,0,Low,0,0,0.6931471805599453,0.06870833598922867,0.5285895225160611,1,0
BK1502,Madison,Brooklyn,14.06,114,5.35,154,16.27,74,422269.3673,5.1318,1,1,0,1,0,2024-04-30,BK15,471.0,0.0,0.07112375533428164,0,0,Low,0,0,0.6931471805599453,0.06870833598922867,0.5285895225160611,1,0
BK1502,Madison,Brooklyn,14.06,114,5.35,154,16.27,74,422269.3673,5.1318,1,1,0,1,0,2024-05-31,BK15,468.0,0.0,0.07112375533428164,0,0,Low,0,0,0.6931471805599453,0.06870833598922867,0.5285895225160611,1,0
BK1502,Madison,Brooklyn,14.06,114,5.35,154,16.27,74,422269.3673,5.1318,1,1,0,1,0,2024-06-30,BK15,191.0,0.0,0.07112375533428164,0,0,Low,0,0,0.6931471805599453,0.06870833598922867,0.5285895225160611,1,0
BK1502,Madison,Brooklyn,14.06,114,5.35,154,16.27,74,422269.3673,5.1318,1,1,0,1,0,2024-07-31,BK15,204.0,0.0,0.07112375533428164,0,0,Low,0,0,0.6931471805599453,0.06870833598922867,0.5285895225160611,1,0
BK1502,Madison,Brooklyn,14.06,114,5.35,154,16.27,74,422269.3673,5.1318,1,1,0,1,0,2024-08-31,BK15,189.0,0.0,0.07112375533428164,0,0,Low,0,0,0.6931471805599453,0.06870833598922867,0.5285895225160611,1,0
BK1502,Madison,Brooklyn,14.06,114,5.35,154,16.27,74,422269.3673,5.1318,1,1,0,1,0,2024-09-30,BK15,196.0,0.0,0.07112375533428164,0,0,Low,0,0,0.6931471805599453,0.06870833598922867,0.5285895225160611,1,0
BK1502,Madison,Brooklyn,14.06,114,5.35,154,16.27,74,422269.3673,5.1318,1,1,0,1,0,2024-10-31,BK15,194.0,0.0,0.07112375533428164,0,0,Low,0,0,0.6931471805599453,0.06870833598922867,0.5285895225160611,1,0
BK1502,Madison,Brooklyn,14.06,114,5.35,154,16.27,74,422269.3673,5.1318,1,1,0,1,0,2024-11-30,BK15,187.0,0.0,0.07112375533428164,0,0,Low,0,0,0.6931471805599453,0.06870833598922867,0.5285895225160611,1,0
BK1502,Madison,Brooklyn,14.06,114,5.35,154,16.27,74,422269.3673,5.1318,1,1,0,1,0,2024-12-31,BK15,182.0,0.0,0.07112375533428164,0,0,Low,0,0,0.6931471805599453,0.06870833598922867,0.5285895225160611,1,0
MN0802,Upper East Side-Carnegie Hill,Manhattan,17.81,66,5.11,163,11.06,167,520883.1931,5.1288,1,0,1,0,1,2023-01-31,MN08,0.0,0.0,0.05614823133071309,0,0,Low,1,1,0.6931471805599453,0.05462854601136874,0.5281317239169248,1,0
MN0802,Upper East Side-Carnegie Hill,Manhattan,17.81,66,5.11,163,11.06,167,520883.1931,5.1288,1,0,1,0,1,2023-02-28,MN08,0.0,0.0,0.05614823133071309,0,0,Low,1,1,0.6931471805599453,0.05462854601136874,0.5281317239169248,1,0
MN0802,Upper East Side-Carnegie Hill,Manhattan,17.81,66,5.11,163,11.06,167,520883.1931,5.1288,1,0,1,0,1,2023-03-31,MN08,0.0,0.0,0.05614823133071309,0,0,Low,1,1,0.6931471805599453,0.05462854601136874,0.5281317239169248,1,0
MN0802,Upper East Side-Carnegie Hill,Manhattan,17.81,66,5.11,163,11.06,167,520883.1931,5.1288,1,0,1,0,1,2023-04-30,MN08,0.0,0.0,0.05614823133071309,0,0,Low,1,1,0.6931471805599453,0.05462854601136874,0.5281317239169248,1,0
MN0802,Upper East Side-Carnegie Hill,Manhattan,17.81,66,5.11,163,11.06,167,520883.1931,5.1288,1,0,1,0,1,2023-05-31,MN08,0.0,0.0,0.05614823133071309,0,0,Low,1,1,0.6931471805599453,0.05462854601136874,0.5281317239169248,1,0
MN0802,Upper East Side-Carnegie Hill,Manhattan,17.81,66,5.11,163,11.06,167,520883.1931,5.1288,1,0,1,0,1,2023-06-30,MN08,0.0,0.0,0.05614823133071309,0,0,Low,1,1,0.6931471805599453,0.05462854601136874,0.5281317239169248,1,0
MN0802,Upper East Side-Carnegie Hill,Manhattan,17.81,66,5.11,163,11.06,167,520883.1931,5.1288,1,0,1,0,1,2023-07-31,MN08,0.0,0.0,0.05614823133071309,0,0,Low,1,1,0.6931471805599453,0.05462854601136874,0.5281317239169248,1,0
MN0802,Upper East Side-Carnegie Hill,Manhattan,17.81,66,5.11,163,11.06,167,520883.1931,5.1288,1,0,1,0,1,2023-08-31,MN08,0.0,0.0,0.05614823133071309,0,0,Low,1,1,0.6931471805599453,0.05462854601136874,0.5281317239169248,1,0
MN0802,Upper East Side-Carnegie Hill,Manhattan,17.81,66,5.11,163,11.06,167,520883.1931,5.1288,1,0,1,0,1,2023-09-30,MN08,0.0,0.0,0.05614823133071309,0,0,Low,1,1,0.6931471805599453,0.05462854601136874,0.5281317239169248,1,0
MN0802,Upper East Side-Carnegie Hill,Manhattan,17.81,66,5.11,163,11.06,167,520883.1931,5.1288,1,0,1,0,1,2023-10-31,MN08,0.0,0.0,0.05614823133071309,0,0,Low,1,1,0.6931471805599453,0.05462854601136874,0.5281317239169248,1,0
MN0802,Upper East Side-Carnegie Hill,Manhattan,17.81,66,5.11,163,11.06,167,520883.1931,5.1288,1,0,1,0,1,2023-11-30,MN08,0.0,0.0,0.05614823133071309,0,0,Low,1,1,0.6931471805599453,0.05462854601136874,0.5281317239169248,1,0
MN0802,Upper East Side-Carnegie Hill,Manhattan,17.81,66,5.11,163,11.06,167,520883.1931,5.1288,1,0,1,0,1,2023-12-31,MN08,0.0,0.0,0.05614823133071309,0,0,Low,1,1,0.6931471805599453,0.05462854601136874,0.5281317239169248,1,0
MN0802,Upper East Side-Carnegie Hill,Manhattan,17.81,66,5.11,163,11.06,167,520883.1931,5.1288,1,0,1,0,1,2024-01-31,MN08,0.0,0.0,0.05614823133071309,0,0,Low,1,1,0.6931471805599453,0.05462854601136874,0.5281317239169248,1,0
MN0802,Upper East Side-Carnegie Hill,Manhattan,17.81,66,5.11,163,11.06,167,520883.1931,5.1288,1,0,1,0,1,2024-02-29,MN08,0.0,0.0,0.05614823133071309,0,0,Low,1,1,0.6931471805599453,0.05462854601136874,0.5281317239169248,1,0
MN0802,Upper East Side-Carnegie Hill,Manhattan,17.81,66,5.11,163,11.06,167,520883.1931,5.1288,1,0,1,0,1,2024-03-31,MN08,0.0,0.0,0.05614823133071309,0,0,Low,1,1,0.6931471805599453,0.05462854601136874,0.5281317239169248,1,0
MN0802,Upper East Side-Carnegie Hill,Manhattan,17.81,66,5.11,163,11.06,167,520883.1931,5.1288,1,0,1,0,1,2024-04-30,MN08,0.0,0.0,0.05614823133071309,0,0,Low,1,1,0.6931471805599453,0.05462854601136874,0.5281317239169248,1,0
MN0802,Upper East Side-Carnegie Hill,Manhattan,17.81,66,5.11,163,11.06,167,520883.1931,5.1288,1,0,1,0,1,2024-05-31,MN08,0.0,0.0,0.05614823133071309,0,0,Low,1,1,0.6931471805599453,0.05462854601136874,0.5281317239169248,1,0
MN0802,Upper East Side-Carnegie Hill,Manhattan,17.81,66,5.11,163,11.06,167,520883.1931,5.1288,1,0,1,0,1,2024-06-30,MN08,0.0,0.0,0.05614823133071309,0,0,Low,1,1,0.6931471805599453,0.05462854601136874,0.5281317239169248,1,0
MN0802,Upper East Side-Carnegie Hill,Manhattan,17.81,66,5.11,163,11.06,167,520883.1931,5.1288,1,0,1,0,1,2024-07-31,MN08,0.0,0.0,0.05614823133071309,0,0,Low,1,1,0.6931471805599453,0.05462854601136874,0.5281317239169248,1,0
MN0802,Upper East Side-Carnegie Hill,Manhattan,17.81,66,5.11,163,11.06,167,520883.1931,5.1288,1,0,1,0,1,2024-08-31,MN08,0.0,0.0,0.05614823133071309,0,0,Low,1,1,0.6931471805599453,0.05462854601136874,0.5281317239169248,1,0
MN0802,Upper East Side-Carnegie Hill,Manhattan,17.81,66,5.11,163,11.06,167,520883.1931,5.1288,1,0,1,0,1,2024-09-30,MN08,0.0,0.0,0.05614823133071309,0,0,Low,1,1,0.6931471805599453,0.05462854601136874,0.5281317239169248,1,0
MN0802,Upper East Side-Carnegie Hill,Manhattan,17.81,66,5.11,163,11.06,167,520883.1931,5.1288,1,0,1,0,1,2024-10-31,MN08,0.0,0.0,0.05614823133071309,0,0,Low,1,1,0.6931471805599453,0.05462854601136874,0.5281317239169248,1,0
MN0802,Upper East Side-Carnegie Hill,Manhattan,17.81,66,5.11,163,11.06,167,520883.1931,5.1288,1,0,1,0,1,2024-11-30,MN08,0.0,0.0,0.05614823133071309,0,0,Low,1,1,0.6931471805599453,0.05462854601136874,0.5281317239169248,1,0
MN0802,Upper East Side-Carnegie Hill,Manhattan,17.81,66,5.11,163,11.06,167,520883.1931,5.1288,1,0,1,0,1,2024-12-31,MN08,0.0,0.0,0.05614823133071309,0,0,Low,1,1,0.6931471805599453,0.05462854601136874,0.5281317239169248,1,0
MN0203,West Village,Manhattan,11.54,152,7.27,93,10.26,177,253349.6214,5.1129,4,2,2,3,1,2023-01-31,MN02,0.0,0.0,0.3466204506065858,0,1,High,1,1,1.6094379124341003,0.2975980838595479,0.5257053913415024,0,1
MN0203,West Village,Manhattan,11.54,152,7.27,93,10.26,177,253349.6214,5.1129,4,2,2,3,1,2023-02-28,MN02,0.0,0.0,0.3466204506065858,0,1,High,1,1,1.6094379124341003,0.2975980838595479,0.5257053913415024,0,1
MN0203,West Village,Manhattan,11.54,152,7.27,93,10.26,177,253349.6214,5.1129,4,2,2,3,1,2023-03-31,MN02,0.0,0.0,0.3466204506065858,0,1,High,1,1,1.6094379124341003,0.2975980838595479,0.5257053913415024,0,1
MN0203,West Village,Manhattan,11.54,152,7.27,93,10.26,177,253349.6214,5.1129,4,2,2,3,1,2023-04-30,MN02,0.0,0.0,0.3466204506065858,0,1,High,1,1,1.6094379124341003,0.2975980838595479,0.5257053913415024,0,1
MN0203,West Village,Manhattan,11.54,152,7.27,93,10.26,177,253349.6214,5.1129,4,2,2,3,1,2023-05-31,MN02,0.0,0.0,0.3466204506065858,0,1,High,1,1,1.6094379124341003,0.2975980838595479,0.5257053913415024,0,1
MN0203,West Village,Manhattan,11.54,152,7.27,93,10.26,177,253349.6214,5.1129,4,2,2,3,1,2023-06-30,MN02,0.0,0.0,0.3466204506065858,0,1,High,1,1,1.6094379124341003,0.2975980838595479,0.5257053913415024,0,1
MN0203,West Village,Manhattan,11.54,152,7.27,93,10.26,177,253349.6214,5.1129,4,2,2,3,1,2023-07-31,MN02,0.0,0.0,0.3466204506065858,0,1,High,1,1,1.6094379124341003,0.2975980838595479,0.5257053913415024,0,1
MN0203,West Village,Manhattan,11.54,152,7.27,93,10.26,177,253349.6214,5.1129,4,2,2,3,1,2023-08-31,MN02,0.0,0.0,0.3466204506065858,0,1,High,1,1,1.6094379124341003,0.2975980838595479,0.5257053913415024,0,1
MN0203,West Village,Manhattan,11.54,152,7.27,93,10.26,177,253349.6214,5.1129,4,2,2,3,1,2023-09-30,MN02,0.0,0.0,0.3466204506065858,0,1,High,1,1,1.6094379124341003,0.2975980838595479,0.5257053913415024,0,1
MN0203,West Village,Manhattan,11.54,152,7.27,93,10.26,177,253349.6214,5.1129,4,2,2,3,1,2023-10-31,MN02,0.0,0.0,0.3466204506065858,0,1,High,1,1,1.6094379124341003,0.2975980838595479,0.5257053913415024,0,1
MN0203,West Village,Manhattan,11.54,152,7.27,93,10.26,177,253349.6214,5.1129,4,2,2,3,1,2023-11-30,MN02,0.0,0.0,0.3466204506065858,0,1,High,1,1,1.6094379124341003,0.2975980838595479,0.5257053913415024,0,1
MN0203,West Village,Manhattan,11.54,152,7.27,93,10.26,177,253349.6214,5.1129,4,2,2,3,1,2023-12-31,MN02,0.0,0.0,0.3466204506065858,0,1,High,1,1,1.6094379124341003,0.2975980838595479,0.5257053913415024,0,1
MN0203,West Village,Manhattan,11.54,152,7.27,93,10.26,177,253349.6214,5.1129,4,2,2,3,1,2024-01-31,MN02,0.0,0.0,0.3466204506065858,0,1,High,1,1,1.6094379124341003,0.2975980838595479,0.5257053913415024,0,1
MN0203,West Village,Manhattan,11.54,152,7.27,93,10.26,177,253349.6214,5.1129,4,2,2,3,1,2024-02-29,MN02,0.0,0.0,0.3466204506065858,0,1,High,1,1,1.6094379124341003,0.2975980838595479,0.5257053913415024,0,1
MN0203,West Village,Manhattan,11.54,152,7.27,93,10.26,177,253349.6214,5.1129,4,2,2,3,1,2024-03-31,MN02,0.0,0.0,0.3466204506065858,0,1,High,1,1,1.6094379124341003,0.2975980838595479,0.5257053913415024,0,1
MN0203,West Village,Manhattan,11.54,152,7.27,93,10.26,177,253349.6214,5.1129,4,2,2,3,1,2024-04-30,MN02,0.0,0.0,0.3466204506065858,0,1,High,1,1,1.6094379124341003,0.2975980838595479,0.5257053913415024,0,1
MN0203,West Village,Manhattan,11.54,152,7.27,93,10.26,177,253349.6214,5.1129,4,2,2,3,1,2024-05-31,MN02,0.0,0.0,0.3466204506065858,0,1,High,1,1,1.6094379124341003,0.2975980838595479,0.5257053913415024,0,1
MN0203,West Village,Manhattan,11.54,152,7.27,93,10.26,177,253349.6214,5.1129,4,2,2,3,1,2024-06-30,MN02,0.0,0.0,0.3466204506065858,0,1,High,1,1,1.6094379124341003,0.2975980838595479,0.5257053913415024,0,1
MN0203,West Village,Manhattan,11.54,152,7.27,93,10.26,177,253349.6214,5.1129,4,2,2,3,1,2024-07-31,MN02,0.0,0.0,0.3466204506065858,0,1,High,1,1,1.6094379124341003,0.2975980838595479,0.5257053913415024,0,1
MN0203,West Village,Manhattan,11.54,152,7.27,93,10.26,177,253349.6214,5.1129,4,2,2,3,1,2024-08-31,MN02,0.0,0.0,0.3466204506065858,0,1,High,1,1,1.6094379124341003,0.2975980838595479,0.5257053913415024,0,1
MN0203,West Village,Manhattan,11.54,152,7.27,93,10.26,177,253349.6214,5.1129,4,2,2,3,1,2024-09-30,MN02,0.0,0.0,0.3466204506065858,0,1,High,1,1,1.6094379124341003,0.2975980838595479,0.5257053913415024,0,1
MN0203,West Village,Manhattan,11.54,152,7.27,93,10.26,177,253349.6214,5.1129,4,2,2,3,1,2024-10-31,MN02,0.0,0.0,0.3466204506065858,0,1,High,1,1,1.6094379124341003,0.2975980838595479,0.5257053913415024,0,1
MN0203,West Village,Manhattan,11.54,152,7.27,93,10.26,177,253349.6214,5.1129,4,2,2,3,1,2024-11-30,MN02,0.0,0.0,0.3466204506065858,0,1,High,1,1,1.6094379124341003,0.2975980838595479,0.5257053913415024,0,1
MN0203,West Village,Manhattan,11.54,152,7.27,93,10.26,177,253349.6214,5.1129,4,2,2,3,1,2024-12-31,MN02,0.0,0.0,0.3466204506065858,0,1,High,1,1,1.6094379124341003,0.2975980838595479,0.5257053913415024,0,1
QN0802,Pomonok-Electchester-Hillcrest,Queens,10.66,166,8.73,60,13.8,116,37786.5637,5.1118,0,0,0,0,0,2023-01-31,QN08,315.0,0.0,0.0,0,0,Low,0,0,0.0,0.0,0.5255375318551524,1,0
QN0802,Pomonok-Electchester-Hillcrest,Queens,10.66,166,8.73,60,13.8,116,37786.5637,5.1118,0,0,0,0,0,2023-02-28,QN08,297.0,0.0,0.0,0,0,Low,0,0,0.0,0.0,0.5255375318551524,1,0
QN0802,Pomonok-Electchester-Hillcrest,Queens,10.66,166,8.73,60,13.8,116,37786.5637,5.1118,0,0,0,0,0,2023-03-31,QN08,303.0,0.0,0.0,0,0,Low,0,0,0.0,0.0,0.5255375318551524,1,0
QN0802,Pomonok-Electchester-Hillcrest,Queens,10.66,166,8.73,60,13.8,116,37786.5637,5.1118,0,0,0,0,0,2023-04-30,QN08,293.0,0.0,0.0,0,0,Low,0,0,0.0,0.0,0.5255375318551524,1,0
QN0802,Pomonok-Electchester-Hillcrest,Queens,10.66,166,8.73,60,13.8,116,37786.5637,5.1118,0,0,0,0,0,2023-05-31,QN08,311.0,0.0,0.0,0,0,Low,0,0,0.0,0.0,0.5255375318551524,1,0
QN0802,Pomonok-Electchester-Hillcrest,Queens,10.66,166,8.73,60,13.8,116,37786.5637,5.1118,0,0,0,0,0,2023-06-30,QN08,304.0,0.0,0.0,0,0,Low,0,0,0.0,0.0,0.5255375318551524,1,0
QN0802,Pomonok-Electchester-Hillcrest,Queens,10.66,166,8.73,60,13.8,116,37786.5637,5.1118,0,0,0,0,0,2023-07-31,QN08,291.0,0.0,0.0,0,0,Low,0,0,0.0,0.0,0.5255375318551524,1,0
QN0802,Pomonok-Electchester-Hillcrest,Queens,10.66,166,8.73,60,13.8,116,37786.5637,5.1118,0,0,0,0,0,2023-08-31,QN08,302.0,0.0,0.0,0,0,Low,0,0,0.0,0.0,0.5255375318551524,1,0
QN0802,Pomonok-Electchester-Hillcrest,Queens,10.66,166,8.73,60,13.8,116,37786.5637,5.1118,0,0,0,0,0,2023-09-30,QN08,296.0,0.0,0.0,0,0,Low,0,0,0.0,0.0,0.5255375318551524,1,0
QN0802,Pomonok-Electchester-Hillcrest,Queens,10.66,166,8.73,60,13.8,116,37786.5637,5.1118,0,0,0,0,0,2023-10-31,QN08,302.0,0.0,0.0,0,0,Low,0,0,0.0,0.0,0.5255375318551524,1,0
QN0802,Pomonok-Electchester-Hillcrest,Queens,10.66,166,8.73,60,13.8,116,37786.5637,5.1118,0,0,0,0,0,2023-11-30,QN08,307.0,0.0,0.0,0,0,Low,0,0,0.0,0.0,0.5255375318551524,1,0
QN0802,Pomonok-Electchester-Hillcrest,Queens,10.66,166,8.73,60,13.8,116,37786.5637,5.1118,0,0,0,0,0,2023-12-31,QN08,281.0,0.0,0.0,0,0,Low,0,0,0.0,0.0,0.5255375318551524,1,0
QN0802,Pomonok-Electchester-Hillcrest,Queens,10.66,166,8.73,60,13.8,116,37786.5637,5.1118,0,0,0,0,0,2024-01-31,QN08,304.0,0.0,0.0,0,0,Low,0,0,0.0,0.0,0.5255375318551524,1,0
QN0802,Pomonok-Electchester-Hillcrest,Queens,10.66,166,8.73,60,13.8,116,37786.5637,5.1118,0,0,0,0,0,2024-02-29,QN08,313.0,0.0,0.0,0,0,Low,0,0,0.0,0.0,0.5255375318551524,1,0
QN0802,Pomonok-Electchester-Hillcrest,Queens,10.66,166,8.73,60,13.8,116,37786.5637,5.1118,0,0,0,0,0,2024-03-31,QN08,304.0,0.0,0.0,0,0,Low,0,0,0.0,0.0,0.5255375318551524,1,0
QN0802,Pomonok-Electchester-Hillcrest,Queens,10.66,166,8.73,60,13.8,116,37786.5637,5.1118,0,0,0,0,0,2024-04-30,QN08,294.0,0.0,0.0,0,0,Low,0,0,0.0,0.0,0.5255375318551524,1,0
QN0802,Pomonok-Electchester-Hillcrest,Queens,10.66,166,8.73,60,13.8,116,37786.5637,5.1118,0,0,0,0,0,2024-05-31,QN08,298.0,0.0,0.0,0,0,Low,0,0,0.0,0.0,0.5255375318551524,1,0
QN0802,Pomonok-Electchester-Hillcrest,Queens,10.66,166,8.73,60,13.8,116,37786.5637,5.1118,0,0,0,0,0,2024-06-30,QN08,276.0,0.0,0.0,0,0,Low,0,0,0.0,0.0,0.5255375318551524,1,0
QN0802,Pomonok-Electchester-Hillcrest,Queens,10.66,166,8.73,60,13.8,116,37786.5637,5.1118,0,0,0,0,0,2024-07-31,QN08,282.0,0.0,0.0,0,0,Low,0,0,0.0,0.0,0.5255375318551524,1,0
QN0802,Pomonok-Electchester-Hillcrest,Queens,10.66,166,8.73,60,13.8,116,37786.5637,5.1118,0,0,0,0,0,2024-08-31,QN08,290.0,0.0,0.0,0,0,Low,0,0,0.0,0.0,0.5255375318551524,1,0
QN0802,Pomonok-Electchester-Hillcrest,Queens,10.66,166,8.73,60,13.8,116,37786.5637,5.1118,0,0,0,0,0,2024-09-30,QN08,278.0,0.0,0.0,0,0,Low,0,0,0.0,0.0,0.5255375318551524,1,0
QN0802,Pomonok-Electchester-Hillcrest,Queens,10.66,166,8.73,60,13.8,116,37786.5637,5.1118,0,0,0,0,0,2024-10-31,QN08,282.0,0.0,0.0,0,0,Low,0,0,0.0,0.0,0.5255375318551524,1,0
QN0802,Pomonok-Electchester-Hillcrest,Queens,10.66,166,8.73,60,13.8,116,37786.5637,5.1118,0,0,0,0,0,2024-11-30,QN08,297.0,0.0,0.0,0,0,Low,0,0,0.0,0.0,0.5255375318551524,1,0
QN0802,Pomonok-Electchester-Hillcrest,Queens,10.66,166,8.73,60,13.8,116,37786.5637,5.1118,0,0,0,0,0,2024-12-31,QN08,301.0,0.0,0.0,0,0,Low,0,0,0.0,0.0,0.5255375318551524,1,0
QN0703,Bay Terrace-Clearview,Queens,9.97,170,5.93,135,10.29,175,381067.5249,5.0869,0,0,0,0,0,2023-01-31,QN07,0.0,0.0,0.0,0,0,Low,0,0,0.0,0.0,0.5217378034823213,1,0
QN0703,Bay Terrace-Clearview,Queens,9.97,170,5.93,135,10.29,175,381067.5249,5.0869,0,0,0,0,0,2023-02-28,QN07,0.0,0.0,0.0,0,0,Low,0,0,0.0,0.0,0.5217378034823213,1,0
QN0703,Bay Terrace-Clearview,Queens,9.97,170,5.93,135,10.29,175,381067.5249,5.0869,0,0,0,0,0,2023-03-31,QN07,0.0,0.0,0.0,0,0,Low,0,0,0.0,0.0,0.5217378034823213,1,0
QN0703,Bay Terrace-Clearview,Queens,9.97,170,5.93,135,10.29,175,381067.5249,5.0869,0,0,0,0,0,2023-04-30,QN07,0.0,0.0,0.0,0,0,Low,0,0,0.0,0.0,0.5217378034823213,1,0
QN0703,Bay Terrace-Clearview,Queens,9.97,170,5.93,135,10.29,175,381067.5249,5.0869,0,0,0,0,0,2023-05-31,QN07,0.0,0.0,0.0,0,0,Low,0,0,0.0,0.0,0.5217378034823213,1,0
QN0703,Bay Terrace-Clearview,Queens,9.97,170,5.93,135,10.29,175,381067.5249,5.0869,0,0,0,0,0,2023-06-30,QN07,0.0,0.0,0.0,0,0,Low,0,0,0.0,0.0,0.5217378034823213,1,0
QN0703,Bay Terrace-Clearview,Queens,9.97,170,5.93,135,10.29,175,381067.5249,5.0869,0,0,0,0,0,2023-07-31,QN07,0.0,0.0,0.0,0,0,Low,0,0,0.0,0.0,0.5217378034823213,1,0
QN0703,Bay Terrace-Clearview,Queens,9.97,170,5.93,135,10.29,175,381067.5249,5.0869,0,0,0,0,0,2023-08-31,QN07,0.0,0.0,0.0,0,0,Low,0,0,0.0,0.0,0.5217378034823213,1,0
QN0703,Bay Terrace-Clearview,Queens,9.97,170,5.93,135,10.29,175,381067.5249,5.0869,0,0,0,0,0,2023-09-30,QN07,0.0,0.0,0.0,0,0,Low,0,0,0.0,0.0,0.5217378034823213,1,0
QN0703,Bay Terrace-Clearview,Queens,9.97,170,5.93,135,10.29,175,381067.5249,5.0869,0,0,0,0,0,2023-10-31,QN07,0.0,0.0,0.0,0,0,Low,0,0,0.0,0.0,0.5217378034823213,1,0
QN0703,Bay Terrace-Clearview,Queens,9.97,170,5.93,135,10.29,175,381067.5249,5.0869,0,0,0,0,0,2023-11-30,QN07,0.0,0.0,0.0,0,0,Low,0,0,0.0,0.0,0.5217378034823213,1,0
QN0703,Bay Terrace-Clearview,Queens,9.97,170,5.93,135,10.29,175,381067.5249,5.0869,0,0,0,0,0,2023-12-31,QN07,0.0,0.0,0.0,0,0,Low,0,0,0.0,0.0,0.5217378034823213,1,0
QN0703,Bay Terrace-Clearview,Queens,9.97,170,5.93,135,10.29,175,381067.5249,5.0869,0,0,0,0,0,2024-01-31,QN07,0.0,0.0,0.0,0,0,Low,0,0,0.0,0.0,0.5217378034823213,1,0
QN0703,Bay Terrace-Clearview,Queens,9.97,170,5.93,135,10.29,175,381067.5249,5.0869,0,0,0,0,0,2024-02-29,QN07,0.0,0.0,0.0,0,0,Low,0,0,0.0,0.0,0.5217378034823213,1,0
QN0703,Bay Terrace-Clearview,Queens,9.97,170,5.93,135,10.29,175,381067.5249,5.0869,0,0,0,0,0,2024-03-31,QN07,0.0,0.0,0.0,0,0,Low,0,0,0.0,0.0,0.5217378034823213,1,0
QN0703,Bay Terrace-Clearview,Queens,9.97,170,5.93,135,10.29,175,381067.5249,5.0869,0,0,0,0,0,2024-04-30,QN07,0.0,0.0,0.0,0,0,Low,0,0,0.0,0.0,0.5217378034823213,1,0
QN0703,Bay Terrace-Clearview,Queens,9.97,170,5.93,135,10.29,175,381067.5249,5.0869,0,0,0,0,0,2024-05-31,QN07,0.0,0.0,0.0,0,0,Low,0,0,0.0,0.0,0.5217378034823213,1,0
QN0703,Bay Terrace-Clearview,Queens,9.97,170,5.93,135,10.29,175,381067.5249,5.0869,0,0,0,0,0,2024-06-30,QN07,0.0,0.0,0.0,0,0,Low,0,0,0.0,0.0,0.5217378034823213,1,0
QN0703,Bay Terrace-Clearview,Queens,9.97,170,5.93,135,10.29,175,381067.5249,5.0869,0,0,0,0,0,2024-07-31,QN07,0.0,0.0,0.0,0,0,Low,0,0,0.0,0.0,0.5217378034823213,1,0
QN0703,Bay Terrace-Clearview,Queens,9.97,170,5.93,135,10.29,175,381067.5249,5.0869,0,0,0,0,0,2024-08-31,QN07,0.0,0.0,0.0,0,0,Low,0,0,0.0,0.0,0.5217378034823213,1,0
QN0703,Bay Terrace-Clearview,Queens,9.97,170,5.93,135,10.29,175,381067.5249,5.0869,0,0,0,0,0,2024-09-30,QN07,0.0,0.0,0.0,0,0,Low,0,0,0.0,0.0,0.5217378034823213,1,0
QN0703,Bay Terrace-Clearview,Queens,9.97,170,5.93,135,10.29,175,381067.5249,5.0869,0,0,0,0,0,2024-10-31,QN07,0.0,0.0,0.0,0,0,Low,0,0,0.0,0.0,0.5217378034823213,1,0
QN0703,Bay Terrace-Clearview,Queens,9.97,170,5.93,135,10.29,175,381067.5249,5.0869,0,0,0,0,0,2024-11-30,QN07,0.0,0.0,0.0,0,0,Low,0,0,0.0,0.0,0.5217378034823213,1,0
QN0703,Bay Terrace-Clearview,Queens,9.97,170,5.93,135,10.29,175,381067.5249,5.0869,0,0,0,0,0,2024-12-31,QN07,0.0,0.0,0.0,0,0,Low,0,0,0.0,0.0,0.5217378034823213,1,0
BX1001,Westchester Square,Bronx,24.31,26,7.08,104,17.98,48,-280008.9768,5.0758,1,1,0,1,0,2023-01-31,BX10,575.0,0.0,0.04113533525298231,0,0,Low,0,0,0.6931471805599453,0.04031178622900069,0.5200439486655171,1,0
BX1001,Westchester Square,Bronx,24.31,26,7.08,104,17.98,48,-280008.9768,5.0758,1,1,0,1,0,2023-02-28,BX10,580.0,0.0,0.04113533525298231,0,0,Low,0,0,0.6931471805599453,0.04031178622900069,0.5200439486655171,1,0
BX1001,Westchester Square,Bronx,24.31,26,7.08,104,17.98,48,-280008.9768,5.0758,1,1,0,1,0,2023-03-31,BX10,576.0,0.0,0.04113533525298231,0,0,Low,0,0,0.6931471805599453,0.04031178622900069,0.5200439486655171,1,0
BX1001,Westchester Square,Bronx,24.31,26,7.08,104,17.98,48,-280008.9768,5.0758,1,1,0,1,0,2023-04-30,BX10,569.0,0.0,0.04113533525298231,0,0,Low,0,0,0.6931471805599453,0.04031178622900069,0.5200439486655171,1,0
BX1001,Westchester Square,Bronx,24.31,26,7.08,104,17.98,48,-280008.9768,5.0758,1,1,0,1,0,2023-05-31,BX10,578.0,0.0,0.04113533525298231,0,0,Low,0,0,0.6931471805599453,0.04031178622900069,0.5200439486655171,1,0
BX1001,Westchester Square,Bronx,24.31,26,7.08,104,17.98,48,-280008.9768,5.0758,1,1,0,1,0,2023-06-30,BX10,568.0,0.0,0.04113533525298231,0,0,Low,0,0,0.6931471805599453,0.04031178622900069,0.5200439486655171,1,0
BX1001,Westchester Square,Bronx,24.31,26,7.08,104,17.98,48,-280008.9768,5.0758,1,1,0,1,0,2023-07-31,BX10,580.0,0.0,0.04113533525298231,0,0,Low,0,0,0.6931471805599453,0.04031178622900069,0.5200439486655171,1,0
BX1001,Westchester Square,Bronx,24.31,26,7.08,104,17.98,48,-280008.9768,5.0758,1,1,0,1,0,2023-08-31,BX10,591.0,0.0,0.04113533525298231,0,0,Low,0,0,0.6931471805599453,0.04031178622900069,0.5200439486655171,1,0
BX1001,Westchester Square,Bronx,24.31,26,7.08,104,17.98,48,-280008.9768,5.0758,1,1,0,1,0,2023-09-30,BX10,597.0,0.0,0.04113533525298231,0,0,Low,0,0,0.6931471805599453,0.04031178622900069,0.5200439486655171,1,0
BX1001,Westchester Square,Bronx,24.31,26,7.08,104,17.98,48,-280008.9768,5.0758,1,1,0,1,0,2023-10-31,BX10,585.0,0.0,0.04113533525298231,0,0,Low,0,0,0.6931471805599453,0.04031178622900069,0.5200439486655171,1,0
BX1001,Westchester Square,Bronx,24.31,26,7.08,104,17.98,48,-280008.9768,5.0758,1,1,0,1,0,2023-11-30,BX10,580.0,0.0,0.04113533525298231,0,0,Low,0,0,0.6931471805599453,0.04031178622900069,0.5200439486655171,1,0
BX1001,Westchester Square,Bronx,24.31,26,7.08,104,17.98,48,-280008.9768,5.0758,1,1,0,1,0,2023-12-31,BX10,576.0,0.0,0.04113533525298231,0,0,Low,0,0,0.6931471805599453,0.04031178622900069,0.5200439486655171,1,0
BX1001,Westchester Square,Bronx,24.31,26,7.08,104,17.98,48,-280008.9768,5.0758,1,1,0,1,0,2024-01-31,BX10,566.0,0.0,0.04113533525298231,0,0,Low,0,0,0.6931471805599453,0.04031178622900069,0.5200439486655171,1,0
BX1001,Westchester Square,Bronx,24.31,26,7.08,104,17.98,48,-280008.9768,5.0758,1,1,0,1,0,2024-02-29,BX10,500.0,0.0,0.04113533525298231,0,0,Low,0,0,0.6931471805599453,0.04031178622900069,0.5200439486655171,1,0
BX1001,Westchester Square,Bronx,24.31,26,7.08,104,17.98,48,-280008.9768,5.0758,1,1,0,1,0,2024-03-31,BX10,536.0,0.0,0.04113533525298231,0,0,Low,0,0,0.6931471805599453,0.04031178622900069,0.5200439486655171,1,0
BX1001,Westchester Square,Bronx,24.31,26,7.08,104,17.98,48,-280008.9768,5.0758,1,1,0,1,0,2024-04-30,BX10,533.0,0.0,0.04113533525298231,0,0,Low,0,0,0.6931471805599453,0.04031178622900069,0.5200439486655171,1,0
BX1001,Westchester Square,Bronx,24.31,26,7.08,104,17.98,48,-280008.9768,5.0758,1,1,0,1,0,2024-05-31,BX10,525.0,0.0,0.04113533525298231,0,0,Low,0,0,0.6931471805599453,0.04031178622900069,0.5200439486655171,1,0
BX1001,Westchester Square,Bronx,24.31,26,7.08,104,17.98,48,-280008.9768,5.0758,1,1,0,1,0,2024-06-30,BX10,525.0,0.0,0.04113533525298231,0,0,Low,0,0,0.6931471805599453,0.04031178622900069,0.5200439486655171,1,0
BX1001,Westchester Square,Bronx,24.31,26,7.08,104,17.98,48,-280008.9768,5.0758,1,1,0,1,0,2024-07-31,BX10,561.0,0.0,0.04113533525298231,0,0,Low,0,0,0.6931471805599453,0.04031178622900069,0.5200439486655171,1,0
BX1001,Westchester Square,Bronx,24.31,26,7.08,104,17.98,48,-280008.9768,5.0758,1,1,0,1,0,2024-08-31,BX10,540.0,0.0,0.04113533525298231,0,0,Low,0,0,0.6931471805599453,0.04031178622900069,0.5200439486655171,1,0
BX1001,Westchester Square,Bronx,24.31,26,7.08,104,17.98,48,-280008.9768,5.0758,1,1,0,1,0,2024-09-30,BX10,566.0,0.0,0.04113533525298231,0,0,Low,0,0,0.6931471805599453,0.04031178622900069,0.5200439486655171,1,0
BX1001,Westchester Square,Bronx,24.31,26,7.08,104,17.98,48,-280008.9768,5.0758,1,1,0,1,0,2024-10-31,BX10,566.0,0.0,0.04113533525298231,0,0,Low,0,0,0.6931471805599453,0.04031178622900069,0.5200439486655171,1,0
BX1001,Westchester Square,Bronx,24.31,26,7.08,104,17.98,48,-280008.9768,5.0758,1,1,0,1,0,2024-11-30,BX10,557.0,0.0,0.04113533525298231,0,0,Low,0,0,0.6931471805599453,0.04031178622900069,0.5200439486655171,1,0
BX1001,Westchester Square,Bronx,24.31,26,7.08,104,17.98,48,-280008.9768,5.0758,1,1,0,1,0,2024-12-31,BX10,543.0,0.0,0.04113533525298231,0,0,Low,0,0,0.6931471805599453,0.04031178622900069,0.5200439486655171,1,0
BK0402,Bushwick (East),Brooklyn,15.23,98,7.57,84,13.92,111,-831492.9453,5.0732,7,6,1,5,2,2023-01-31,BK04,833.0,1.0,0.45961917268548913,0,1,High,1,1,2.0794415416798357,0.3781755610690347,0.5196471898795989,0,1
BK0402,Bushwick (East),Brooklyn,15.23,98,7.57,84,13.92,111,-831492.9453,5.0732,7,6,1,5,2,2023-02-28,BK04,821.0,1.0,0.45961917268548913,0,1,High,1,1,2.0794415416798357,0.3781755610690347,0.5196471898795989,0,1
BK0402,Bushwick (East),Brooklyn,15.23,98,7.57,84,13.92,111,-831492.9453,5.0732,7,6,1,5,2,2023-03-31,BK04,818.0,1.0,0.45961917268548913,0,1,High,1,1,2.0794415416798357,0.3781755610690347,0.5196471898795989,0,1
BK0402,Bushwick (East),Brooklyn,15.23,98,7.57,84,13.92,111,-831492.9453,5.0732,7,6,1,5,2,2023-04-30,BK04,851.0,1.0,0.45961917268548913,0,1,High,1,1,2.0794415416798357,0.3781755610690347,0.5196471898795989,0,1
BK0402,Bushwick (East),Brooklyn,15.23,98,7.57,84,13.92,111,-831492.9453,5.0732,7,6,1,5,2,2023-05-31,BK04,832.0,1.0,0.45961917268548913,0,1,High,1,1,2.0794415416798357,0.3781755610690347,0.5196471898795989,0,1
BK0402,Bushwick (East),Brooklyn,15.23,98,7.57,84,13.92,111,-831492.9453,5.0732,7,6,1,5,2,2023-06-30,BK04,853.0,1.0,0.45961917268548913,0,1,High,1,1,2.0794415416798357,0.3781755610690347,0.5196471898795989,0,1
BK0402,Bushwick (East),Brooklyn,15.23,98,7.57,84,13.92,111,-831492.9453,5.0732,7,6,1,5,2,2023-07-31,BK04,823.0,1.0,0.45961917268548913,0,1,High,1,1,2.0794415416798357,0.3781755610690347,0.5196471898795989,0,1
BK0402,Bushwick (East),Brooklyn,15.23,98,7.57,84,13.92,111,-831492.9453,5.0732,7,6,1,5,2,2023-08-31,BK04,824.0,1.0,0.45961917268548913,0,1,High,1,1,2.0794415416798357,0.3781755610690347,0.5196471898795989,0,1
BK0402,Bushwick (East),Brooklyn,15.23,98,7.57,84,13.92,111,-831492.9453,5.0732,7,6,1,5,2,2023-09-30,BK04,841.0,1.0,0.45961917268548913,0,1,High,1,1,2.0794415416798357,0.3781755610690347,0.5196471898795989,0,1
BK0402,Bushwick (East),Brooklyn,15.23,98,7.57,84,13.92,111,-831492.9453,5.0732,7,6,1,5,2,2023-10-31,BK04,824.0,1.0,0.45961917268548913,0,1,High,1,1,2.0794415416798357,0.3781755610690347,0.5196471898795989,0,1
BK0402,Bushwick (East),Brooklyn,15.23,98,7.57,84,13.92,111,-831492.9453,5.0732,7,6,1,5,2,2023-11-30,BK04,805.0,1.0,0.45961917268548913,0,1,High,1,1,2.0794415416798357,0.3781755610690347,0.5196471898795989,0,1
BK0402,Bushwick (East),Brooklyn,15.23,98,7.57,84,13.92,111,-831492.9453,5.0732,7,6,1,5,2,2023-12-31,BK04,792.0,1.0,0.45961917268548913,0,1,High,1,1,2.0794415416798357,0.3781755610690347,0.5196471898795989,0,1
BK0402,Bushwick (East),Brooklyn,15.23,98,7.57,84,13.92,111,-831492.9453,5.0732,7,6,1,5,2,2024-01-31,BK04,812.0,1.0,0.45961917268548913,0,1,High,1,1,2.0794415416798357,0.3781755610690347,0.5196471898795989,0,1
BK0402,Bushwick (East),Brooklyn,15.23,98,7.57,84,13.92,111,-831492.9453,5.0732,7,6,1,5,2,2024-02-29,BK04,777.0,0.0,0.45961917268548913,0,1,High,1,1,2.0794415416798357,0.3781755610690347,0.5196471898795989,0,1
BK0402,Bushwick (East),Brooklyn,15.23,98,7.57,84,13.92,111,-831492.9453,5.0732,7,6,1,5,2,2024-03-31,BK04,794.0,1.0,0.45961917268548913,0,1,High,1,1,2.0794415416798357,0.3781755610690347,0.5196471898795989,0,1
BK0402,Bushwick (East),Brooklyn,15.23,98,7.57,84,13.92,111,-831492.9453,5.0732,7,6,1,5,2,2024-04-30,BK04,801.0,1.0,0.45961917268548913,0,1,High,1,1,2.0794415416798357,0.3781755610690347,0.5196471898795989,0,1
BK0402,Bushwick (East),Brooklyn,15.23,98,7.57,84,13.92,111,-831492.9453,5.0732,7,6,1,5,2,2024-05-31,BK04,784.0,1.0,0.45961917268548913,0,1,High,1,1,2.0794415416798357,0.3781755610690347,0.5196471898795989,0,1
BK0402,Bushwick (East),Brooklyn,15.23,98,7.57,84,13.92,111,-831492.9453,5.0732,7,6,1,5,2,2024-06-30,BK04,787.0,1.0,0.45961917268548913,0,1,High,1,1,2.0794415416798357,0.3781755610690347,0.5196471898795989,0,1
BK0402,Bushwick (East),Brooklyn,15.23,98,7.57,84,13.92,111,-831492.9453,5.0732,7,6,1,5,2,2024-07-31,BK04,782.0,0.0,0.45961917268548913,0,1,High,1,1,2.0794415416798357,0.3781755610690347,0.5196471898795989,0,1
BK0402,Bushwick (East),Brooklyn,15.23,98,7.57,84,13.92,111,-831492.9453,5.0732,7,6,1,5,2,2024-08-31,BK04,767.0,0.0,0.45961917268548913,0,1,High,1,1,2.0794415416798357,0.3781755610690347,0.5196471898795989,0,1
BK0402,Bushwick (East),Brooklyn,15.23,98,7.57,84,13.92,111,-831492.9453,5.0732,7,6,1,5,2,2024-09-30,BK04,777.0,0.0,0.45961917268548913,0,1,High,1,1,2.0794415416798357,0.3781755610690347,0.5196471898795989,0,1
BK0402,Bushwick (East),Brooklyn,15.23,98,7.57,84,13.92,111,-831492.9453,5.0732,7,6,1,5,2,2024-10-31,BK04,831.0,1.0,0.45961917268548913,0,1,High,1,1,2.0794415416798357,0.3781755610690347,0.5196471898795989,0,1
BK0402,Bushwick (East),Brooklyn,15.23,98,7.57,84,13.92,111,-831492.9453,5.0732,7,6,1,5,2,2024-11-30,BK04,848.0,1.0,0.45961917268548913,0,1,High,1,1,2.0794415416798357,0.3781755610690347,0.5196471898795989,0,1
BK0402,Bushwick (East),Brooklyn,15.23,98,7.57,84,13.92,111,-831492.9453,5.0732,7,6,1,5,2,2024-12-31,BK04,838.0,1.0,0.45961917268548913,0,1,High,1,1,2.0794415416798357,0.3781755610690347,0.5196471898795989,0,1
BK0802,Crown Heights (North),Brooklyn,15.21,99,8.66,66,11.42,161,-1060374.8421,5.0635,9,7,2,6,3,2023-01-31,BK08,421.0,0.0,0.5917159763313609,0,1,High,1,1,2.302585092994046,0.4648126646787656,0.5181669744090583,0,1
BK0802,Crown Heights (North),Brooklyn,15.21,99,8.66,66,11.42,161,-1060374.8421,5.0635,9,7,2,6,3,2023-02-28,BK08,416.0,0.0,0.5917159763313609,0,1,High,1,1,2.302585092994046,0.4648126646787656,0.5181669744090583,0,1
BK0802,Crown Heights (North),Brooklyn,15.21,99,8.66,66,11.42,161,-1060374.8421,5.0635,9,7,2,6,3,2023-03-31,BK08,405.0,0.0,0.5917159763313609,0,1,High,1,1,2.302585092994046,0.4648126646787656,0.5181669744090583,0,1
BK0802,Crown Heights (North),Brooklyn,15.21,99,8.66,66,11.42,161,-1060374.8421,5.0635,9,7,2,6,3,2023-04-30,BK08,370.0,0.0,0.5917159763313609,0,1,High,1,1,2.302585092994046,0.4648126646787656,0.5181669744090583,0,1
BK0802,Crown Heights (North),Brooklyn,15.21,99,8.66,66,11.42,161,-1060374.8421,5.0635,9,7,2,6,3,2023-05-31,BK08,376.0,0.0,0.5917159763313609,0,1,High,1,1,2.302585092994046,0.4648126646787656,0.5181669744090583,0,1
BK0802,Crown Heights (North),Brooklyn,15.21,99,8.66,66,11.42,161,-1060374.8421,5.0635,9,7,2,6,3,2023-06-30,BK08,376.0,0.0,0.5917159763313609,0,1,High,1,1,2.302585092994046,0.4648126646787656,0.5181669744090583,0,1
BK0802,Crown Heights (North),Brooklyn,15.21,99,8.66,66,11.42,161,-1060374.8421,5.0635,9,7,2,6,3,2023-07-31,BK08,388.0,0.0,0.5917159763313609,0,1,High,1,1,2.302585092994046,0.4648126646787656,0.5181669744090583,0,1
BK0802,Crown Heights (North),Brooklyn,15.21,99,8.66,66,11.42,161,-1060374.8421,5.0635,9,7,2,6,3,2023-08-31,BK08,508.0,0.0,0.5917159763313609,0,1,High,1,1,2.302585092994046,0.4648126646787656,0.5181669744090583,0,1
BK0802,Crown Heights (North),Brooklyn,15.21,99,8.66,66,11.42,161,-1060374.8421,5.0635,9,7,2,6,3,2023-09-30,BK08,535.0,0.0,0.5917159763313609,0,1,High,1,1,2.302585092994046,0.4648126646787656,0.5181669744090583,0,1
BK0802,Crown Heights (North),Brooklyn,15.21,99,8.66,66,11.42,161,-1060374.8421,5.0635,9,7,2,6,3,2023-10-31,BK08,516.0,0.0,0.5917159763313609,0,1,High,1,1,2.302585092994046,0.4648126646787656,0.5181669744090583,0,1
BK0802,Crown Heights (North),Brooklyn,15.21,99,8.66,66,11.42,161,-1060374.8421,5.0635,9,7,2,6,3,2023-11-30,BK08,520.0,0.0,0.5917159763313609,0,1,High,1,1,2.302585092994046,0.4648126646787656,0.5181669744090583,0,1
BK0802,Crown Heights (North),Brooklyn,15.21,99,8.66,66,11.42,161,-1060374.8421,5.0635,9,7,2,6,3,2023-12-31,BK08,501.0,0.0,0.5917159763313609,0,1,High,1,1,2.302585092994046,0.4648126646787656,0.5181669744090583,0,1
BK0802,Crown Heights (North),Brooklyn,15.21,99,8.66,66,11.42,161,-1060374.8421,5.0635,9,7,2,6,3,2024-01-31,BK08,351.0,0.0,0.5917159763313609,0,1,High,1,1,2.302585092994046,0.4648126646787656,0.5181669744090583,0,1
BK0802,Crown Heights (North),Brooklyn,15.21,99,8.66,66,11.42,161,-1060374.8421,5.0635,9,7,2,6,3,2024-02-29,BK08,337.0,0.0,0.5917159763313609,0,1,High,1,1,2.302585092994046,0.4648126646787656,0.5181669744090583,0,1
BK0802,Crown Heights (North),Brooklyn,15.21,99,8.66,66,11.42,161,-1060374.8421,5.0635,9,7,2,6,3,2024-03-31,BK08,314.0,0.0,0.5917159763313609,0,1,High,1,1,2.302585092994046,0.4648126646787656,0.5181669744090583,0,1
BK0802,Crown Heights (North),Brooklyn,15.21,99,8.66,66,11.42,161,-1060374.8421,5.0635,9,7,2,6,3,2024-04-30,BK08,313.0,0.0,0.5917159763313609,0,1,High,1,1,2.302585092994046,0.4648126646787656,0.5181669744090583,0,1
BK0802,Crown Heights (North),Brooklyn,15.21,99,8.66,66,11.42,161,-1060374.8421,5.0635,9,7,2,6,3,2024-05-31,BK08,310.0,0.0,0.5917159763313609,0,1,High,1,1,2.302585092994046,0.4648126646787656,0.5181669744090583,0,1
BK0802,Crown Heights (North),Brooklyn,15.21,99,8.66,66,11.42,161,-1060374.8421,5.0635,9,7,2,6,3,2024-06-30,BK08,326.0,0.0,0.5917159763313609,0,1,High,1,1,2.302585092994046,0.4648126646787656,0.5181669744090583,0,1
BK0802,Crown Heights (North),Brooklyn,15.21,99,8.66,66,11.42,161,-1060374.8421,5.0635,9,7,2,6,3,2024-07-31,BK08,355.0,0.0,0.5917159763313609,0,1,High,1,1,2.302585092994046,0.4648126646787656,0.5181669744090583,0,1
BK0802,Crown Heights (North),Brooklyn,15.21,99,8.66,66,11.42,161,-1060374.8421,5.0635,9,7,2,6,3,2024-08-31,BK08,384.0,0.0,0.5917159763313609,0,1,High,1,1,2.302585092994046,0.4648126646787656,0.5181669744090583,0,1
BK0802,Crown Heights (North),Brooklyn,15.21,99,8.66,66,11.42,161,-1060374.8421,5.0635,9,7,2,6,3,2024-09-30,BK08,388.0,0.0,0.5917159763313609,0,1,High,1,1,2.302585092994046,0.4648126646787656,0.5181669744090583,0,1
BK0802,Crown Heights (North),Brooklyn,15.21,99,8.66,66,11.42,161,-1060374.8421,5.0635,9,7,2,6,3,2024-10-31,BK08,374.0,0.0,0.5917159763313609,0,1,High,1,1,2.302585092994046,0.4648126646787656,0.5181669744090583,0,1
BK0802,Crown Heights (North),Brooklyn,15.21,99,8.66,66,11.42,161,-1060374.8421,5.0635,9,7,2,6,3,2024-11-30,BK08,355.0,0.0,0.5917159763313609,0,1,High,1,1,2.302585092994046,0.4648126646787656,0.5181669744090583,0,1
BK0802,Crown Heights (North),Brooklyn,15.21,99,8.66,66,11.42,161,-1060374.8421,5.0635,9,7,2,6,3,2024-12-31,BK08,400.0,0.0,0.5917159763313609,0,1,High,1,1,2.302585092994046,0.4648126646787656,0.5181669744090583,0,1
SI0302,Great Kills-Eltingville,Staten Island,8.01,188,5.27,159,7.63,194,404970.069,5.023,1,1,0,1,0,2023-01-31,SI03,0.0,0.0,0.12484394506866417,0,1,High,0,0,0.6931471805599453,0.11764431053997869,0.5119866933207183,0,1
SI0302,Great Kills-Eltingville,Staten Island,8.01,188,5.27,159,7.63,194,404970.069,5.023,1,1,0,1,0,2023-02-28,SI03,0.0,0.0,0.12484394506866417,0,1,High,0,0,0.6931471805599453,0.11764431053997869,0.5119866933207183,0,1
SI0302,Great Kills-Eltingville,Staten Island,8.01,188,5.27,159,7.63,194,404970.069,5.023,1,1,0,1,0,2023-03-31,SI03,0.0,0.0,0.12484394506866417,0,1,High,0,0,0.6931471805599453,0.11764431053997869,0.5119866933207183,0,1
SI0302,Great Kills-Eltingville,Staten Island,8.01,188,5.27,159,7.63,194,404970.069,5.023,1,1,0,1,0,2023-04-30,SI03,0.0,0.0,0.12484394506866417,0,1,High,0,0,0.6931471805599453,0.11764431053997869,0.5119866933207183,0,1
SI0302,Great Kills-Eltingville,Staten Island,8.01,188,5.27,159,7.63,194,404970.069,5.023,1,1,0,1,0,2023-05-31,SI03,0.0,0.0,0.12484394506866417,0,1,High,0,0,0.6931471805599453,0.11764431053997869,0.5119866933207183,0,1
SI0302,Great Kills-Eltingville,Staten Island,8.01,188,5.27,159,7.63,194,404970.069,5.023,1,1,0,1,0,2023-06-30,SI03,0.0,0.0,0.12484394506866417,0,1,High,0,0,0.6931471805599453,0.11764431053997869,0.5119866933207183,0,1
SI0302,Great Kills-Eltingville,Staten Island,8.01,188,5.27,159,7.63,194,404970.069,5.023,1,1,0,1,0,2023-07-31,SI03,0.0,0.0,0.12484394506866417,0,1,High,0,0,0.6931471805599453,0.11764431053997869,0.5119866933207183,0,1
SI0302,Great Kills-Eltingville,Staten Island,8.01,188,5.27,159,7.63,194,404970.069,5.023,1,1,0,1,0,2023-08-31,SI03,0.0,0.0,0.12484394506866417,0,1,High,0,0,0.6931471805599453,0.11764431053997869,0.5119866933207183,0,1
SI0302,Great Kills-Eltingville,Staten Island,8.01,188,5.27,159,7.63,194,404970.069,5.023,1,1,0,1,0,2023-09-30,SI03,0.0,0.0,0.12484394506866417,0,1,High,0,0,0.6931471805599453,0.11764431053997869,0.5119866933207183,0,1
SI0302,Great Kills-Eltingville,Staten Island,8.01,188,5.27,159,7.63,194,404970.069,5.023,1,1,0,1,0,2023-10-31,SI03,0.0,0.0,0.12484394506866417,0,1,High,0,0,0.6931471805599453,0.11764431053997869,0.5119866933207183,0,1
SI0302,Great Kills-Eltingville,Staten Island,8.01,188,5.27,159,7.63,194,404970.069,5.023,1,1,0,1,0,2023-11-30,SI03,0.0,0.0,0.12484394506866417,0,1,High,0,0,0.6931471805599453,0.11764431053997869,0.5119866933207183,0,1
SI0302,Great Kills-Eltingville,Staten Island,8.01,188,5.27,159,7.63,194,404970.069,5.023,1,1,0,1,0,2023-12-31,SI03,0.0,0.0,0.12484394506866417,0,1,High,0,0,0.6931471805599453,0.11764431053997869,0.5119866933207183,0,1
SI0302,Great Kills-Eltingville,Staten Island,8.01,188,5.27,159,7.63,194,404970.069,5.023,1,1,0,1,0,2024-01-31,SI03,0.0,0.0,0.12484394506866417,0,1,High,0,0,0.6931471805599453,0.11764431053997869,0.5119866933207183,0,1
SI0302,Great Kills-Eltingville,Staten Island,8.01,188,5.27,159,7.63,194,404970.069,5.023,1,1,0,1,0,2024-02-29,SI03,0.0,0.0,0.12484394506866417,0,1,High,0,0,0.6931471805599453,0.11764431053997869,0.5119866933207183,0,1
SI0302,Great Kills-Eltingville,Staten Island,8.01,188,5.27,159,7.63,194,404970.069,5.023,1,1,0,1,0,2024-03-31,SI03,0.0,0.0,0.12484394506866417,0,1,High,0,0,0.6931471805599453,0.11764431053997869,0.5119866933207183,0,1
SI0302,Great Kills-Eltingville,Staten Island,8.01,188,5.27,159,7.63,194,404970.069,5.023,1,1,0,1,0,2024-04-30,SI03,0.0,0.0,0.12484394506866417,0,1,High,0,0,0.6931471805599453,0.11764431053997869,0.5119866933207183,0,1
SI0302,Great Kills-Eltingville,Staten Island,8.01,188,5.27,159,7.63,194,404970.069,5.023,1,1,0,1,0,2024-05-31,SI03,0.0,0.0,0.12484394506866417,0,1,High,0,0,0.6931471805599453,0.11764431053997869,0.5119866933207183,0,1
SI0302,Great Kills-Eltingville,Staten Island,8.01,188,5.27,159,7.63,194,404970.069,5.023,1,1,0,1,0,2024-06-30,SI03,0.0,0.0,0.12484394506866417,0,1,High,0,0,0.6931471805599453,0.11764431053997869,0.5119866933207183,0,1
SI0302,Great Kills-Eltingville,Staten Island,8.01,188,5.27,159,7.63,194,404970.069,5.023,1,1,0,1,0,2024-07-31,SI03,0.0,0.0,0.12484394506866417,0,1,High,0,0,0.6931471805599453,0.11764431053997869,0.5119866933207183,0,1
SI0302,Great Kills-Eltingville,Staten Island,8.01,188,5.27,159,7.63,194,404970.069,5.023,1,1,0,1,0,2024-08-31,SI03,0.0,0.0,0.12484394506866417,0,1,High,0,0,0.6931471805599453,0.11764431053997869,0.5119866933207183,0,1
SI0302,Great Kills-Eltingville,Staten Island,8.01,188,5.27,159,7.63,194,404970.069,5.023,1,1,0,1,0,2024-09-30,SI03,0.0,0.0,0.12484394506866417,0,1,High,0,0,0.6931471805599453,0.11764431053997869,0.5119866933207183,0,1
SI0302,Great Kills-Eltingville,Staten Island,8.01,188,5.27,159,7.63,194,404970.069,5.023,1,1,0,1,0,2024-10-31,SI03,0.0,0.0,0.12484394506866417,0,1,High,0,0,0.6931471805599453,0.11764431053997869,0.5119866933207183,0,1
SI0302,Great Kills-Eltingville,Staten Island,8.01,188,5.27,159,7.63,194,404970.069,5.023,1,1,0,1,0,2024-11-30,SI03,0.0,0.0,0.12484394506866417,0,1,High,0,0,0.6931471805599453,0.11764431053997869,0.5119866933207183,0,1
SI0302,Great Kills-Eltingville,Staten Island,8.01,188,5.27,159,7.63,194,404970.069,5.023,1,1,0,1,0,2024-12-31,SI03,0.0,0.0,0.12484394506866417,0,1,High,0,0,0.6931471805599453,0.11764431053997869,0.5119866933207183,0,1
SI0101,St. George-New Brighton,Staten Island,7.53,190,8.68,64,12.47,143,-309762.2068,4.9998,2,2,0,2,0,2023-01-31,SI01,129.0,0.0,0.2656042496679947,0,1,High,0,0,1.0986122886681098,0.23554967585430853,0.5084463841540644,0,1
SI0101,St. George-New Brighton,Staten Island,7.53,190,8.68,64,12.47,143,-309762.2068,4.9998,2,2,0,2,0,2023-02-28,SI01,109.0,0.0,0.2656042496679947,0,1,High,0,0,1.0986122886681098,0.23554967585430853,0.5084463841540644,0,1
SI0101,St. George-New Brighton,Staten Island,7.53,190,8.68,64,12.47,143,-309762.2068,4.9998,2,2,0,2,0,2023-03-31,SI01,135.0,0.0,0.2656042496679947,0,1,High,0,0,1.0986122886681098,0.23554967585430853,0.5084463841540644,0,1
SI0101,St. George-New Brighton,Staten Island,7.53,190,8.68,64,12.47,143,-309762.2068,4.9998,2,2,0,2,0,2023-04-30,SI01,138.0,0.0,0.2656042496679947,0,1,High,0,0,1.0986122886681098,0.23554967585430853,0.5084463841540644,0,1
SI0101,St. George-New Brighton,Staten Island,7.53,190,8.68,64,12.47,143,-309762.2068,4.9998,2,2,0,2,0,2023-05-31,SI01,143.0,0.0,0.2656042496679947,0,1,High,0,0,1.0986122886681098,0.23554967585430853,0.5084463841540644,0,1
SI0101,St. George-New Brighton,Staten Island,7.53,190,8.68,64,12.47,143,-309762.2068,4.9998,2,2,0,2,0,2023-06-30,SI01,139.0,0.0,0.2656042496679947,0,1,High,0,0,1.0986122886681098,0.23554967585430853,0.5084463841540644,0,1
SI0101,St. George-New Brighton,Staten Island,7.53,190,8.68,64,12.47,143,-309762.2068,4.9998,2,2,0,2,0,2023-07-31,SI01,143.0,0.0,0.2656042496679947,0,1,High,0,0,1.0986122886681098,0.23554967585430853,0.5084463841540644,0,1
SI0101,St. George-New Brighton,Staten Island,7.53,190,8.68,64,12.47,143,-309762.2068,4.9998,2,2,0,2,0,2023-08-31,SI01,151.0,0.0,0.2656042496679947,0,1,High,0,0,1.0986122886681098,0.23554967585430853,0.5084463841540644,0,1
SI0101,St. George-New Brighton,Staten Island,7.53,190,8.68,64,12.47,143,-309762.2068,4.9998,2,2,0,2,0,2023-09-30,SI01,132.0,0.0,0.2656042496679947,0,1,High,0,0,1.0986122886681098,0.23554967585430853,0.5084463841540644,0,1
SI0101,St. George-New Brighton,Staten Island,7.53,190,8.68,64,12.47,143,-309762.2068,4.9998,2,2,0,2,0,2023-10-31,SI01,153.0,0.0,0.2656042496679947,0,1,High,0,0,1.0986122886681098,0.23554967585430853,0.5084463841540644,0,1
SI0101,St. George-New Brighton,Staten Island,7.53,190,8.68,64,12.47,143,-309762.2068,4.9998,2,2,0,2,0,2023-11-30,SI01,150.0,0.0,0.2656042496679947,0,1,High,0,0,1.0986122886681098,0.23554967585430853,0.5084463841540644,0,1
SI0101,St. George-New Brighton,Staten Island,7.53,190,8.68,64,12.47,143,-309762.2068,4.9998,2,2,0,2,0,2023-12-31,SI01,213.0,0.0,0.2656042496679947,0,1,High,0,0,1.0986122886681098,0.23554967585430853,0.5084463841540644,0,1
SI0101,St. George-New Brighton,Staten Island,7.53,190,8.68,64,12.47,143,-309762.2068,4.9998,2,2,0,2,0,2024-01-31,SI01,238.0,0.0,0.2656042496679947,0,1,High,0,0,1.0986122886681098,0.23554967585430853,0.5084463841540644,0,1
SI0101,St. George-New Brighton,Staten Island,7.53,190,8.68,64,12.47,143,-309762.2068,4.9998,2,2,0,2,0,2024-02-29,SI01,285.0,0.0,0.2656042496679947,0,1,High,0,0,1.0986122886681098,0.23554967585430853,0.5084463841540644,0,1
SI0101,St. George-New Brighton,Staten Island,7.53,190,8.68,64,12.47,143,-309762.2068,4.9998,2,2,0,2,0,2024-03-31,SI01,286.0,0.0,0.2656042496679947,0,1,High,0,0,1.0986122886681098,0.23554967585430853,0.5084463841540644,0,1
SI0101,St. George-New Brighton,Staten Island,7.53,190,8.68,64,12.47,143,-309762.2068,4.9998,2,2,0,2,0,2024-04-30,SI01,316.0,0.0,0.2656042496679947,0,1,High,0,0,1.0986122886681098,0.23554967585430853,0.5084463841540644,0,1
SI0101,St. George-New Brighton,Staten Island,7.53,190,8.68,64,12.47,143,-309762.2068,4.9998,2,2,0,2,0,2024-05-31,SI01,327.0,0.0,0.2656042496679947,0,1,High,0,0,1.0986122886681098,0.23554967585430853,0.5084463841540644,0,1
SI0101,St. George-New Brighton,Staten Island,7.53,190,8.68,64,12.47,143,-309762.2068,4.9998,2,2,0,2,0,2024-06-30,SI01,339.0,0.0,0.2656042496679947,0,1,High,0,0,1.0986122886681098,0.23554967585430853,0.5084463841540644,0,1
SI0101,St. George-New Brighton,Staten Island,7.53,190,8.68,64,12.47,143,-309762.2068,4.9998,2,2,0,2,0,2024-07-31,SI01,390.0,0.0,0.2656042496679947,0,1,High,0,0,1.0986122886681098,0.23554967585430853,0.5084463841540644,0,1
SI0101,St. George-New Brighton,Staten Island,7.53,190,8.68,64,12.47,143,-309762.2068,4.9998,2,2,0,2,0,2024-08-31,SI01,443.0,0.0,0.2656042496679947,0,1,High,0,0,1.0986122886681098,0.23554967585430853,0.5084463841540644,0,1
SI0101,St. George-New Brighton,Staten Island,7.53,190,8.68,64,12.47,143,-309762.2068,4.9998,2,2,0,2,0,2024-09-30,SI01,491.0,0.0,0.2656042496679947,0,1,High,0,0,1.0986122886681098,0.23554967585430853,0.5084463841540644,0,1
SI0101,St. George-New Brighton,Staten Island,7.53,190,8.68,64,12.47,143,-309762.2068,4.9998,2,2,0,2,0,2024-10-31,SI01,552.0,0.0,0.2656042496679947,0,1,High,0,0,1.0986122886681098,0.23554967585430853,0.5084463841540644,0,1
SI0101,St. George-New Brighton,Staten Island,7.53,190,8.68,64,12.47,143,-309762.2068,4.9998,2,2,0,2,0,2024-11-30,SI01,552.0,0.0,0.2656042496679947,0,1,High,0,0,1.0986122886681098,0.23554967585430853,0.5084463841540644,0,1
SI0101,St. George-New Brighton,Staten Island,7.53,190,8.68,64,12.47,143,-309762.2068,4.9998,2,2,0,2,0,2024-12-31,SI01,532.0,0.0,0.2656042496679947,0,1,High,0,0,1.0986122886681098,0.23554967585430853,0.5084463841540644,0,1
QN1203,Baisley Park,Queens,8.62,183,9.75,40,14.9,96,-1116687.2877,4.9812,5,5,0,4,1,2023-01-31,QN12,1410.0,1.0,0.580046403712297,0,1,High,0,1,1.791759469228055,0.4574542160457646,0.5056080328394196,0,1
QN1203,Baisley Park,Queens,8.62,183,9.75,40,14.9,96,-1116687.2877,4.9812,5,5,0,4,1,2023-02-28,QN12,1421.0,1.0,0.580046403712297,0,1,High,0,1,1.791759469228055,0.4574542160457646,0.5056080328394196,0,1
QN1203,Baisley Park,Queens,8.62,183,9.75,40,14.9,96,-1116687.2877,4.9812,5,5,0,4,1,2023-03-31,QN12,1354.0,1.0,0.580046403712297,0,1,High,0,1,1.791759469228055,0.4574542160457646,0.5056080328394196,0,1
QN1203,Baisley Park,Queens,8.62,183,9.75,40,14.9,96,-1116687.2877,4.9812,5,5,0,4,1,2023-04-30,QN12,1405.0,1.0,0.580046403712297,0,1,High,0,1,1.791759469228055,0.4574542160457646,0.5056080328394196,0,1
QN1203,Baisley Park,Queens,8.62,183,9.75,40,14.9,96,-1116687.2877,4.9812,5,5,0,4,1,2023-05-31,QN12,1421.0,1.0,0.580046403712297,0,1,High,0,1,1.791759469228055,0.4574542160457646,0.5056080328394196,0,1
QN1203,Baisley Park,Queens,8.62,183,9.75,40,14.9,96,-1116687.2877,4.9812,5,5,0,4,1,2023-06-30,QN12,1439.0,1.0,0.580046403712297,0,1,High,0,1,1.791759469228055,0.4574542160457646,0.5056080328394196,0,1
QN1203,Baisley Park,Queens,8.62,183,9.75,40,14.9,96,-1116687.2877,4.9812,5,5,0,4,1,2023-07-31,QN12,1384.0,1.0,0.580046403712297,0,1,High,0,1,1.791759469228055,0.4574542160457646,0.5056080328394196,0,1
QN1203,Baisley Park,Queens,8.62,183,9.75,40,14.9,96,-1116687.2877,4.9812,5,5,0,4,1,2023-08-31,QN12,1414.0,1.0,0.580046403712297,0,1,High,0,1,1.791759469228055,0.4574542160457646,0.5056080328394196,0,1
QN1203,Baisley Park,Queens,8.62,183,9.75,40,14.9,96,-1116687.2877,4.9812,5,5,0,4,1,2023-09-30,QN12,1390.0,1.0,0.580046403712297,0,1,High,0,1,1.791759469228055,0.4574542160457646,0.5056080328394196,0,1
QN1203,Baisley Park,Queens,8.62,183,9.75,40,14.9,96,-1116687.2877,4.9812,5,5,0,4,1,2023-10-31,QN12,1422.0,1.0,0.580046403712297,0,1,High,0,1,1.791759469228055,0.4574542160457646,0.5056080328394196,0,1
QN1203,Baisley Park,Queens,8.62,183,9.75,40,14.9,96,-1116687.2877,4.9812,5,5,0,4,1,2023-11-30,QN12,1523.0,1.0,0.580046403712297,0,1,High,0,1,1.791759469228055,0.4574542160457646,0.5056080328394196,0,1
QN1203,Baisley Park,Queens,8.62,183,9.75,40,14.9,96,-1116687.2877,4.9812,5,5,0,4,1,2023-12-31,QN12,2019.0,1.0,0.580046403712297,0,1,High,0,1,1.791759469228055,0.4574542160457646,0.5056080328394196,0,1
QN1203,Baisley Park,Queens,8.62,183,9.75,40,14.9,96,-1116687.2877,4.9812,5,5,0,4,1,2024-01-31,QN12,2285.0,1.0,0.580046403712297,0,1,High,0,1,1.791759469228055,0.4574542160457646,0.5056080328394196,0,1
QN1203,Baisley Park,Queens,8.62,183,9.75,40,14.9,96,-1116687.2877,4.9812,5,5,0,4,1,2024-02-29,QN12,2246.0,1.0,0.580046403712297,0,1,High,0,1,1.791759469228055,0.4574542160457646,0.5056080328394196,0,1
QN1203,Baisley Park,Queens,8.62,183,9.75,40,14.9,96,-1116687.2877,4.9812,5,5,0,4,1,2024-03-31,QN12,2245.0,1.0,0.580046403712297,0,1,High,0,1,1.791759469228055,0.4574542160457646,0.5056080328394196,0,1
QN1203,Baisley Park,Queens,8.62,183,9.75,40,14.9,96,-1116687.2877,4.9812,5,5,0,4,1,2024-04-30,QN12,2199.0,1.0,0.580046403712297,0,1,High,0,1,1.791759469228055,0.4574542160457646,0.5056080328394196,0,1
QN1203,Baisley Park,Queens,8.62,183,9.75,40,14.9,96,-1116687.2877,4.9812,5,5,0,4,1,2024-05-31,QN12,2149.0,1.0,0.580046403712297,0,1,High,0,1,1.791759469228055,0.4574542160457646,0.5056080328394196,0,1
QN1203,Baisley Park,Queens,8.62,183,9.75,40,14.9,96,-1116687.2877,4.9812,5,5,0,4,1,2024-06-30,QN12,1333.0,1.0,0.580046403712297,0,1,High,0,1,1.791759469228055,0.4574542160457646,0.5056080328394196,0,1
QN1203,Baisley Park,Queens,8.62,183,9.75,40,14.9,96,-1116687.2877,4.9812,5,5,0,4,1,2024-07-31,QN12,1348.0,1.0,0.580046403712297,0,1,High,0,1,1.791759469228055,0.4574542160457646,0.5056080328394196,0,1
QN1203,Baisley Park,Queens,8.62,183,9.75,40,14.9,96,-1116687.2877,4.9812,5,5,0,4,1,2024-08-31,QN12,1403.0,1.0,0.580046403712297,0,1,High,0,1,1.791759469228055,0.4574542160457646,0.5056080328394196,0,1
QN1203,Baisley Park,Queens,8.62,183,9.75,40,14.9,96,-1116687.2877,4.9812,5,5,0,4,1,2024-09-30,QN12,1389.0,1.0,0.580046403712297,0,1,High,0,1,1.791759469228055,0.4574542160457646,0.5056080328394196,0,1
QN1203,Baisley Park,Queens,8.62,183,9.75,40,14.9,96,-1116687.2877,4.9812,5,5,0,4,1,2024-10-31,QN12,1377.0,1.0,0.580046403712297,0,1,High,0,1,1.791759469228055,0.4574542160457646,0.5056080328394196,0,1
QN1203,Baisley Park,Queens,8.62,183,9.75,40,14.9,96,-1116687.2877,4.9812,5,5,0,4,1,2024-11-30,QN12,1396.0,1.0,0.580046403712297,0,1,High,0,1,1.791759469228055,0.4574542160457646,0.5056080328394196,0,1
QN1203,Baisley Park,Queens,8.62,183,9.75,40,14.9,96,-1116687.2877,4.9812,5,5,0,4,1,2024-12-31,QN12,1368.0,1.0,0.580046403712297,0,1,High,0,1,1.791759469228055,0.4574542160457646,0.5056080328394196,0,1
QN0803,Fresh Meadows-Utopia,Queens,13.84,121,4.01,185,15.76,82,508143.2153,4.9786,0,0,0,0,0,2023-01-31,QN08,315.0,0.0,0.0,0,0,Low,0,0,0.0,0.0,0.5052112740535014,1,0
QN0803,Fresh Meadows-Utopia,Queens,13.84,121,4.01,185,15.76,82,508143.2153,4.9786,0,0,0,0,0,2023-02-28,QN08,297.0,0.0,0.0,0,0,Low,0,0,0.0,0.0,0.5052112740535014,1,0
QN0803,Fresh Meadows-Utopia,Queens,13.84,121,4.01,185,15.76,82,508143.2153,4.9786,0,0,0,0,0,2023-03-31,QN08,303.0,0.0,0.0,0,0,Low,0,0,0.0,0.0,0.5052112740535014,1,0
QN0803,Fresh Meadows-Utopia,Queens,13.84,121,4.01,185,15.76,82,508143.2153,4.9786,0,0,0,0,0,2023-04-30,QN08,293.0,0.0,0.0,0,0,Low,0,0,0.0,0.0,0.5052112740535014,1,0
QN0803,Fresh Meadows-Utopia,Queens,13.84,121,4.01,185,15.76,82,508143.2153,4.9786,0,0,0,0,0,2023-05-31,QN08,311.0,0.0,0.0,0,0,Low,0,0,0.0,0.0,0.5052112740535014,1,0
QN0803,Fresh Meadows-Utopia,Queens,13.84,121,4.01,185,15.76,82,508143.2153,4.9786,0,0,0,0,0,2023-06-30,QN08,304.0,0.0,0.0,0,0,Low,0,0,0.0,0.0,0.5052112740535014,1,0
QN0803,Fresh Meadows-Utopia,Queens,13.84,121,4.01,185,15.76,82,508143.2153,4.9786,0,0,0,0,0,2023-07-31,QN08,291.0,0.0,0.0,0,0,Low,0,0,0.0,0.0,0.5052112740535014,1,0
QN0803,Fresh Meadows-Utopia,Queens,13.84,121,4.01,185,15.76,82,508143.2153,4.9786,0,0,0,0,0,2023-08-31,QN08,302.0,0.0,0.0,0,0,Low,0,0,0.0,0.0,0.5052112740535014,1,0
QN0803,Fresh Meadows-Utopia,Queens,13.84,121,4.01,185,15.76,82,508143.2153,4.9786,0,0,0,0,0,2023-09-30,QN08,296.0,0.0,0.0,0,0,Low,0,0,0.0,0.0,0.5052112740535014,1,0
QN0803,Fresh Meadows-Utopia,Queens,13.84,121,4.01,185,15.76,82,508143.2153,4.9786,0,0,0,0,0,2023-10-31,QN08,302.0,0.0,0.0,0,0,Low,0,0,0.0,0.0,0.5052112740535014,1,0
QN0803,Fresh Meadows-Utopia,Queens,13.84,121,4.01,185,15.76,82,508143.2153,4.9786,0,0,0,0,0,2023-11-30,QN08,307.0,0.0,0.0,0,0,Low,0,0,0.0,0.0,0.5052112740535014,1,0
QN0803,Fresh Meadows-Utopia,Queens,13.84,121,4.01,185,15.76,82,508143.2153,4.9786,0,0,0,0,0,2023-12-31,QN08,281.0,0.0,0.0,0,0,Low,0,0,0.0,0.0,0.5052112740535014,1,0
QN0803,Fresh Meadows-Utopia,Queens,13.84,121,4.01,185,15.76,82,508143.2153,4.9786,0,0,0,0,0,2024-01-31,QN08,304.0,0.0,0.0,0,0,Low,0,0,0.0,0.0,0.5052112740535014,1,0
QN0803,Fresh Meadows-Utopia,Queens,13.84,121,4.01,185,15.76,82,508143.2153,4.9786,0,0,0,0,0,2024-02-29,QN08,313.0,0.0,0.0,0,0,Low,0,0,0.0,0.0,0.5052112740535014,1,0
QN0803,Fresh Meadows-Utopia,Queens,13.84,121,4.01,185,15.76,82,508143.2153,4.9786,0,0,0,0,0,2024-03-31,QN08,304.0,0.0,0.0,0,0,Low,0,0,0.0,0.0,0.5052112740535014,1,0
QN0803,Fresh Meadows-Utopia,Queens,13.84,121,4.01,185,15.76,82,508143.2153,4.9786,0,0,0,0,0,2024-04-30,QN08,294.0,0.0,0.0,0,0,Low,0,0,0.0,0.0,0.5052112740535014,1,0
QN0803,Fresh Meadows-Utopia,Queens,13.84,121,4.01,185,15.76,82,508143.2153,4.9786,0,0,0,0,0,2024-05-31,QN08,298.0,0.0,0.0,0,0,Low,0,0,0.0,0.0,0.5052112740535014,1,0
QN0803,Fresh Meadows-Utopia,Queens,13.84,121,4.01,185,15.76,82,508143.2153,4.9786,0,0,0,0,0,2024-06-30,QN08,276.0,0.0,0.0,0,0,Low,0,0,0.0,0.0,0.5052112740535014,1,0
QN0803,Fresh Meadows-Utopia,Queens,13.84,121,4.01,185,15.76,82,508143.2153,4.9786,0,0,0,0,0,2024-07-31,QN08,282.0,0.0,0.0,0,0,Low,0,0,0.0,0.0,0.5052112740535014,1,0
QN0803,Fresh Meadows-Utopia,Queens,13.84,121,4.01,185,15.76,82,508143.2153,4.9786,0,0,0,0,0,2024-08-31,QN08,290.0,0.0,0.0,0,0,Low,0,0,0.0,0.0,0.5052112740535014,1,0
QN0803,Fresh Meadows-Utopia,Queens,13.84,121,4.01,185,15.76,82,508143.2153,4.9786,0,0,0,0,0,2024-09-30,QN08,278.0,0.0,0.0,0,0,Low,0,0,0.0,0.0,0.5052112740535014,1,0
QN0803,Fresh Meadows-Utopia,Queens,13.84,121,4.01,185,15.76,82,508143.2153,4.9786,0,0,0,0,0,2024-10-31,QN08,282.0,0.0,0.0,0,0,Low,0,0,0.0,0.0,0.5052112740535014,1,0
QN0803,Fresh Meadows-Utopia,Queens,13.84,121,4.01,185,15.76,82,508143.2153,4.9786,0,0,0,0,0,2024-11-30,QN08,297.0,0.0,0.0,0,0,Low,0,0,0.0,0.0,0.5052112740535014,1,0
QN0803,Fresh Meadows-Utopia,Queens,13.84,121,4.01,185,15.76,82,508143.2153,4.9786,0,0,0,0,0,2024-12-31,QN08,301.0,0.0,0.0,0,0,Low,0,0,0.0,0.0,0.5052112740535014,1,0
QN0904,Ozone Park (North),Queens,28.32,15,7.47,87,19.73,33,29508.4904,4.9605,1,1,0,0,1,2023-01-31,QN09,0.0,0.0,0.03531073446327684,0,0,Low,0,1,0.6931471805599453,0.034701608192931735,0.502449222505379,1,0
QN0904,Ozone Park (North),Queens,28.32,15,7.47,87,19.73,33,29508.4904,4.9605,1,1,0,0,1,2023-02-28,QN09,0.0,0.0,0.03531073446327684,0,0,Low,0,1,0.6931471805599453,0.034701608192931735,0.502449222505379,1,0
QN0904,Ozone Park (North),Queens,28.32,15,7.47,87,19.73,33,29508.4904,4.9605,1,1,0,0,1,2023-03-31,QN09,0.0,0.0,0.03531073446327684,0,0,Low,0,1,0.6931471805599453,0.034701608192931735,0.502449222505379,1,0
QN0904,Ozone Park (North),Queens,28.32,15,7.47,87,19.73,33,29508.4904,4.9605,1,1,0,0,1,2023-04-30,QN09,0.0,0.0,0.03531073446327684,0,0,Low,0,1,0.6931471805599453,0.034701608192931735,0.502449222505379,1,0
QN0904,Ozone Park (North),Queens,28.32,15,7.47,87,19.73,33,29508.4904,4.9605,1,1,0,0,1,2023-05-31,QN09,0.0,0.0,0.03531073446327684,0,0,Low,0,1,0.6931471805599453,0.034701608192931735,0.502449222505379,1,0
QN0904,Ozone Park (North),Queens,28.32,15,7.47,87,19.73,33,29508.4904,4.9605,1,1,0,0,1,2023-06-30,QN09,0.0,0.0,0.03531073446327684,0,0,Low,0,1,0.6931471805599453,0.034701608192931735,0.502449222505379,1,0
QN0904,Ozone Park (North),Queens,28.32,15,7.47,87,19.73,33,29508.4904,4.9605,1,1,0,0,1,2023-07-31,QN09,0.0,0.0,0.03531073446327684,0,0,Low,0,1,0.6931471805599453,0.034701608192931735,0.502449222505379,1,0
QN0904,Ozone Park (North),Queens,28.32,15,7.47,87,19.73,33,29508.4904,4.9605,1,1,0,0,1,2023-08-31,QN09,0.0,0.0,0.03531073446327684,0,0,Low,0,1,0.6931471805599453,0.034701608192931735,0.502449222505379,1,0
QN0904,Ozone Park (North),Queens,28.32,15,7.47,87,19.73,33,29508.4904,4.9605,1,1,0,0,1,2023-09-30,QN09,0.0,0.0,0.03531073446327684,0,0,Low,0,1,0.6931471805599453,0.034701608192931735,0.502449222505379,1,0
QN0904,Ozone Park (North),Queens,28.32,15,7.47,87,19.73,33,29508.4904,4.9605,1,1,0,0,1,2023-10-31,QN09,0.0,0.0,0.03531073446327684,0,0,Low,0,1,0.6931471805599453,0.034701608192931735,0.502449222505379,1,0
QN0904,Ozone Park (North),Queens,28.32,15,7.47,87,19.73,33,29508.4904,4.9605,1,1,0,0,1,2023-11-30,QN09,0.0,0.0,0.03531073446327684,0,0,Low,0,1,0.6931471805599453,0.034701608192931735,0.502449222505379,1,0
QN0904,Ozone Park (North),Queens,28.32,15,7.47,87,19.73,33,29508.4904,4.9605,1,1,0,0,1,2023-12-31,QN09,0.0,0.0,0.03531073446327684,0,0,Low,0,1,0.6931471805599453,0.034701608192931735,0.502449222505379,1,0
QN0904,Ozone Park (North),Queens,28.32,15,7.47,87,19.73,33,29508.4904,4.9605,1,1,0,0,1,2024-01-31,QN09,0.0,0.0,0.03531073446327684,0,0,Low,0,1,0.6931471805599453,0.034701608192931735,0.502449222505379,1,0
QN0904,Ozone Park (North),Queens,28.32,15,7.47,87,19.73,33,29508.4904,4.9605,1,1,0,0,1,2024-02-29,QN09,0.0,0.0,0.03531073446327684,0,0,Low,0,1,0.6931471805599453,0.034701608192931735,0.502449222505379,1,0
QN0904,Ozone Park (North),Queens,28.32,15,7.47,87,19.73,33,29508.4904,4.9605,1,1,0,0,1,2024-03-31,QN09,0.0,0.0,0.03531073446327684,0,0,Low,0,1,0.6931471805599453,0.034701608192931735,0.502449222505379,1,0
QN0904,Ozone Park (North),Queens,28.32,15,7.47,87,19.73,33,29508.4904,4.9605,1,1,0,0,1,2024-04-30,QN09,0.0,0.0,0.03531073446327684,0,0,Low,0,1,0.6931471805599453,0.034701608192931735,0.502449222505379,1,0
QN0904,Ozone Park (North),Queens,28.32,15,7.47,87,19.73,33,29508.4904,4.9605,1,1,0,0,1,2024-05-31,QN09,0.0,0.0,0.03531073446327684,0,0,Low,0,1,0.6931471805599453,0.034701608192931735,0.502449222505379,1,0
QN0904,Ozone Park (North),Queens,28.32,15,7.47,87,19.73,33,29508.4904,4.9605,1,1,0,0,1,2024-06-30,QN09,0.0,0.0,0.03531073446327684,0,0,Low,0,1,0.6931471805599453,0.034701608192931735,0.502449222505379,1,0
QN0904,Ozone Park (North),Queens,28.32,15,7.47,87,19.73,33,29508.4904,4.9605,1,1,0,0,1,2024-07-31,QN09,0.0,0.0,0.03531073446327684,0,0,Low,0,1,0.6931471805599453,0.034701608192931735,0.502449222505379,1,0
QN0904,Ozone Park (North),Queens,28.32,15,7.47,87,19.73,33,29508.4904,4.9605,1,1,0,0,1,2024-08-31,QN09,0.0,0.0,0.03531073446327684,0,0,Low,0,1,0.6931471805599453,0.034701608192931735,0.502449222505379,1,0
QN0904,Ozone Park (North),Queens,28.32,15,7.47,87,19.73,33,29508.4904,4.9605,1,1,0,0,1,2024-09-30,QN09,0.0,0.0,0.03531073446327684,0,0,Low,0,1,0.6931471805599453,0.034701608192931735,0.502449222505379,1,0
QN0904,Ozone Park (North),Queens,28.32,15,7.47,87,19.73,33,29508.4904,4.9605,1,1,0,0,1,2024-10-31,QN09,0.0,0.0,0.03531073446327684,0,0,Low,0,1,0.6931471805599453,0.034701608192931735,0.502449222505379,1,0
QN0904,Ozone Park (North),Queens,28.32,15,7.47,87,19.73,33,29508.4904,4.9605,1,1,0,0,1,2024-11-30,QN09,0.0,0.0,0.03531073446327684,0,0,Low,0,1,0.6931471805599453,0.034701608192931735,0.502449222505379,1,0
QN0904,Ozone Park (North),Queens,28.32,15,7.47,87,19.73,33,29508.4904,4.9605,1,1,0,0,1,2024-12-31,QN09,0.0,0.0,0.03531073446327684,0,0,Low,0,1,0.6931471805599453,0.034701608192931735,0.502449222505379,1,0
SI0304,Annadale-Huguenot-Prince's Bay-Woodrow,Staten Island,9.82,171,3.4,189,7.49,196,553347.696,4.9554,1,1,1,1,0,2023-01-31,SI03,0.0,0.0,0.10183299389002036,0,0,Low,1,0,0.6931471805599453,0.09697515105196093,0.5016709648868474,1,0
SI0304,Annadale-Huguenot-Prince's Bay-Woodrow,Staten Island,9.82,171,3.4,189,7.49,196,553347.696,4.9554,1,1,1,1,0,2023-02-28,SI03,0.0,0.0,0.10183299389002036,0,0,Low,1,0,0.6931471805599453,0.09697515105196093,0.5016709648868474,1,0
SI0304,Annadale-Huguenot-Prince's Bay-Woodrow,Staten Island,9.82,171,3.4,189,7.49,196,553347.696,4.9554,1,1,1,1,0,2023-03-31,SI03,0.0,0.0,0.10183299389002036,0,0,Low,1,0,0.6931471805599453,0.09697515105196093,0.5016709648868474,1,0
SI0304,Annadale-Huguenot-Prince's Bay-Woodrow,Staten Island,9.82,171,3.4,189,7.49,196,553347.696,4.9554,1,1,1,1,0,2023-04-30,SI03,0.0,0.0,0.10183299389002036,0,0,Low,1,0,0.6931471805599453,0.09697515105196093,0.5016709648868474,1,0
SI0304,Annadale-Huguenot-Prince's Bay-Woodrow,Staten Island,9.82,171,3.4,189,7.49,196,553347.696,4.9554,1,1,1,1,0,2023-05-31,SI03,0.0,0.0,0.10183299389002036,0,0,Low,1,0,0.6931471805599453,0.09697515105196093,0.5016709648868474,1,0
SI0304,Annadale-Huguenot-Prince's Bay-Woodrow,Staten Island,9.82,171,3.4,189,7.49,196,553347.696,4.9554,1,1,1,1,0,2023-06-30,SI03,0.0,0.0,0.10183299389002036,0,0,Low,1,0,0.6931471805599453,0.09697515105196093,0.5016709648868474,1,0
SI0304,Annadale-Huguenot-Prince's Bay-Woodrow,Staten Island,9.82,171,3.4,189,7.49,196,553347.696,4.9554,1,1,1,1,0,2023-07-31,SI03,0.0,0.0,0.10183299389002036,0,0,Low,1,0,0.6931471805599453,0.09697515105196093,0.5016709648868474,1,0
SI0304,Annadale-Huguenot-Prince's Bay-Woodrow,Staten Island,9.82,171,3.4,189,7.49,196,553347.696,4.9554,1,1,1,1,0,2023-08-31,SI03,0.0,0.0,0.10183299389002036,0,0,Low,1,0,0.6931471805599453,0.09697515105196093,0.5016709648868474,1,0
SI0304,Annadale-Huguenot-Prince's Bay-Woodrow,Staten Island,9.82,171,3.4,189,7.49,196,553347.696,4.9554,1,1,1,1,0,2023-09-30,SI03,0.0,0.0,0.10183299389002036,0,0,Low,1,0,0.6931471805599453,0.09697515105196093,0.5016709648868474,1,0
SI0304,Annadale-Huguenot-Prince's Bay-Woodrow,Staten Island,9.82,171,3.4,189,7.49,196,553347.696,4.9554,1,1,1,1,0,2023-10-31,SI03,0.0,0.0,0.10183299389002036,0,0,Low,1,0,0.6931471805599453,0.09697515105196093,0.5016709648868474,1,0
SI0304,Annadale-Huguenot-Prince's Bay-Woodrow,Staten Island,9.82,171,3.4,189,7.49,196,553347.696,4.9554,1,1,1,1,0,2023-11-30,SI03,0.0,0.0,0.10183299389002036,0,0,Low,1,0,0.6931471805599453,0.09697515105196093,0.5016709648868474,1,0
SI0304,Annadale-Huguenot-Prince's Bay-Woodrow,Staten Island,9.82,171,3.4,189,7.49,196,553347.696,4.9554,1,1,1,1,0,2023-12-31,SI03,0.0,0.0,0.10183299389002036,0,0,Low,1,0,0.6931471805599453,0.09697515105196093,0.5016709648868474,1,0
SI0304,Annadale-Huguenot-Prince's Bay-Woodrow,Staten Island,9.82,171,3.4,189,7.49,196,553347.696,4.9554,1,1,1,1,0,2024-01-31,SI03,0.0,0.0,0.10183299389002036,0,0,Low,1,0,0.6931471805599453,0.09697515105196093,0.5016709648868474,1,0
SI0304,Annadale-Huguenot-Prince's Bay-Woodrow,Staten Island,9.82,171,3.4,189,7.49,196,553347.696,4.9554,1,1,1,1,0,2024-02-29,SI03,0.0,0.0,0.10183299389002036,0,0,Low,1,0,0.6931471805599453,0.09697515105196093,0.5016709648868474,1,0
SI0304,Annadale-Huguenot-Prince's Bay-Woodrow,Staten Island,9.82,171,3.4,189,7.49,196,553347.696,4.9554,1,1,1,1,0,2024-03-31,SI03,0.0,0.0,0.10183299389002036,0,0,Low,1,0,0.6931471805599453,0.09697515105196093,0.5016709648868474,1,0
SI0304,Annadale-Huguenot-Prince's Bay-Woodrow,Staten Island,9.82,171,3.4,189,7.49,196,553347.696,4.9554,1,1,1,1,0,2024-04-30,SI03,0.0,0.0,0.10183299389002036,0,0,Low,1,0,0.6931471805599453,0.09697515105196093,0.5016709648868474,1,0
SI0304,Annadale-Huguenot-Prince's Bay-Woodrow,Staten Island,9.82,171,3.4,189,7.49,196,553347.696,4.9554,1,1,1,1,0,2024-05-31,SI03,0.0,0.0,0.10183299389002036,0,0,Low,1,0,0.6931471805599453,0.09697515105196093,0.5016709648868474,1,0
SI0304,Annadale-Huguenot-Prince's Bay-Woodrow,Staten Island,9.82,171,3.4,189,7.49,196,553347.696,4.9554,1,1,1,1,0,2024-06-30,SI03,0.0,0.0,0.10183299389002036,0,0,Low,1,0,0.6931471805599453,0.09697515105196093,0.5016709648868474,1,0
SI0304,Annadale-Huguenot-Prince's Bay-Woodrow,Staten Island,9.82,171,3.4,189,7.49,196,553347.696,4.9554,1,1,1,1,0,2024-07-31,SI03,0.0,0.0,0.10183299389002036,0,0,Low,1,0,0.6931471805599453,0.09697515105196093,0.5016709648868474,1,0
SI0304,Annadale-Huguenot-Prince's Bay-Woodrow,Staten Island,9.82,171,3.4,189,7.49,196,553347.696,4.9554,1,1,1,1,0,2024-08-31,SI03,0.0,0.0,0.10183299389002036,0,0,Low,1,0,0.6931471805599453,0.09697515105196093,0.5016709648868474,1,0
SI0304,Annadale-Huguenot-Prince's Bay-Woodrow,Staten Island,9.82,171,3.4,189,7.49,196,553347.696,4.9554,1,1,1,1,0,2024-09-30,SI03,0.0,0.0,0.10183299389002036,0,0,Low,1,0,0.6931471805599453,0.09697515105196093,0.5016709648868474,1,0
SI0304,Annadale-Huguenot-Prince's Bay-Woodrow,Staten Island,9.82,171,3.4,189,7.49,196,553347.696,4.9554,1,1,1,1,0,2024-10-31,SI03,0.0,0.0,0.10183299389002036,0,0,Low,1,0,0.6931471805599453,0.09697515105196093,0.5016709648868474,1,0
SI0304,Annadale-Huguenot-Prince's Bay-Woodrow,Staten Island,9.82,171,3.4,189,7.49,196,553347.696,4.9554,1,1,1,1,0,2024-11-30,SI03,0.0,0.0,0.10183299389002036,0,0,Low,1,0,0.6931471805599453,0.09697515105196093,0.5016709648868474,1,0
SI0304,Annadale-Huguenot-Prince's Bay-Woodrow,Staten Island,9.82,171,3.4,189,7.49,196,553347.696,4.9554,1,1,1,1,0,2024-12-31,SI03,0.0,0.0,0.10183299389002036,0,0,Low,1,0,0.6931471805599453,0.09697515105196093,0.5016709648868474,1,0
QN0102,Old Astoria-Hallets Point,Queens,19.82,51,7.35,92,18.16,43,59285.6616,4.9508,1,1,0,1,1,2023-01-31,QN01,1356.0,1.0,0.050454086781029264,0,0,Low,0,1,0.6931471805599453,0.04922253428498089,0.5009690070348385,1,0
QN0102,Old Astoria-Hallets Point,Queens,19.82,51,7.35,92,18.16,43,59285.6616,4.9508,1,1,0,1,1,2023-02-28,QN01,376.0,0.0,0.050454086781029264,0,0,Low,0,1,0.6931471805599453,0.04922253428498089,0.5009690070348385,1,0
QN0102,Old Astoria-Hallets Point,Queens,19.82,51,7.35,92,18.16,43,59285.6616,4.9508,1,1,0,1,1,2023-03-31,QN01,596.0,0.0,0.050454086781029264,0,0,Low,0,1,0.6931471805599453,0.04922253428498089,0.5009690070348385,1,0
QN0102,Old Astoria-Hallets Point,Queens,19.82,51,7.35,92,18.16,43,59285.6616,4.9508,1,1,0,1,1,2023-04-30,QN01,617.0,0.0,0.050454086781029264,0,0,Low,0,1,0.6931471805599453,0.04922253428498089,0.5009690070348385,1,0
QN0102,Old Astoria-Hallets Point,Queens,19.82,51,7.35,92,18.16,43,59285.6616,4.9508,1,1,0,1,1,2023-05-31,QN01,581.0,0.0,0.050454086781029264,0,0,Low,0,1,0.6931471805599453,0.04922253428498089,0.5009690070348385,1,0
QN0102,Old Astoria-Hallets Point,Queens,19.82,51,7.35,92,18.16,43,59285.6616,4.9508,1,1,0,1,1,2023-06-30,QN01,611.0,0.0,0.050454086781029264,0,0,Low,0,1,0.6931471805599453,0.04922253428498089,0.5009690070348385,1,0
QN0102,Old Astoria-Hallets Point,Queens,19.82,51,7.35,92,18.16,43,59285.6616,4.9508,1,1,0,1,1,2023-07-31,QN01,597.0,0.0,0.050454086781029264,0,0,Low,0,1,0.6931471805599453,0.04922253428498089,0.5009690070348385,1,0
QN0102,Old Astoria-Hallets Point,Queens,19.82,51,7.35,92,18.16,43,59285.6616,4.9508,1,1,0,1,1,2023-08-31,QN01,928.0,1.0,0.050454086781029264,0,0,Low,0,1,0.6931471805599453,0.04922253428498089,0.5009690070348385,1,0
QN0102,Old Astoria-Hallets Point,Queens,19.82,51,7.35,92,18.16,43,59285.6616,4.9508,1,1,0,1,1,2023-09-30,QN01,961.0,1.0,0.050454086781029264,0,0,Low,0,1,0.6931471805599453,0.04922253428498089,0.5009690070348385,1,0
QN0102,Old Astoria-Hallets Point,Queens,19.82,51,7.35,92,18.16,43,59285.6616,4.9508,1,1,0,1,1,2023-10-31,QN01,972.0,1.0,0.050454086781029264,0,0,Low,0,1,0.6931471805599453,0.04922253428498089,0.5009690070348385,1,0
QN0102,Old Astoria-Hallets Point,Queens,19.82,51,7.35,92,18.16,43,59285.6616,4.9508,1,1,0,1,1,2023-11-30,QN01,982.0,1.0,0.050454086781029264,0,0,Low,0,1,0.6931471805599453,0.04922253428498089,0.5009690070348385,1,0
QN0102,Old Astoria-Hallets Point,Queens,19.82,51,7.35,92,18.16,43,59285.6616,4.9508,1,1,0,1,1,2023-12-31,QN01,947.0,1.0,0.050454086781029264,0,0,Low,0,1,0.6931471805599453,0.04922253428498089,0.5009690070348385,1,0
QN0102,Old Astoria-Hallets Point,Queens,19.82,51,7.35,92,18.16,43,59285.6616,4.9508,1,1,0,1,1,2024-01-31,QN01,739.0,0.0,0.050454086781029264,0,0,Low,0,1,0.6931471805599453,0.04922253428498089,0.5009690070348385,1,0
QN0102,Old Astoria-Hallets Point,Queens,19.82,51,7.35,92,18.16,43,59285.6616,4.9508,1,1,0,1,1,2024-02-29,QN01,725.0,0.0,0.050454086781029264,0,0,Low,0,1,0.6931471805599453,0.04922253428498089,0.5009690070348385,1,0
QN0102,Old Astoria-Hallets Point,Queens,19.82,51,7.35,92,18.16,43,59285.6616,4.9508,1,1,0,1,1,2024-03-31,QN01,727.0,0.0,0.050454086781029264,0,0,Low,0,1,0.6931471805599453,0.04922253428498089,0.5009690070348385,1,0
QN0102,Old Astoria-Hallets Point,Queens,19.82,51,7.35,92,18.16,43,59285.6616,4.9508,1,1,0,1,1,2024-04-30,QN01,709.0,0.0,0.050454086781029264,0,0,Low,0,1,0.6931471805599453,0.04922253428498089,0.5009690070348385,1,0
QN0102,Old Astoria-Hallets Point,Queens,19.82,51,7.35,92,18.16,43,59285.6616,4.9508,1,1,0,1,1,2024-05-31,QN01,665.0,0.0,0.050454086781029264,0,0,Low,0,1,0.6931471805599453,0.04922253428498089,0.5009690070348385,1,0
QN0102,Old Astoria-Hallets Point,Queens,19.82,51,7.35,92,18.16,43,59285.6616,4.9508,1,1,0,1,1,2024-06-30,QN01,352.0,0.0,0.050454086781029264,0,0,Low,0,1,0.6931471805599453,0.04922253428498089,0.5009690070348385,1,0
QN0102,Old Astoria-Hallets Point,Queens,19.82,51,7.35,92,18.16,43,59285.6616,4.9508,1,1,0,1,1,2024-07-31,QN01,344.0,0.0,0.050454086781029264,0,0,Low,0,1,0.6931471805599453,0.04922253428498089,0.5009690070348385,1,0
QN0102,Old Astoria-Hallets Point,Queens,19.82,51,7.35,92,18.16,43,59285.6616,4.9508,1,1,0,1,1,2024-08-31,QN01,356.0,0.0,0.050454086781029264,0,0,Low,0,1,0.6931471805599453,0.04922253428498089,0.5009690070348385,1,0
QN0102,Old Astoria-Hallets Point,Queens,19.82,51,7.35,92,18.16,43,59285.6616,4.9508,1,1,0,1,1,2024-09-30,QN01,362.0,0.0,0.050454086781029264,0,0,Low,0,1,0.6931471805599453,0.04922253428498089,0.5009690070348385,1,0
QN0102,Old Astoria-Hallets Point,Queens,19.82,51,7.35,92,18.16,43,59285.6616,4.9508,1,1,0,1,1,2024-10-31,QN01,319.0,0.0,0.050454086781029264,0,0,Low,0,1,0.6931471805599453,0.04922253428498089,0.5009690070348385,1,0
QN0102,Old Astoria-Hallets Point,Queens,19.82,51,7.35,92,18.16,43,59285.6616,4.9508,1,1,0,1,1,2024-11-30,QN01,320.0,0.0,0.050454086781029264,0,0,Low,0,1,0.6931471805599453,0.04922253428498089,0.5009690070348385,1,0
QN0102,Old Astoria-Hallets Point,Queens,19.82,51,7.35,92,18.16,43,59285.6616,4.9508,1,1,0,1,1,2024-12-31,QN01,313.0,0.0,0.050454086781029264,0,0,Low,0,1,0.6931471805599453,0.04922253428498089,0.5009690070348385,1,0
QN1104,Oakland Gardens-Hollis Hills,Queens,9.76,173,4.44,177,13.3,124,426721.4878,4.949,0,0,0,0,0,2023-01-31,QN11,0.0,0.0,0.0,0,0,Low,0,0,0.0,0.0,0.5006943278753566,1,0
QN1104,Oakland Gardens-Hollis Hills,Queens,9.76,173,4.44,177,13.3,124,426721.4878,4.949,0,0,0,0,0,2023-02-28,QN11,0.0,0.0,0.0,0,0,Low,0,0,0.0,0.0,0.5006943278753566,1,0
QN1104,Oakland Gardens-Hollis Hills,Queens,9.76,173,4.44,177,13.3,124,426721.4878,4.949,0,0,0,0,0,2023-03-31,QN11,0.0,0.0,0.0,0,0,Low,0,0,0.0,0.0,0.5006943278753566,1,0
QN1104,Oakland Gardens-Hollis Hills,Queens,9.76,173,4.44,177,13.3,124,426721.4878,4.949,0,0,0,0,0,2023-04-30,QN11,0.0,0.0,0.0,0,0,Low,0,0,0.0,0.0,0.5006943278753566,1,0
QN1104,Oakland Gardens-Hollis Hills,Queens,9.76,173,4.44,177,13.3,124,426721.4878,4.949,0,0,0,0,0,2023-05-31,QN11,0.0,0.0,0.0,0,0,Low,0,0,0.0,0.0,0.5006943278753566,1,0
QN1104,Oakland Gardens-Hollis Hills,Queens,9.76,173,4.44,177,13.3,124,426721.4878,4.949,0,0,0,0,0,2023-06-30,QN11,0.0,0.0,0.0,0,0,Low,0,0,0.0,0.0,0.5006943278753566,1,0
QN1104,Oakland Gardens-Hollis Hills,Queens,9.76,173,4.44,177,13.3,124,426721.4878,4.949,0,0,0,0,0,2023-07-31,QN11,0.0,0.0,0.0,0,0,Low,0,0,0.0,0.0,0.5006943278753566,1,0
QN1104,Oakland Gardens-Hollis Hills,Queens,9.76,173,4.44,177,13.3,124,426721.4878,4.949,0,0,0,0,0,2023-08-31,QN11,0.0,0.0,0.0,0,0,Low,0,0,0.0,0.0,0.5006943278753566,1,0
QN1104,Oakland Gardens-Hollis Hills,Queens,9.76,173,4.44,177,13.3,124,426721.4878,4.949,0,0,0,0,0,2023-09-30,QN11,0.0,0.0,0.0,0,0,Low,0,0,0.0,0.0,0.5006943278753566,1,0
QN1104,Oakland Gardens-Hollis Hills,Queens,9.76,173,4.44,177,13.3,124,426721.4878,4.949,0,0,0,0,0,2023-10-31,QN11,0.0,0.0,0.0,0,0,Low,0,0,0.0,0.0,0.5006943278753566,1,0
QN1104,Oakland Gardens-Hollis Hills,Queens,9.76,173,4.44,177,13.3,124,426721.4878,4.949,0,0,0,0,0,2023-11-30,QN11,0.0,0.0,0.0,0,0,Low,0,0,0.0,0.0,0.5006943278753566,1,0
QN1104,Oakland Gardens-Hollis Hills,Queens,9.76,173,4.44,177,13.3,124,426721.4878,4.949,0,0,0,0,0,2023-12-31,QN11,0.0,0.0,0.0,0,0,Low,0,0,0.0,0.0,0.5006943278753566,1,0
QN1104,Oakland Gardens-Hollis Hills,Queens,9.76,173,4.44,177,13.3,124,426721.4878,4.949,0,0,0,0,0,2024-01-31,QN11,0.0,0.0,0.0,0,0,Low,0,0,0.0,0.0,0.5006943278753566,1,0
QN1104,Oakland Gardens-Hollis Hills,Queens,9.76,173,4.44,177,13.3,124,426721.4878,4.949,0,0,0,0,0,2024-02-29,QN11,0.0,0.0,0.0,0,0,Low,0,0,0.0,0.0,0.5006943278753566,1,0
QN1104,Oakland Gardens-Hollis Hills,Queens,9.76,173,4.44,177,13.3,124,426721.4878,4.949,0,0,0,0,0,2024-03-31,QN11,0.0,0.0,0.0,0,0,Low,0,0,0.0,0.0,0.5006943278753566,1,0
QN1104,Oakland Gardens-Hollis Hills,Queens,9.76,173,4.44,177,13.3,124,426721.4878,4.949,0,0,0,0,0,2024-04-30,QN11,0.0,0.0,0.0,0,0,Low,0,0,0.0,0.0,0.5006943278753566,1,0
QN1104,Oakland Gardens-Hollis Hills,Queens,9.76,173,4.44,177,13.3,124,426721.4878,4.949,0,0,0,0,0,2024-05-31,QN11,0.0,0.0,0.0,0,0,Low,0,0,0.0,0.0,0.5006943278753566,1,0
QN1104,Oakland Gardens-Hollis Hills,Queens,9.76,173,4.44,177,13.3,124,426721.4878,4.949,0,0,0,0,0,2024-06-30,QN11,0.0,0.0,0.0,0,0,Low,0,0,0.0,0.0,0.5006943278753566,1,0
QN1104,Oakland Gardens-Hollis Hills,Queens,9.76,173,4.44,177,13.3,124,426721.4878,4.949,0,0,0,0,0,2024-07-31,QN11,0.0,0.0,0.0,0,0,Low,0,0,0.0,0.0,0.5006943278753566,1,0
QN1104,Oakland Gardens-Hollis Hills,Queens,9.76,173,4.44,177,13.3,124,426721.4878,4.949,0,0,0,0,0,2024-08-31,QN11,0.0,0.0,0.0,0,0,Low,0,0,0.0,0.0,0.5006943278753566,1,0
QN1104,Oakland Gardens-Hollis Hills,Queens,9.76,173,4.44,177,13.3,124,426721.4878,4.949,0,0,0,0,0,2024-09-30,QN11,0.0,0.0,0.0,0,0,Low,0,0,0.0,0.0,0.5006943278753566,1,0
QN1104,Oakland Gardens-Hollis Hills,Queens,9.76,173,4.44,177,13.3,124,426721.4878,4.949,0,0,0,0,0,2024-10-31,QN11,0.0,0.0,0.0,0,0,Low,0,0,0.0,0.0,0.5006943278753566,1,0
QN1104,Oakland Gardens-Hollis Hills,Queens,9.76,173,4.44,177,13.3,124,426721.4878,4.949,0,0,0,0,0,2024-11-30,QN11,0.0,0.0,0.0,0,0,Low,0,0,0.0,0.0,0.5006943278753566,1,0
QN1104,Oakland Gardens-Hollis Hills,Queens,9.76,173,4.44,177,13.3,124,426721.4878,4.949,0,0,0,0,0,2024-12-31,QN11,0.0,0.0,0.0,0,0,Low,0,0,0.0,0.0,0.5006943278753566,1,0
MN0604,East Midtown-Turtle Bay,Manhattan,8.11,186,4.6,175,13.24,128,388221.0416,4.947,3,1,2,2,2,2023-01-31,MN06,0.0,0.0,0.36991368680641185,0,1,High,1,1,1.3862943611198906,0.3147477355242171,0.5003891288092658,0,1
MN0604,East Midtown-Turtle Bay,Manhattan,8.11,186,4.6,175,13.24,128,388221.0416,4.947,3,1,2,2,2,2023-02-28,MN06,0.0,0.0,0.36991368680641185,0,1,High,1,1,1.3862943611198906,0.3147477355242171,0.5003891288092658,0,1
MN0604,East Midtown-Turtle Bay,Manhattan,8.11,186,4.6,175,13.24,128,388221.0416,4.947,3,1,2,2,2,2023-03-31,MN06,0.0,0.0,0.36991368680641185,0,1,High,1,1,1.3862943611198906,0.3147477355242171,0.5003891288092658,0,1
MN0604,East Midtown-Turtle Bay,Manhattan,8.11,186,4.6,175,13.24,128,388221.0416,4.947,3,1,2,2,2,2023-04-30,MN06,0.0,0.0,0.36991368680641185,0,1,High,1,1,1.3862943611198906,0.3147477355242171,0.5003891288092658,0,1
MN0604,East Midtown-Turtle Bay,Manhattan,8.11,186,4.6,175,13.24,128,388221.0416,4.947,3,1,2,2,2,2023-05-31,MN06,0.0,0.0,0.36991368680641185,0,1,High,1,1,1.3862943611198906,0.3147477355242171,0.5003891288092658,0,1
MN0604,East Midtown-Turtle Bay,Manhattan,8.11,186,4.6,175,13.24,128,388221.0416,4.947,3,1,2,2,2,2023-06-30,MN06,0.0,0.0,0.36991368680641185,0,1,High,1,1,1.3862943611198906,0.3147477355242171,0.5003891288092658,0,1
MN0604,East Midtown-Turtle Bay,Manhattan,8.11,186,4.6,175,13.24,128,388221.0416,4.947,3,1,2,2,2,2023-07-31,MN06,0.0,0.0,0.36991368680641185,0,1,High,1,1,1.3862943611198906,0.3147477355242171,0.5003891288092658,0,1
MN0604,East Midtown-Turtle Bay,Manhattan,8.11,186,4.6,175,13.24,128,388221.0416,4.947,3,1,2,2,2,2023-08-31,MN06,0.0,0.0,0.36991368680641185,0,1,High,1,1,1.3862943611198906,0.3147477355242171,0.5003891288092658,0,1
MN0604,East Midtown-Turtle Bay,Manhattan,8.11,186,4.6,175,13.24,128,388221.0416,4.947,3,1,2,2,2,2023-09-30,MN06,0.0,0.0,0.36991368680641185,0,1,High,1,1,1.3862943611198906,0.3147477355242171,0.5003891288092658,0,1
MN0604,East Midtown-Turtle Bay,Manhattan,8.11,186,4.6,175,13.24,128,388221.0416,4.947,3,1,2,2,2,2023-10-31,MN06,337.0,0.0,0.36991368680641185,0,1,High,1,1,1.3862943611198906,0.3147477355242171,0.5003891288092658,0,1
MN0604,East Midtown-Turtle Bay,Manhattan,8.11,186,4.6,175,13.24,128,388221.0416,4.947,3,1,2,2,2,2023-11-30,MN06,323.0,0.0,0.36991368680641185,0,1,High,1,1,1.3862943611198906,0.3147477355242171,0.5003891288092658,0,1
MN0604,East Midtown-Turtle Bay,Manhattan,8.11,186,4.6,175,13.24,128,388221.0416,4.947,3,1,2,2,2,2023-12-31,MN06,367.0,0.0,0.36991368680641185,0,1,High,1,1,1.3862943611198906,0.3147477355242171,0.5003891288092658,0,1
MN0604,East Midtown-Turtle Bay,Manhattan,8.11,186,4.6,175,13.24,128,388221.0416,4.947,3,1,2,2,2,2024-01-31,MN06,407.0,0.0,0.36991368680641185,0,1,High,1,1,1.3862943611198906,0.3147477355242171,0.5003891288092658,0,1
MN0604,East Midtown-Turtle Bay,Manhattan,8.11,186,4.6,175,13.24,128,388221.0416,4.947,3,1,2,2,2,2024-02-29,MN06,449.0,0.0,0.36991368680641185,0,1,High,1,1,1.3862943611198906,0.3147477355242171,0.5003891288092658,0,1
MN0604,East Midtown-Turtle Bay,Manhattan,8.11,186,4.6,175,13.24,128,388221.0416,4.947,3,1,2,2,2,2024-03-31,MN06,507.0,0.0,0.36991368680641185,0,1,High,1,1,1.3862943611198906,0.3147477355242171,0.5003891288092658,0,1
MN0604,East Midtown-Turtle Bay,Manhattan,8.11,186,4.6,175,13.24,128,388221.0416,4.947,3,1,2,2,2,2024-04-30,MN06,532.0,0.0,0.36991368680641185,0,1,High,1,1,1.3862943611198906,0.3147477355242171,0.5003891288092658,0,1
MN0604,East Midtown-Turtle Bay,Manhattan,8.11,186,4.6,175,13.24,128,388221.0416,4.947,3,1,2,2,2,2024-05-31,MN06,503.0,0.0,0.36991368680641185,0,1,High,1,1,1.3862943611198906,0.3147477355242171,0.5003891288092658,0,1
MN0604,East Midtown-Turtle Bay,Manhattan,8.11,186,4.6,175,13.24,128,388221.0416,4.947,3,1,2,2,2,2024-06-30,MN06,512.0,0.0,0.36991368680641185,0,1,High,1,1,1.3862943611198906,0.3147477355242171,0.5003891288092658,0,1
MN0604,East Midtown-Turtle Bay,Manhattan,8.11,186,4.6,175,13.24,128,388221.0416,4.947,3,1,2,2,2,2024-07-31,MN06,561.0,0.0,0.36991368680641185,0,1,High,1,1,1.3862943611198906,0.3147477355242171,0.5003891288092658,0,1
MN0604,East Midtown-Turtle Bay,Manhattan,8.11,186,4.6,175,13.24,128,388221.0416,4.947,3,1,2,2,2,2024-08-31,MN06,584.0,0.0,0.36991368680641185,0,1,High,1,1,1.3862943611198906,0.3147477355242171,0.5003891288092658,0,1
MN0604,East Midtown-Turtle Bay,Manhattan,8.11,186,4.6,175,13.24,128,388221.0416,4.947,3,1,2,2,2,2024-09-30,MN06,563.0,0.0,0.36991368680641185,0,1,High,1,1,1.3862943611198906,0.3147477355242171,0.5003891288092658,0,1
MN0604,East Midtown-Turtle Bay,Manhattan,8.11,186,4.6,175,13.24,128,388221.0416,4.947,3,1,2,2,2,2024-10-31,MN06,512.0,0.0,0.36991368680641185,0,1,High,1,1,1.3862943611198906,0.3147477355242171,0.5003891288092658,0,1
MN0604,East Midtown-Turtle Bay,Manhattan,8.11,186,4.6,175,13.24,128,388221.0416,4.947,3,1,2,2,2,2024-11-30,MN06,487.0,0.0,0.36991368680641185,0,1,High,1,1,1.3862943611198906,0.3147477355242171,0.5003891288092658,0,1
MN0604,East Midtown-Turtle Bay,Manhattan,8.11,186,4.6,175,13.24,128,388221.0416,4.947,3,1,2,2,2,2024-12-31,MN06,534.0,0.0,0.36991368680641185,0,1,High,1,1,1.3862943611198906,0.3147477355242171,0.5003891288092658,0,1
QN1103,Douglaston-Little Neck,Queens,10.78,164,5.74,137,12.0,153,258347.5935,4.9457,1,1,1,1,0,2023-01-31,QN11,0.0,0.0,0.0927643784786642,0,0,Low,1,0,0.6931471805599453,0.08871061274258955,0.5001907494163068,1,0
QN1103,Douglaston-Little Neck,Queens,10.78,164,5.74,137,12.0,153,258347.5935,4.9457,1,1,1,1,0,2023-02-28,QN11,0.0,0.0,0.0927643784786642,0,0,Low,1,0,0.6931471805599453,0.08871061274258955,0.5001907494163068,1,0
QN1103,Douglaston-Little Neck,Queens,10.78,164,5.74,137,12.0,153,258347.5935,4.9457,1,1,1,1,0,2023-03-31,QN11,0.0,0.0,0.0927643784786642,0,0,Low,1,0,0.6931471805599453,0.08871061274258955,0.5001907494163068,1,0
QN1103,Douglaston-Little Neck,Queens,10.78,164,5.74,137,12.0,153,258347.5935,4.9457,1,1,1,1,0,2023-04-30,QN11,0.0,0.0,0.0927643784786642,0,0,Low,1,0,0.6931471805599453,0.08871061274258955,0.5001907494163068,1,0
QN1103,Douglaston-Little Neck,Queens,10.78,164,5.74,137,12.0,153,258347.5935,4.9457,1,1,1,1,0,2023-05-31,QN11,0.0,0.0,0.0927643784786642,0,0,Low,1,0,0.6931471805599453,0.08871061274258955,0.5001907494163068,1,0
QN1103,Douglaston-Little Neck,Queens,10.78,164,5.74,137,12.0,153,258347.5935,4.9457,1,1,1,1,0,2023-06-30,QN11,0.0,0.0,0.0927643784786642,0,0,Low,1,0,0.6931471805599453,0.08871061274258955,0.5001907494163068,1,0
QN1103,Douglaston-Little Neck,Queens,10.78,164,5.74,137,12.0,153,258347.5935,4.9457,1,1,1,1,0,2023-07-31,QN11,0.0,0.0,0.0927643784786642,0,0,Low,1,0,0.6931471805599453,0.08871061274258955,0.5001907494163068,1,0
QN1103,Douglaston-Little Neck,Queens,10.78,164,5.74,137,12.0,153,258347.5935,4.9457,1,1,1,1,0,2023-08-31,QN11,0.0,0.0,0.0927643784786642,0,0,Low,1,0,0.6931471805599453,0.08871061274258955,0.5001907494163068,1,0
QN1103,Douglaston-Little Neck,Queens,10.78,164,5.74,137,12.0,153,258347.5935,4.9457,1,1,1,1,0,2023-09-30,QN11,0.0,0.0,0.0927643784786642,0,0,Low,1,0,0.6931471805599453,0.08871061274258955,0.5001907494163068,1,0
QN1103,Douglaston-Little Neck,Queens,10.78,164,5.74,137,12.0,153,258347.5935,4.9457,1,1,1,1,0,2023-10-31,QN11,0.0,0.0,0.0927643784786642,0,0,Low,1,0,0.6931471805599453,0.08871061274258955,0.5001907494163068,1,0
QN1103,Douglaston-Little Neck,Queens,10.78,164,5.74,137,12.0,153,258347.5935,4.9457,1,1,1,1,0,2023-11-30,QN11,0.0,0.0,0.0927643784786642,0,0,Low,1,0,0.6931471805599453,0.08871061274258955,0.5001907494163068,1,0
QN1103,Douglaston-Little Neck,Queens,10.78,164,5.74,137,12.0,153,258347.5935,4.9457,1,1,1,1,0,2023-12-31,QN11,0.0,0.0,0.0927643784786642,0,0,Low,1,0,0.6931471805599453,0.08871061274258955,0.5001907494163068,1,0
QN1103,Douglaston-Little Neck,Queens,10.78,164,5.74,137,12.0,153,258347.5935,4.9457,1,1,1,1,0,2024-01-31,QN11,0.0,0.0,0.0927643784786642,0,0,Low,1,0,0.6931471805599453,0.08871061274258955,0.5001907494163068,1,0
QN1103,Douglaston-Little Neck,Queens,10.78,164,5.74,137,12.0,153,258347.5935,4.9457,1,1,1,1,0,2024-02-29,QN11,0.0,0.0,0.0927643784786642,0,0,Low,1,0,0.6931471805599453,0.08871061274258955,0.5001907494163068,1,0
QN1103,Douglaston-Little Neck,Queens,10.78,164,5.74,137,12.0,153,258347.5935,4.9457,1,1,1,1,0,2024-03-31,QN11,0.0,0.0,0.0927643784786642,0,0,Low,1,0,0.6931471805599453,0.08871061274258955,0.5001907494163068,1,0
QN1103,Douglaston-Little Neck,Queens,10.78,164,5.74,137,12.0,153,258347.5935,4.9457,1,1,1,1,0,2024-04-30,QN11,0.0,0.0,0.0927643784786642,0,0,Low,1,0,0.6931471805599453,0.08871061274258955,0.5001907494163068,1,0
QN1103,Douglaston-Little Neck,Queens,10.78,164,5.74,137,12.0,153,258347.5935,4.9457,1,1,1,1,0,2024-05-31,QN11,0.0,0.0,0.0927643784786642,0,0,Low,1,0,0.6931471805599453,0.08871061274258955,0.5001907494163068,1,0
QN1103,Douglaston-Little Neck,Queens,10.78,164,5.74,137,12.0,153,258347.5935,4.9457,1,1,1,1,0,2024-06-30,QN11,0.0,0.0,0.0927643784786642,0,0,Low,1,0,0.6931471805599453,0.08871061274258955,0.5001907494163068,1,0
QN1103,Douglaston-Little Neck,Queens,10.78,164,5.74,137,12.0,153,258347.5935,4.9457,1,1,1,1,0,2024-07-31,QN11,0.0,0.0,0.0927643784786642,0,0,Low,1,0,0.6931471805599453,0.08871061274258955,0.5001907494163068,1,0
QN1103,Douglaston-Little Neck,Queens,10.78,164,5.74,137,12.0,153,258347.5935,4.9457,1,1,1,1,0,2024-08-31,QN11,0.0,0.0,0.0927643784786642,0,0,Low,1,0,0.6931471805599453,0.08871061274258955,0.5001907494163068,1,0
QN1103,Douglaston-Little Neck,Queens,10.78,164,5.74,137,12.0,153,258347.5935,4.9457,1,1,1,1,0,2024-09-30,QN11,0.0,0.0,0.0927643784786642,0,0,Low,1,0,0.6931471805599453,0.08871061274258955,0.5001907494163068,1,0
QN1103,Douglaston-Little Neck,Queens,10.78,164,5.74,137,12.0,153,258347.5935,4.9457,1,1,1,1,0,2024-10-31,QN11,0.0,0.0,0.0927643784786642,0,0,Low,1,0,0.6931471805599453,0.08871061274258955,0.5001907494163068,1,0
QN1103,Douglaston-Little Neck,Queens,10.78,164,5.74,137,12.0,153,258347.5935,4.9457,1,1,1,1,0,2024-11-30,QN11,0.0,0.0,0.0927643784786642,0,0,Low,1,0,0.6931471805599453,0.08871061274258955,0.5001907494163068,1,0
QN1103,Douglaston-Little Neck,Queens,10.78,164,5.74,137,12.0,153,258347.5935,4.9457,1,1,1,1,0,2024-12-31,QN11,0.0,0.0,0.0927643784786642,0,0,Low,1,0,0.6931471805599453,0.08871061274258955,0.5001907494163068,1,0
BK0801,Prospect Heights,Brooklyn,11.32,155,4.84,172,9.38,185,89800.7604,4.9265,1,1,0,1,0,2023-01-31,BK08,421.0,0.0,0.08833922261484099,0,0,Low,0,0,0.6931471805599453,0.08465288533033685,0.4972608383818345,1,0
BK0801,Prospect Heights,Brooklyn,11.32,155,4.84,172,9.38,185,89800.7604,4.9265,1,1,0,1,0,2023-02-28,BK08,416.0,0.0,0.08833922261484099,0,0,Low,0,0,0.6931471805599453,0.08465288533033685,0.4972608383818345,1,0
BK0801,Prospect Heights,Brooklyn,11.32,155,4.84,172,9.38,185,89800.7604,4.9265,1,1,0,1,0,2023-03-31,BK08,405.0,0.0,0.08833922261484099,0,0,Low,0,0,0.6931471805599453,0.08465288533033685,0.4972608383818345,1,0
BK0801,Prospect Heights,Brooklyn,11.32,155,4.84,172,9.38,185,89800.7604,4.9265,1,1,0,1,0,2023-04-30,BK08,370.0,0.0,0.08833922261484099,0,0,Low,0,0,0.6931471805599453,0.08465288533033685,0.4972608383818345,1,0
BK0801,Prospect Heights,Brooklyn,11.32,155,4.84,172,9.38,185,89800.7604,4.9265,1,1,0,1,0,2023-05-31,BK08,376.0,0.0,0.08833922261484099,0,0,Low,0,0,0.6931471805599453,0.08465288533033685,0.4972608383818345,1,0
BK0801,Prospect Heights,Brooklyn,11.32,155,4.84,172,9.38,185,89800.7604,4.9265,1,1,0,1,0,2023-06-30,BK08,376.0,0.0,0.08833922261484099,0,0,Low,0,0,0.6931471805599453,0.08465288533033685,0.4972608383818345,1,0
BK0801,Prospect Heights,Brooklyn,11.32,155,4.84,172,9.38,185,89800.7604,4.9265,1,1,0,1,0,2023-07-31,BK08,388.0,0.0,0.08833922261484099,0,0,Low,0,0,0.6931471805599453,0.08465288533033685,0.4972608383818345,1,0
BK0801,Prospect Heights,Brooklyn,11.32,155,4.84,172,9.38,185,89800.7604,4.9265,1,1,0,1,0,2023-08-31,BK08,508.0,0.0,0.08833922261484099,0,0,Low,0,0,0.6931471805599453,0.08465288533033685,0.4972608383818345,1,0
BK0801,Prospect Heights,Brooklyn,11.32,155,4.84,172,9.38,185,89800.7604,4.9265,1,1,0,1,0,2023-09-30,BK08,535.0,0.0,0.08833922261484099,0,0,Low,0,0,0.6931471805599453,0.08465288533033685,0.4972608383818345,1,0
BK0801,Prospect Heights,Brooklyn,11.32,155,4.84,172,9.38,185,89800.7604,4.9265,1,1,0,1,0,2023-10-31,BK08,516.0,0.0,0.08833922261484099,0,0,Low,0,0,0.6931471805599453,0.08465288533033685,0.4972608383818345,1,0
BK0801,Prospect Heights,Brooklyn,11.32,155,4.84,172,9.38,185,89800.7604,4.9265,1,1,0,1,0,2023-11-30,BK08,520.0,0.0,0.08833922261484099,0,0,Low,0,0,0.6931471805599453,0.08465288533033685,0.4972608383818345,1,0
BK0801,Prospect Heights,Brooklyn,11.32,155,4.84,172,9.38,185,89800.7604,4.9265,1,1,0,1,0,2023-12-31,BK08,501.0,0.0,0.08833922261484099,0,0,Low,0,0,0.6931471805599453,0.08465288533033685,0.4972608383818345,1,0
BK0801,Prospect Heights,Brooklyn,11.32,155,4.84,172,9.38,185,89800.7604,4.9265,1,1,0,1,0,2024-01-31,BK08,351.0,0.0,0.08833922261484099,0,0,Low,0,0,0.6931471805599453,0.08465288533033685,0.4972608383818345,1,0
BK0801,Prospect Heights,Brooklyn,11.32,155,4.84,172,9.38,185,89800.7604,4.9265,1,1,0,1,0,2024-02-29,BK08,337.0,0.0,0.08833922261484099,0,0,Low,0,0,0.6931471805599453,0.08465288533033685,0.4972608383818345,1,0
BK0801,Prospect Heights,Brooklyn,11.32,155,4.84,172,9.38,185,89800.7604,4.9265,1,1,0,1,0,2024-03-31,BK08,314.0,0.0,0.08833922261484099,0,0,Low,0,0,0.6931471805599453,0.08465288533033685,0.4972608383818345,1,0
BK0801,Prospect Heights,Brooklyn,11.32,155,4.84,172,9.38,185,89800.7604,4.9265,1,1,0,1,0,2024-04-30,BK08,313.0,0.0,0.08833922261484099,0,0,Low,0,0,0.6931471805599453,0.08465288533033685,0.4972608383818345,1,0
BK0801,Prospect Heights,Brooklyn,11.32,155,4.84,172,9.38,185,89800.7604,4.9265,1,1,0,1,0,2024-05-31,BK08,310.0,0.0,0.08833922261484099,0,0,Low,0,0,0.6931471805599453,0.08465288533033685,0.4972608383818345,1,0
BK0801,Prospect Heights,Brooklyn,11.32,155,4.84,172,9.38,185,89800.7604,4.9265,1,1,0,1,0,2024-06-30,BK08,326.0,0.0,0.08833922261484099,0,0,Low,0,0,0.6931471805599453,0.08465288533033685,0.4972608383818345,1,0
BK0801,Prospect Heights,Brooklyn,11.32,155,4.84,172,9.38,185,89800.7604,4.9265,1,1,0,1,0,2024-07-31,BK08,355.0,0.0,0.08833922261484099,0,0,Low,0,0,0.6931471805599453,0.08465288533033685,0.4972608383818345,1,0
BK0801,Prospect Heights,Brooklyn,11.32,155,4.84,172,9.38,185,89800.7604,4.9265,1,1,0,1,0,2024-08-31,BK08,384.0,0.0,0.08833922261484099,0,0,Low,0,0,0.6931471805599453,0.08465288533033685,0.4972608383818345,1,0
BK0801,Prospect Heights,Brooklyn,11.32,155,4.84,172,9.38,185,89800.7604,4.9265,1,1,0,1,0,2024-09-30,BK08,388.0,0.0,0.08833922261484099,0,0,Low,0,0,0.6931471805599453,0.08465288533033685,0.4972608383818345,1,0
BK0801,Prospect Heights,Brooklyn,11.32,155,4.84,172,9.38,185,89800.7604,4.9265,1,1,0,1,0,2024-10-31,BK08,374.0,0.0,0.08833922261484099,0,0,Low,0,0,0.6931471805599453,0.08465288533033685,0.4972608383818345,1,0
BK0801,Prospect Heights,Brooklyn,11.32,155,4.84,172,9.38,185,89800.7604,4.9265,1,1,0,1,0,2024-11-30,BK08,355.0,0.0,0.08833922261484099,0,0,Low,0,0,0.6931471805599453,0.08465288533033685,0.4972608383818345,1,0
BK0801,Prospect Heights,Brooklyn,11.32,155,4.84,172,9.38,185,89800.7604,4.9265,1,1,0,1,0,2024-12-31,BK08,400.0,0.0,0.08833922261484099,0,0,Low,0,0,0.6931471805599453,0.08465288533033685,0.4972608383818345,1,0
MN0601,Stuyvesant Town-Peter Cooper Village,Manhattan,14.97,104,2.6,196,13.1,133,323939.5496,4.9155,0,0,0,0,0,2023-01-31,MN06,0.0,0.0,0.0,0,0,Low,0,0,0.0,0.0,0.49558224351833474,1,0
MN0601,Stuyvesant Town-Peter Cooper Village,Manhattan,14.97,104,2.6,196,13.1,133,323939.5496,4.9155,0,0,0,0,0,2023-02-28,MN06,0.0,0.0,0.0,0,0,Low,0,0,0.0,0.0,0.49558224351833474,1,0
MN0601,Stuyvesant Town-Peter Cooper Village,Manhattan,14.97,104,2.6,196,13.1,133,323939.5496,4.9155,0,0,0,0,0,2023-03-31,MN06,0.0,0.0,0.0,0,0,Low,0,0,0.0,0.0,0.49558224351833474,1,0
MN0601,Stuyvesant Town-Peter Cooper Village,Manhattan,14.97,104,2.6,196,13.1,133,323939.5496,4.9155,0,0,0,0,0,2023-04-30,MN06,0.0,0.0,0.0,0,0,Low,0,0,0.0,0.0,0.49558224351833474,1,0
MN0601,Stuyvesant Town-Peter Cooper Village,Manhattan,14.97,104,2.6,196,13.1,133,323939.5496,4.9155,0,0,0,0,0,2023-05-31,MN06,0.0,0.0,0.0,0,0,Low,0,0,0.0,0.0,0.49558224351833474,1,0
MN0601,Stuyvesant Town-Peter Cooper Village,Manhattan,14.97,104,2.6,196,13.1,133,323939.5496,4.9155,0,0,0,0,0,2023-06-30,MN06,0.0,0.0,0.0,0,0,Low,0,0,0.0,0.0,0.49558224351833474,1,0
MN0601,Stuyvesant Town-Peter Cooper Village,Manhattan,14.97,104,2.6,196,13.1,133,323939.5496,4.9155,0,0,0,0,0,2023-07-31,MN06,0.0,0.0,0.0,0,0,Low,0,0,0.0,0.0,0.49558224351833474,1,0
MN0601,Stuyvesant Town-Peter Cooper Village,Manhattan,14.97,104,2.6,196,13.1,133,323939.5496,4.9155,0,0,0,0,0,2023-08-31,MN06,0.0,0.0,0.0,0,0,Low,0,0,0.0,0.0,0.49558224351833474,1,0
MN0601,Stuyvesant Town-Peter Cooper Village,Manhattan,14.97,104,2.6,196,13.1,133,323939.5496,4.9155,0,0,0,0,0,2023-09-30,MN06,0.0,0.0,0.0,0,0,Low,0,0,0.0,0.0,0.49558224351833474,1,0
MN0601,Stuyvesant Town-Peter Cooper Village,Manhattan,14.97,104,2.6,196,13.1,133,323939.5496,4.9155,0,0,0,0,0,2023-10-31,MN06,337.0,0.0,0.0,0,0,Low,0,0,0.0,0.0,0.49558224351833474,1,0
MN0601,Stuyvesant Town-Peter Cooper Village,Manhattan,14.97,104,2.6,196,13.1,133,323939.5496,4.9155,0,0,0,0,0,2023-11-30,MN06,323.0,0.0,0.0,0,0,Low,0,0,0.0,0.0,0.49558224351833474,1,0
MN0601,Stuyvesant Town-Peter Cooper Village,Manhattan,14.97,104,2.6,196,13.1,133,323939.5496,4.9155,0,0,0,0,0,2023-12-31,MN06,367.0,0.0,0.0,0,0,Low,0,0,0.0,0.0,0.49558224351833474,1,0
MN0601,Stuyvesant Town-Peter Cooper Village,Manhattan,14.97,104,2.6,196,13.1,133,323939.5496,4.9155,0,0,0,0,0,2024-01-31,MN06,407.0,0.0,0.0,0,0,Low,0,0,0.0,0.0,0.49558224351833474,1,0
MN0601,Stuyvesant Town-Peter Cooper Village,Manhattan,14.97,104,2.6,196,13.1,133,323939.5496,4.9155,0,0,0,0,0,2024-02-29,MN06,449.0,0.0,0.0,0,0,Low,0,0,0.0,0.0,0.49558224351833474,1,0
MN0601,Stuyvesant Town-Peter Cooper Village,Manhattan,14.97,104,2.6,196,13.1,133,323939.5496,4.9155,0,0,0,0,0,2024-03-31,MN06,507.0,0.0,0.0,0,0,Low,0,0,0.0,0.0,0.49558224351833474,1,0
MN0601,Stuyvesant Town-Peter Cooper Village,Manhattan,14.97,104,2.6,196,13.1,133,323939.5496,4.9155,0,0,0,0,0,2024-04-30,MN06,532.0,0.0,0.0,0,0,Low,0,0,0.0,0.0,0.49558224351833474,1,0
MN0601,Stuyvesant Town-Peter Cooper Village,Manhattan,14.97,104,2.6,196,13.1,133,323939.5496,4.9155,0,0,0,0,0,2024-05-31,MN06,503.0,0.0,0.0,0,0,Low,0,0,0.0,0.0,0.49558224351833474,1,0
MN0601,Stuyvesant Town-Peter Cooper Village,Manhattan,14.97,104,2.6,196,13.1,133,323939.5496,4.9155,0,0,0,0,0,2024-06-30,MN06,512.0,0.0,0.0,0,0,Low,0,0,0.0,0.0,0.49558224351833474,1,0
MN0601,Stuyvesant Town-Peter Cooper Village,Manhattan,14.97,104,2.6,196,13.1,133,323939.5496,4.9155,0,0,0,0,0,2024-07-31,MN06,561.0,0.0,0.0,0,0,Low,0,0,0.0,0.0,0.49558224351833474,1,0
MN0601,Stuyvesant Town-Peter Cooper Village,Manhattan,14.97,104,2.6,196,13.1,133,323939.5496,4.9155,0,0,0,0,0,2024-08-31,MN06,584.0,0.0,0.0,0,0,Low,0,0,0.0,0.0,0.49558224351833474,1,0
MN0601,Stuyvesant Town-Peter Cooper Village,Manhattan,14.97,104,2.6,196,13.1,133,323939.5496,4.9155,0,0,0,0,0,2024-09-30,MN06,563.0,0.0,0.0,0,0,Low,0,0,0.0,0.0,0.49558224351833474,1,0
MN0601,Stuyvesant Town-Peter Cooper Village,Manhattan,14.97,104,2.6,196,13.1,133,323939.5496,4.9155,0,0,0,0,0,2024-10-31,MN06,512.0,0.0,0.0,0,0,Low,0,0,0.0,0.0,0.49558224351833474,1,0
MN0601,Stuyvesant Town-Peter Cooper Village,Manhattan,14.97,104,2.6,196,13.1,133,323939.5496,4.9155,0,0,0,0,0,2024-11-30,MN06,487.0,0.0,0.0,0,0,Low,0,0,0.0,0.0,0.49558224351833474,1,0
MN0601,Stuyvesant Town-Peter Cooper Village,Manhattan,14.97,104,2.6,196,13.1,133,323939.5496,4.9155,0,0,0,0,0,2024-12-31,MN06,534.0,0.0,0.0,0,0,Low,0,0,0.0,0.0,0.49558224351833474,1,0
MN0401,Chelsea-Hudson Yards,Manhattan,12.74,135,4.38,180,12.19,150,-251103.7907,4.9151,4,3,1,3,1,2023-01-31,MN04,334.0,0.0,0.3139717425431711,0,1,High,1,1,1.6094379124341003,0.27305441491731197,0.4955212037051166,0,1
MN0401,Chelsea-Hudson Yards,Manhattan,12.74,135,4.38,180,12.19,150,-251103.7907,4.9151,4,3,1,3,1,2023-02-28,MN04,357.0,0.0,0.3139717425431711,0,1,High,1,1,1.6094379124341003,0.27305441491731197,0.4955212037051166,0,1
MN0401,Chelsea-Hudson Yards,Manhattan,12.74,135,4.38,180,12.19,150,-251103.7907,4.9151,4,3,1,3,1,2023-03-31,MN04,358.0,0.0,0.3139717425431711,0,1,High,1,1,1.6094379124341003,0.27305441491731197,0.4955212037051166,0,1
MN0401,Chelsea-Hudson Yards,Manhattan,12.74,135,4.38,180,12.19,150,-251103.7907,4.9151,4,3,1,3,1,2023-04-30,MN04,370.0,0.0,0.3139717425431711,0,1,High,1,1,1.6094379124341003,0.27305441491731197,0.4955212037051166,0,1
MN0401,Chelsea-Hudson Yards,Manhattan,12.74,135,4.38,180,12.19,150,-251103.7907,4.9151,4,3,1,3,1,2023-05-31,MN04,362.0,0.0,0.3139717425431711,0,1,High,1,1,1.6094379124341003,0.27305441491731197,0.4955212037051166,0,1
MN0401,Chelsea-Hudson Yards,Manhattan,12.74,135,4.38,180,12.19,150,-251103.7907,4.9151,4,3,1,3,1,2023-06-30,MN04,354.0,0.0,0.3139717425431711,0,1,High,1,1,1.6094379124341003,0.27305441491731197,0.4955212037051166,0,1
MN0401,Chelsea-Hudson Yards,Manhattan,12.74,135,4.38,180,12.19,150,-251103.7907,4.9151,4,3,1,3,1,2023-07-31,MN04,337.0,0.0,0.3139717425431711,0,1,High,1,1,1.6094379124341003,0.27305441491731197,0.4955212037051166,0,1
MN0401,Chelsea-Hudson Yards,Manhattan,12.74,135,4.38,180,12.19,150,-251103.7907,4.9151,4,3,1,3,1,2023-08-31,MN04,350.0,0.0,0.3139717425431711,0,1,High,1,1,1.6094379124341003,0.27305441491731197,0.4955212037051166,0,1
MN0401,Chelsea-Hudson Yards,Manhattan,12.74,135,4.38,180,12.19,150,-251103.7907,4.9151,4,3,1,3,1,2023-09-30,MN04,372.0,0.0,0.3139717425431711,0,1,High,1,1,1.6094379124341003,0.27305441491731197,0.4955212037051166,0,1
MN0401,Chelsea-Hudson Yards,Manhattan,12.74,135,4.38,180,12.19,150,-251103.7907,4.9151,4,3,1,3,1,2023-10-31,MN04,359.0,0.0,0.3139717425431711,0,1,High,1,1,1.6094379124341003,0.27305441491731197,0.4955212037051166,0,1
MN0401,Chelsea-Hudson Yards,Manhattan,12.74,135,4.38,180,12.19,150,-251103.7907,4.9151,4,3,1,3,1,2023-11-30,MN04,368.0,0.0,0.3139717425431711,0,1,High,1,1,1.6094379124341003,0.27305441491731197,0.4955212037051166,0,1
MN0401,Chelsea-Hudson Yards,Manhattan,12.74,135,4.38,180,12.19,150,-251103.7907,4.9151,4,3,1,3,1,2023-12-31,MN04,381.0,0.0,0.3139717425431711,0,1,High,1,1,1.6094379124341003,0.27305441491731197,0.4955212037051166,0,1
MN0401,Chelsea-Hudson Yards,Manhattan,12.74,135,4.38,180,12.19,150,-251103.7907,4.9151,4,3,1,3,1,2024-01-31,MN04,389.0,0.0,0.3139717425431711,0,1,High,1,1,1.6094379124341003,0.27305441491731197,0.4955212037051166,0,1
MN0401,Chelsea-Hudson Yards,Manhattan,12.74,135,4.38,180,12.19,150,-251103.7907,4.9151,4,3,1,3,1,2024-02-29,MN04,379.0,0.0,0.3139717425431711,0,1,High,1,1,1.6094379124341003,0.27305441491731197,0.4955212037051166,0,1
MN0401,Chelsea-Hudson Yards,Manhattan,12.74,135,4.38,180,12.19,150,-251103.7907,4.9151,4,3,1,3,1,2024-03-31,MN04,368.0,0.0,0.3139717425431711,0,1,High,1,1,1.6094379124341003,0.27305441491731197,0.4955212037051166,0,1
MN0401,Chelsea-Hudson Yards,Manhattan,12.74,135,4.38,180,12.19,150,-251103.7907,4.9151,4,3,1,3,1,2024-04-30,MN04,357.0,0.0,0.3139717425431711,0,1,High,1,1,1.6094379124341003,0.27305441491731197,0.4955212037051166,0,1
MN0401,Chelsea-Hudson Yards,Manhattan,12.74,135,4.38,180,12.19,150,-251103.7907,4.9151,4,3,1,3,1,2024-05-31,MN04,357.0,0.0,0.3139717425431711,0,1,High,1,1,1.6094379124341003,0.27305441491731197,0.4955212037051166,0,1
MN0401,Chelsea-Hudson Yards,Manhattan,12.74,135,4.38,180,12.19,150,-251103.7907,4.9151,4,3,1,3,1,2024-06-30,MN04,354.0,0.0,0.3139717425431711,0,1,High,1,1,1.6094379124341003,0.27305441491731197,0.4955212037051166,0,1
MN0401,Chelsea-Hudson Yards,Manhattan,12.74,135,4.38,180,12.19,150,-251103.7907,4.9151,4,3,1,3,1,2024-07-31,MN04,360.0,0.0,0.3139717425431711,0,1,High,1,1,1.6094379124341003,0.27305441491731197,0.4955212037051166,0,1
MN0401,Chelsea-Hudson Yards,Manhattan,12.74,135,4.38,180,12.19,150,-251103.7907,4.9151,4,3,1,3,1,2024-08-31,MN04,381.0,0.0,0.3139717425431711,0,1,High,1,1,1.6094379124341003,0.27305441491731197,0.4955212037051166,0,1
MN0401,Chelsea-Hudson Yards,Manhattan,12.74,135,4.38,180,12.19,150,-251103.7907,4.9151,4,3,1,3,1,2024-09-30,MN04,387.0,0.0,0.3139717425431711,0,1,High,1,1,1.6094379124341003,0.27305441491731197,0.4955212037051166,0,1
MN0401,Chelsea-Hudson Yards,Manhattan,12.74,135,4.38,180,12.19,150,-251103.7907,4.9151,4,3,1,3,1,2024-10-31,MN04,384.0,0.0,0.3139717425431711,0,1,High,1,1,1.6094379124341003,0.27305441491731197,0.4955212037051166,0,1
MN0401,Chelsea-Hudson Yards,Manhattan,12.74,135,4.38,180,12.19,150,-251103.7907,4.9151,4,3,1,3,1,2024-11-30,MN04,382.0,0.0,0.3139717425431711,0,1,High,1,1,1.6094379124341003,0.27305441491731197,0.4955212037051166,0,1
MN0401,Chelsea-Hudson Yards,Manhattan,12.74,135,4.38,180,12.19,150,-251103.7907,4.9151,4,3,1,3,1,2024-12-31,MN04,355.0,0.0,0.3139717425431711,0,1,High,1,1,1.6094379124341003,0.27305441491731197,0.4955212037051166,0,1
BK1401,Flatbush,Brooklyn,8.23,185,5.07,165,16.58,66,-715826.7657,4.9111,6,6,0,6,0,2023-01-31,BK14,88.0,0.0,0.7290400972053462,0,1,High,0,0,1.9459101490553132,0.5475663974127826,0.49491080557293493,0,1
BK1401,Flatbush,Brooklyn,8.23,185,5.07,165,16.58,66,-715826.7657,4.9111,6,6,0,6,0,2023-02-28,BK14,85.0,0.0,0.7290400972053462,0,1,High,0,0,1.9459101490553132,0.5475663974127826,0.49491080557293493,0,1
BK1401,Flatbush,Brooklyn,8.23,185,5.07,165,16.58,66,-715826.7657,4.9111,6,6,0,6,0,2023-03-31,BK14,85.0,0.0,0.7290400972053462,0,1,High,0,0,1.9459101490553132,0.5475663974127826,0.49491080557293493,0,1
BK1401,Flatbush,Brooklyn,8.23,185,5.07,165,16.58,66,-715826.7657,4.9111,6,6,0,6,0,2023-04-30,BK14,91.0,0.0,0.7290400972053462,0,1,High,0,0,1.9459101490553132,0.5475663974127826,0.49491080557293493,0,1
BK1401,Flatbush,Brooklyn,8.23,185,5.07,165,16.58,66,-715826.7657,4.9111,6,6,0,6,0,2023-05-31,BK14,88.0,0.0,0.7290400972053462,0,1,High,0,0,1.9459101490553132,0.5475663974127826,0.49491080557293493,0,1
BK1401,Flatbush,Brooklyn,8.23,185,5.07,165,16.58,66,-715826.7657,4.9111,6,6,0,6,0,2023-06-30,BK14,87.0,0.0,0.7290400972053462,0,1,High,0,0,1.9459101490553132,0.5475663974127826,0.49491080557293493,0,1
BK1401,Flatbush,Brooklyn,8.23,185,5.07,165,16.58,66,-715826.7657,4.9111,6,6,0,6,0,2023-07-31,BK14,86.0,0.0,0.7290400972053462,0,1,High,0,0,1.9459101490553132,0.5475663974127826,0.49491080557293493,0,1
BK1401,Flatbush,Brooklyn,8.23,185,5.07,165,16.58,66,-715826.7657,4.9111,6,6,0,6,0,2023-08-31,BK14,88.0,0.0,0.7290400972053462,0,1,High,0,0,1.9459101490553132,0.5475663974127826,0.49491080557293493,0,1
BK1401,Flatbush,Brooklyn,8.23,185,5.07,165,16.58,66,-715826.7657,4.9111,6,6,0,6,0,2023-09-30,BK14,92.0,0.0,0.7290400972053462,0,1,High,0,0,1.9459101490553132,0.5475663974127826,0.49491080557293493,0,1
BK1401,Flatbush,Brooklyn,8.23,185,5.07,165,16.58,66,-715826.7657,4.9111,6,6,0,6,0,2023-10-31,BK14,91.0,0.0,0.7290400972053462,0,1,High,0,0,1.9459101490553132,0.5475663974127826,0.49491080557293493,0,1
BK1401,Flatbush,Brooklyn,8.23,185,5.07,165,16.58,66,-715826.7657,4.9111,6,6,0,6,0,2023-11-30,BK14,83.0,0.0,0.7290400972053462,0,1,High,0,0,1.9459101490553132,0.5475663974127826,0.49491080557293493,0,1
BK1401,Flatbush,Brooklyn,8.23,185,5.07,165,16.58,66,-715826.7657,4.9111,6,6,0,6,0,2023-12-31,BK14,92.0,0.0,0.7290400972053462,0,1,High,0,0,1.9459101490553132,0.5475663974127826,0.49491080557293493,0,1
BK1401,Flatbush,Brooklyn,8.23,185,5.07,165,16.58,66,-715826.7657,4.9111,6,6,0,6,0,2024-01-31,BK14,86.0,0.0,0.7290400972053462,0,1,High,0,0,1.9459101490553132,0.5475663974127826,0.49491080557293493,0,1
BK1401,Flatbush,Brooklyn,8.23,185,5.07,165,16.58,66,-715826.7657,4.9111,6,6,0,6,0,2024-02-29,BK14,88.0,0.0,0.7290400972053462,0,1,High,0,0,1.9459101490553132,0.5475663974127826,0.49491080557293493,0,1
BK1401,Flatbush,Brooklyn,8.23,185,5.07,165,16.58,66,-715826.7657,4.9111,6,6,0,6,0,2024-03-31,BK14,84.0,0.0,0.7290400972053462,0,1,High,0,0,1.9459101490553132,0.5475663974127826,0.49491080557293493,0,1
BK1401,Flatbush,Brooklyn,8.23,185,5.07,165,16.58,66,-715826.7657,4.9111,6,6,0,6,0,2024-04-30,BK14,74.0,0.0,0.7290400972053462,0,1,High,0,0,1.9459101490553132,0.5475663974127826,0.49491080557293493,0,1
BK1401,Flatbush,Brooklyn,8.23,185,5.07,165,16.58,66,-715826.7657,4.9111,6,6,0,6,0,2024-05-31,BK14,77.0,0.0,0.7290400972053462,0,1,High,0,0,1.9459101490553132,0.5475663974127826,0.49491080557293493,0,1
BK1401,Flatbush,Brooklyn,8.23,185,5.07,165,16.58,66,-715826.7657,4.9111,6,6,0,6,0,2024-06-30,BK14,89.0,0.0,0.7290400972053462,0,1,High,0,0,1.9459101490553132,0.5475663974127826,0.49491080557293493,0,1
BK1401,Flatbush,Brooklyn,8.23,185,5.07,165,16.58,66,-715826.7657,4.9111,6,6,0,6,0,2024-07-31,BK14,91.0,0.0,0.7290400972053462,0,1,High,0,0,1.9459101490553132,0.5475663974127826,0.49491080557293493,0,1
BK1401,Flatbush,Brooklyn,8.23,185,5.07,165,16.58,66,-715826.7657,4.9111,6,6,0,6,0,2024-08-31,BK14,92.0,0.0,0.7290400972053462,0,1,High,0,0,1.9459101490553132,0.5475663974127826,0.49491080557293493,0,1
BK1401,Flatbush,Brooklyn,8.23,185,5.07,165,16.58,66,-715826.7657,4.9111,6,6,0,6,0,2024-09-30,BK14,88.0,0.0,0.7290400972053462,0,1,High,0,0,1.9459101490553132,0.5475663974127826,0.49491080557293493,0,1
BK1401,Flatbush,Brooklyn,8.23,185,5.07,165,16.58,66,-715826.7657,4.9111,6,6,0,6,0,2024-10-31,BK14,90.0,0.0,0.7290400972053462,0,1,High,0,0,1.9459101490553132,0.5475663974127826,0.49491080557293493,0,1
BK1401,Flatbush,Brooklyn,8.23,185,5.07,165,16.58,66,-715826.7657,4.9111,6,6,0,6,0,2024-11-30,BK14,88.0,0.0,0.7290400972053462,0,1,High,0,0,1.9459101490553132,0.5475663974127826,0.49491080557293493,0,1
BK1401,Flatbush,Brooklyn,8.23,185,5.07,165,16.58,66,-715826.7657,4.9111,6,6,0,6,0,2024-12-31,BK14,90.0,0.0,0.7290400972053462,0,1,High,0,0,1.9459101490553132,0.5475663974127826,0.49491080557293493,0,1
SI0104,West New Brighton-Silver Lake-Grymes Hill,Staten Island,13.5,126,4.51,176,10.23,178,-20428.5443,4.8789,1,1,0,0,1,2023-01-31,SI01,129.0,0.0,0.07407407407407407,0,0,Low,0,1,0.6931471805599453,0.07145896398214495,0.4899971006088721,1,0
SI0104,West New Brighton-Silver Lake-Grymes Hill,Staten Island,13.5,126,4.51,176,10.23,178,-20428.5443,4.8789,1,1,0,0,1,2023-02-28,SI01,109.0,0.0,0.07407407407407407,0,0,Low,0,1,0.6931471805599453,0.07145896398214495,0.4899971006088721,1,0
SI0104,West New Brighton-Silver Lake-Grymes Hill,Staten Island,13.5,126,4.51,176,10.23,178,-20428.5443,4.8789,1,1,0,0,1,2023-03-31,SI01,135.0,0.0,0.07407407407407407,0,0,Low,0,1,0.6931471805599453,0.07145896398214495,0.4899971006088721,1,0
SI0104,West New Brighton-Silver Lake-Grymes Hill,Staten Island,13.5,126,4.51,176,10.23,178,-20428.5443,4.8789,1,1,0,0,1,2023-04-30,SI01,138.0,0.0,0.07407407407407407,0,0,Low,0,1,0.6931471805599453,0.07145896398214495,0.4899971006088721,1,0
SI0104,West New Brighton-Silver Lake-Grymes Hill,Staten Island,13.5,126,4.51,176,10.23,178,-20428.5443,4.8789,1,1,0,0,1,2023-05-31,SI01,143.0,0.0,0.07407407407407407,0,0,Low,0,1,0.6931471805599453,0.07145896398214495,0.4899971006088721,1,0
SI0104,West New Brighton-Silver Lake-Grymes Hill,Staten Island,13.5,126,4.51,176,10.23,178,-20428.5443,4.8789,1,1,0,0,1,2023-06-30,SI01,139.0,0.0,0.07407407407407407,0,0,Low,0,1,0.6931471805599453,0.07145896398214495,0.4899971006088721,1,0
SI0104,West New Brighton-Silver Lake-Grymes Hill,Staten Island,13.5,126,4.51,176,10.23,178,-20428.5443,4.8789,1,1,0,0,1,2023-07-31,SI01,143.0,0.0,0.07407407407407407,0,0,Low,0,1,0.6931471805599453,0.07145896398214495,0.4899971006088721,1,0
SI0104,West New Brighton-Silver Lake-Grymes Hill,Staten Island,13.5,126,4.51,176,10.23,178,-20428.5443,4.8789,1,1,0,0,1,2023-08-31,SI01,151.0,0.0,0.07407407407407407,0,0,Low,0,1,0.6931471805599453,0.07145896398214495,0.4899971006088721,1,0
SI0104,West New Brighton-Silver Lake-Grymes Hill,Staten Island,13.5,126,4.51,176,10.23,178,-20428.5443,4.8789,1,1,0,0,1,2023-09-30,SI01,132.0,0.0,0.07407407407407407,0,0,Low,0,1,0.6931471805599453,0.07145896398214495,0.4899971006088721,1,0
SI0104,West New Brighton-Silver Lake-Grymes Hill,Staten Island,13.5,126,4.51,176,10.23,178,-20428.5443,4.8789,1,1,0,0,1,2023-10-31,SI01,153.0,0.0,0.07407407407407407,0,0,Low,0,1,0.6931471805599453,0.07145896398214495,0.4899971006088721,1,0
SI0104,West New Brighton-Silver Lake-Grymes Hill,Staten Island,13.5,126,4.51,176,10.23,178,-20428.5443,4.8789,1,1,0,0,1,2023-11-30,SI01,150.0,0.0,0.07407407407407407,0,0,Low,0,1,0.6931471805599453,0.07145896398214495,0.4899971006088721,1,0
SI0104,West New Brighton-Silver Lake-Grymes Hill,Staten Island,13.5,126,4.51,176,10.23,178,-20428.5443,4.8789,1,1,0,0,1,2023-12-31,SI01,213.0,0.0,0.07407407407407407,0,0,Low,0,1,0.6931471805599453,0.07145896398214495,0.4899971006088721,1,0
SI0104,West New Brighton-Silver Lake-Grymes Hill,Staten Island,13.5,126,4.51,176,10.23,178,-20428.5443,4.8789,1,1,0,0,1,2024-01-31,SI01,238.0,0.0,0.07407407407407407,0,0,Low,0,1,0.6931471805599453,0.07145896398214495,0.4899971006088721,1,0
SI0104,West New Brighton-Silver Lake-Grymes Hill,Staten Island,13.5,126,4.51,176,10.23,178,-20428.5443,4.8789,1,1,0,0,1,2024-02-29,SI01,285.0,0.0,0.07407407407407407,0,0,Low,0,1,0.6931471805599453,0.07145896398214495,0.4899971006088721,1,0
SI0104,West New Brighton-Silver Lake-Grymes Hill,Staten Island,13.5,126,4.51,176,10.23,178,-20428.5443,4.8789,1,1,0,0,1,2024-03-31,SI01,286.0,0.0,0.07407407407407407,0,0,Low,0,1,0.6931471805599453,0.07145896398214495,0.4899971006088721,1,0
SI0104,West New Brighton-Silver Lake-Grymes Hill,Staten Island,13.5,126,4.51,176,10.23,178,-20428.5443,4.8789,1,1,0,0,1,2024-04-30,SI01,316.0,0.0,0.07407407407407407,0,0,Low,0,1,0.6931471805599453,0.07145896398214495,0.4899971006088721,1,0
SI0104,West New Brighton-Silver Lake-Grymes Hill,Staten Island,13.5,126,4.51,176,10.23,178,-20428.5443,4.8789,1,1,0,0,1,2024-05-31,SI01,327.0,0.0,0.07407407407407407,0,0,Low,0,1,0.6931471805599453,0.07145896398214495,0.4899971006088721,1,0
SI0104,West New Brighton-Silver Lake-Grymes Hill,Staten Island,13.5,126,4.51,176,10.23,178,-20428.5443,4.8789,1,1,0,0,1,2024-06-30,SI01,339.0,0.0,0.07407407407407407,0,0,Low,0,1,0.6931471805599453,0.07145896398214495,0.4899971006088721,1,0
SI0104,West New Brighton-Silver Lake-Grymes Hill,Staten Island,13.5,126,4.51,176,10.23,178,-20428.5443,4.8789,1,1,0,0,1,2024-07-31,SI01,390.0,0.0,0.07407407407407407,0,0,Low,0,1,0.6931471805599453,0.07145896398214495,0.4899971006088721,1,0
SI0104,West New Brighton-Silver Lake-Grymes Hill,Staten Island,13.5,126,4.51,176,10.23,178,-20428.5443,4.8789,1,1,0,0,1,2024-08-31,SI01,443.0,0.0,0.07407407407407407,0,0,Low,0,1,0.6931471805599453,0.07145896398214495,0.4899971006088721,1,0
SI0104,West New Brighton-Silver Lake-Grymes Hill,Staten Island,13.5,126,4.51,176,10.23,178,-20428.5443,4.8789,1,1,0,0,1,2024-09-30,SI01,491.0,0.0,0.07407407407407407,0,0,Low,0,1,0.6931471805599453,0.07145896398214495,0.4899971006088721,1,0
SI0104,West New Brighton-Silver Lake-Grymes Hill,Staten Island,13.5,126,4.51,176,10.23,178,-20428.5443,4.8789,1,1,0,0,1,2024-10-31,SI01,552.0,0.0,0.07407407407407407,0,0,Low,0,1,0.6931471805599453,0.07145896398214495,0.4899971006088721,1,0
SI0104,West New Brighton-Silver Lake-Grymes Hill,Staten Island,13.5,126,4.51,176,10.23,178,-20428.5443,4.8789,1,1,0,0,1,2024-11-30,SI01,552.0,0.0,0.07407407407407407,0,0,Low,0,1,0.6931471805599453,0.07145896398214495,0.4899971006088721,1,0
SI0104,West New Brighton-Silver Lake-Grymes Hill,Staten Island,13.5,126,4.51,176,10.23,178,-20428.5443,4.8789,1,1,0,0,1,2024-12-31,SI01,532.0,0.0,0.07407407407407407,0,0,Low,0,1,0.6931471805599453,0.07145896398214495,0.4899971006088721,1,0
BK1802,Marine Park-Mill Basin-Bergen Beach,Brooklyn,10.54,167,3.36,190,11.15,166,-152372.5432,4.8773,1,1,1,1,1,2023-01-31,BK18,763.0,0.0,0.09487666034155598,0,0,Low,1,1,0.6931471805599453,0.09064171796673724,0.4897529413559994,1,0
BK1802,Marine Park-Mill Basin-Bergen Beach,Brooklyn,10.54,167,3.36,190,11.15,166,-152372.5432,4.8773,1,1,1,1,1,2023-02-28,BK18,795.0,1.0,0.09487666034155598,0,0,Low,1,1,0.6931471805599453,0.09064171796673724,0.4897529413559994,1,0
BK1802,Marine Park-Mill Basin-Bergen Beach,Brooklyn,10.54,167,3.36,190,11.15,166,-152372.5432,4.8773,1,1,1,1,1,2023-03-31,BK18,847.0,1.0,0.09487666034155598,0,0,Low,1,1,0.6931471805599453,0.09064171796673724,0.4897529413559994,1,0
BK1802,Marine Park-Mill Basin-Bergen Beach,Brooklyn,10.54,167,3.36,190,11.15,166,-152372.5432,4.8773,1,1,1,1,1,2023-04-30,BK18,844.0,1.0,0.09487666034155598,0,0,Low,1,1,0.6931471805599453,0.09064171796673724,0.4897529413559994,1,0
BK1802,Marine Park-Mill Basin-Bergen Beach,Brooklyn,10.54,167,3.36,190,11.15,166,-152372.5432,4.8773,1,1,1,1,1,2023-05-31,BK18,974.0,1.0,0.09487666034155598,0,0,Low,1,1,0.6931471805599453,0.09064171796673724,0.4897529413559994,1,0
BK1802,Marine Park-Mill Basin-Bergen Beach,Brooklyn,10.54,167,3.36,190,11.15,166,-152372.5432,4.8773,1,1,1,1,1,2023-06-30,BK18,983.0,1.0,0.09487666034155598,0,0,Low,1,1,0.6931471805599453,0.09064171796673724,0.4897529413559994,1,0
BK1802,Marine Park-Mill Basin-Bergen Beach,Brooklyn,10.54,167,3.36,190,11.15,166,-152372.5432,4.8773,1,1,1,1,1,2023-07-31,BK18,993.0,1.0,0.09487666034155598,0,0,Low,1,1,0.6931471805599453,0.09064171796673724,0.4897529413559994,1,0
BK1802,Marine Park-Mill Basin-Bergen Beach,Brooklyn,10.54,167,3.36,190,11.15,166,-152372.5432,4.8773,1,1,1,1,1,2023-08-31,BK18,985.0,1.0,0.09487666034155598,0,0,Low,1,1,0.6931471805599453,0.09064171796673724,0.4897529413559994,1,0
BK1802,Marine Park-Mill Basin-Bergen Beach,Brooklyn,10.54,167,3.36,190,11.15,166,-152372.5432,4.8773,1,1,1,1,1,2023-09-30,BK18,1013.0,1.0,0.09487666034155598,0,0,Low,1,1,0.6931471805599453,0.09064171796673724,0.4897529413559994,1,0
BK1802,Marine Park-Mill Basin-Bergen Beach,Brooklyn,10.54,167,3.36,190,11.15,166,-152372.5432,4.8773,1,1,1,1,1,2023-10-31,BK18,989.0,1.0,0.09487666034155598,0,0,Low,1,1,0.6931471805599453,0.09064171796673724,0.4897529413559994,1,0
BK1802,Marine Park-Mill Basin-Bergen Beach,Brooklyn,10.54,167,3.36,190,11.15,166,-152372.5432,4.8773,1,1,1,1,1,2023-11-30,BK18,995.0,1.0,0.09487666034155598,0,0,Low,1,1,0.6931471805599453,0.09064171796673724,0.4897529413559994,1,0
BK1802,Marine Park-Mill Basin-Bergen Beach,Brooklyn,10.54,167,3.36,190,11.15,166,-152372.5432,4.8773,1,1,1,1,1,2023-12-31,BK18,1007.0,1.0,0.09487666034155598,0,0,Low,1,1,0.6931471805599453,0.09064171796673724,0.4897529413559994,1,0
BK1802,Marine Park-Mill Basin-Bergen Beach,Brooklyn,10.54,167,3.36,190,11.15,166,-152372.5432,4.8773,1,1,1,1,1,2024-01-31,BK18,989.0,1.0,0.09487666034155598,0,0,Low,1,1,0.6931471805599453,0.09064171796673724,0.4897529413559994,1,0
BK1802,Marine Park-Mill Basin-Bergen Beach,Brooklyn,10.54,167,3.36,190,11.15,166,-152372.5432,4.8773,1,1,1,1,1,2024-02-29,BK18,1015.0,1.0,0.09487666034155598,0,0,Low,1,1,0.6931471805599453,0.09064171796673724,0.4897529413559994,1,0
BK1802,Marine Park-Mill Basin-Bergen Beach,Brooklyn,10.54,167,3.36,190,11.15,166,-152372.5432,4.8773,1,1,1,1,1,2024-03-31,BK18,1005.0,1.0,0.09487666034155598,0,0,Low,1,1,0.6931471805599453,0.09064171796673724,0.4897529413559994,1,0
BK1802,Marine Park-Mill Basin-Bergen Beach,Brooklyn,10.54,167,3.36,190,11.15,166,-152372.5432,4.8773,1,1,1,1,1,2024-04-30,BK18,1005.0,1.0,0.09487666034155598,0,0,Low,1,1,0.6931471805599453,0.09064171796673724,0.4897529413559994,1,0
BK1802,Marine Park-Mill Basin-Bergen Beach,Brooklyn,10.54,167,3.36,190,11.15,166,-152372.5432,4.8773,1,1,1,1,1,2024-05-31,BK18,1001.0,1.0,0.09487666034155598,0,0,Low,1,1,0.6931471805599453,0.09064171796673724,0.4897529413559994,1,0
BK1802,Marine Park-Mill Basin-Bergen Beach,Brooklyn,10.54,167,3.36,190,11.15,166,-152372.5432,4.8773,1,1,1,1,1,2024-06-30,BK18,842.0,1.0,0.09487666034155598,0,0,Low,1,1,0.6931471805599453,0.09064171796673724,0.4897529413559994,1,0
BK1802,Marine Park-Mill Basin-Bergen Beach,Brooklyn,10.54,167,3.36,190,11.15,166,-152372.5432,4.8773,1,1,1,1,1,2024-07-31,BK18,843.0,1.0,0.09487666034155598,0,0,Low,1,1,0.6931471805599453,0.09064171796673724,0.4897529413559994,1,0
BK1802,Marine Park-Mill Basin-Bergen Beach,Brooklyn,10.54,167,3.36,190,11.15,166,-152372.5432,4.8773,1,1,1,1,1,2024-08-31,BK18,860.0,1.0,0.09487666034155598,0,0,Low,1,1,0.6931471805599453,0.09064171796673724,0.4897529413559994,1,0
BK1802,Marine Park-Mill Basin-Bergen Beach,Brooklyn,10.54,167,3.36,190,11.15,166,-152372.5432,4.8773,1,1,1,1,1,2024-09-30,BK18,828.0,1.0,0.09487666034155598,0,0,Low,1,1,0.6931471805599453,0.09064171796673724,0.4897529413559994,1,0
BK1802,Marine Park-Mill Basin-Bergen Beach,Brooklyn,10.54,167,3.36,190,11.15,166,-152372.5432,4.8773,1,1,1,1,1,2024-10-31,BK18,801.0,1.0,0.09487666034155598,0,0,Low,1,1,0.6931471805599453,0.09064171796673724,0.4897529413559994,1,0
BK1802,Marine Park-Mill Basin-Bergen Beach,Brooklyn,10.54,167,3.36,190,11.15,166,-152372.5432,4.8773,1,1,1,1,1,2024-11-30,BK18,857.0,1.0,0.09487666034155598,0,0,Low,1,1,0.6931471805599453,0.09064171796673724,0.4897529413559994,1,0
BK1802,Marine Park-Mill Basin-Bergen Beach,Brooklyn,10.54,167,3.36,190,11.15,166,-152372.5432,4.8773,1,1,1,1,1,2024-12-31,BK18,819.0,1.0,0.09487666034155598,0,0,Low,1,1,0.6931471805599453,0.09064171796673724,0.4897529413559994,1,0
SI0303,Arden Heights-Rossville,Staten Island,6.0,194,4.7,173,8.43,190,307646.0685,4.873,0,0,0,0,0,2023-01-31,SI03,0.0,0.0,0.0,0,0,Low,0,0,0.0,0.0,0.4890967633639041,1,0
SI0303,Arden Heights-Rossville,Staten Island,6.0,194,4.7,173,8.43,190,307646.0685,4.873,0,0,0,0,0,2023-02-28,SI03,0.0,0.0,0.0,0,0,Low,0,0,0.0,0.0,0.4890967633639041,1,0
SI0303,Arden Heights-Rossville,Staten Island,6.0,194,4.7,173,8.43,190,307646.0685,4.873,0,0,0,0,0,2023-03-31,SI03,0.0,0.0,0.0,0,0,Low,0,0,0.0,0.0,0.4890967633639041,1,0
SI0303,Arden Heights-Rossville,Staten Island,6.0,194,4.7,173,8.43,190,307646.0685,4.873,0,0,0,0,0,2023-04-30,SI03,0.0,0.0,0.0,0,0,Low,0,0,0.0,0.0,0.4890967633639041,1,0
SI0303,Arden Heights-Rossville,Staten Island,6.0,194,4.7,173,8.43,190,307646.0685,4.873,0,0,0,0,0,2023-05-31,SI03,0.0,0.0,0.0,0,0,Low,0,0,0.0,0.0,0.4890967633639041,1,0
SI0303,Arden Heights-Rossville,Staten Island,6.0,194,4.7,173,8.43,190,307646.0685,4.873,0,0,0,0,0,2023-06-30,SI03,0.0,0.0,0.0,0,0,Low,0,0,0.0,0.0,0.4890967633639041,1,0
SI0303,Arden Heights-Rossville,Staten Island,6.0,194,4.7,173,8.43,190,307646.0685,4.873,0,0,0,0,0,2023-07-31,SI03,0.0,0.0,0.0,0,0,Low,0,0,0.0,0.0,0.4890967633639041,1,0
SI0303,Arden Heights-Rossville,Staten Island,6.0,194,4.7,173,8.43,190,307646.0685,4.873,0,0,0,0,0,2023-08-31,SI03,0.0,0.0,0.0,0,0,Low,0,0,0.0,0.0,0.4890967633639041,1,0
SI0303,Arden Heights-Rossville,Staten Island,6.0,194,4.7,173,8.43,190,307646.0685,4.873,0,0,0,0,0,2023-09-30,SI03,0.0,0.0,0.0,0,0,Low,0,0,0.0,0.0,0.4890967633639041,1,0
SI0303,Arden Heights-Rossville,Staten Island,6.0,194,4.7,173,8.43,190,307646.0685,4.873,0,0,0,0,0,2023-10-31,SI03,0.0,0.0,0.0,0,0,Low,0,0,0.0,0.0,0.4890967633639041,1,0
SI0303,Arden Heights-Rossville,Staten Island,6.0,194,4.7,173,8.43,190,307646.0685,4.873,0,0,0,0,0,2023-11-30,SI03,0.0,0.0,0.0,0,0,Low,0,0,0.0,0.0,0.4890967633639041,1,0
SI0303,Arden Heights-Rossville,Staten Island,6.0,194,4.7,173,8.43,190,307646.0685,4.873,0,0,0,0,0,2023-12-31,SI03,0.0,0.0,0.0,0,0,Low,0,0,0.0,0.0,0.4890967633639041,1,0
SI0303,Arden Heights-Rossville,Staten Island,6.0,194,4.7,173,8.43,190,307646.0685,4.873,0,0,0,0,0,2024-01-31,SI03,0.0,0.0,0.0,0,0,Low,0,0,0.0,0.0,0.4890967633639041,1,0
SI0303,Arden Heights-Rossville,Staten Island,6.0,194,4.7,173,8.43,190,307646.0685,4.873,0,0,0,0,0,2024-02-29,SI03,0.0,0.0,0.0,0,0,Low,0,0,0.0,0.0,0.4890967633639041,1,0
SI0303,Arden Heights-Rossville,Staten Island,6.0,194,4.7,173,8.43,190,307646.0685,4.873,0,0,0,0,0,2024-03-31,SI03,0.0,0.0,0.0,0,0,Low,0,0,0.0,0.0,0.4890967633639041,1,0
SI0303,Arden Heights-Rossville,Staten Island,6.0,194,4.7,173,8.43,190,307646.0685,4.873,0,0,0,0,0,2024-04-30,SI03,0.0,0.0,0.0,0,0,Low,0,0,0.0,0.0,0.4890967633639041,1,0
SI0303,Arden Heights-Rossville,Staten Island,6.0,194,4.7,173,8.43,190,307646.0685,4.873,0,0,0,0,0,2024-05-31,SI03,0.0,0.0,0.0,0,0,Low,0,0,0.0,0.0,0.4890967633639041,1,0
SI0303,Arden Heights-Rossville,Staten Island,6.0,194,4.7,173,8.43,190,307646.0685,4.873,0,0,0,0,0,2024-06-30,SI03,0.0,0.0,0.0,0,0,Low,0,0,0.0,0.0,0.4890967633639041,1,0
SI0303,Arden Heights-Rossville,Staten Island,6.0,194,4.7,173,8.43,190,307646.0685,4.873,0,0,0,0,0,2024-07-31,SI03,0.0,0.0,0.0,0,0,Low,0,0,0.0,0.0,0.4890967633639041,1,0
SI0303,Arden Heights-Rossville,Staten Island,6.0,194,4.7,173,8.43,190,307646.0685,4.873,0,0,0,0,0,2024-08-31,SI03,0.0,0.0,0.0,0,0,Low,0,0,0.0,0.0,0.4890967633639041,1,0
SI0303,Arden Heights-Rossville,Staten Island,6.0,194,4.7,173,8.43,190,307646.0685,4.873,0,0,0,0,0,2024-09-30,SI03,0.0,0.0,0.0,0,0,Low,0,0,0.0,0.0,0.4890967633639041,1,0
SI0303,Arden Heights-Rossville,Staten Island,6.0,194,4.7,173,8.43,190,307646.0685,4.873,0,0,0,0,0,2024-10-31,SI03,0.0,0.0,0.0,0,0,Low,0,0,0.0,0.0,0.4890967633639041,1,0
SI0303,Arden Heights-Rossville,Staten Island,6.0,194,4.7,173,8.43,190,307646.0685,4.873,0,0,0,0,0,2024-11-30,SI03,0.0,0.0,0.0,0,0,Low,0,0,0.0,0.0,0.4890967633639041,1,0
SI0303,Arden Heights-Rossville,Staten Island,6.0,194,4.7,173,8.43,190,307646.0685,4.873,0,0,0,0,0,2024-12-31,SI03,0.0,0.0,0.0,0,0,Low,0,0,0.0,0.0,0.4890967633639041,1,0
MN0602,Gramercy,Manhattan,11.02,159,2.99,193,9.65,184,266392.705,4.8702,0,0,0,0,0,2023-01-31,MN06,0.0,0.0,0.0,0,0,Low,0,0,0.0,0.0,0.48866948467137683,1,0
MN0602,Gramercy,Manhattan,11.02,159,2.99,193,9.65,184,266392.705,4.8702,0,0,0,0,0,2023-02-28,MN06,0.0,0.0,0.0,0,0,Low,0,0,0.0,0.0,0.48866948467137683,1,0
MN0602,Gramercy,Manhattan,11.02,159,2.99,193,9.65,184,266392.705,4.8702,0,0,0,0,0,2023-03-31,MN06,0.0,0.0,0.0,0,0,Low,0,0,0.0,0.0,0.48866948467137683,1,0
MN0602,Gramercy,Manhattan,11.02,159,2.99,193,9.65,184,266392.705,4.8702,0,0,0,0,0,2023-04-30,MN06,0.0,0.0,0.0,0,0,Low,0,0,0.0,0.0,0.48866948467137683,1,0
MN0602,Gramercy,Manhattan,11.02,159,2.99,193,9.65,184,266392.705,4.8702,0,0,0,0,0,2023-05-31,MN06,0.0,0.0,0.0,0,0,Low,0,0,0.0,0.0,0.48866948467137683,1,0
MN0602,Gramercy,Manhattan,11.02,159,2.99,193,9.65,184,266392.705,4.8702,0,0,0,0,0,2023-06-30,MN06,0.0,0.0,0.0,0,0,Low,0,0,0.0,0.0,0.48866948467137683,1,0
MN0602,Gramercy,Manhattan,11.02,159,2.99,193,9.65,184,266392.705,4.8702,0,0,0,0,0,2023-07-31,MN06,0.0,0.0,0.0,0,0,Low,0,0,0.0,0.0,0.48866948467137683,1,0
MN0602,Gramercy,Manhattan,11.02,159,2.99,193,9.65,184,266392.705,4.8702,0,0,0,0,0,2023-08-31,MN06,0.0,0.0,0.0,0,0,Low,0,0,0.0,0.0,0.48866948467137683,1,0
MN0602,Gramercy,Manhattan,11.02,159,2.99,193,9.65,184,266392.705,4.8702,0,0,0,0,0,2023-09-30,MN06,0.0,0.0,0.0,0,0,Low,0,0,0.0,0.0,0.48866948467137683,1,0
MN0602,Gramercy,Manhattan,11.02,159,2.99,193,9.65,184,266392.705,4.8702,0,0,0,0,0,2023-10-31,MN06,337.0,0.0,0.0,0,0,Low,0,0,0.0,0.0,0.48866948467137683,1,0
MN0602,Gramercy,Manhattan,11.02,159,2.99,193,9.65,184,266392.705,4.8702,0,0,0,0,0,2023-11-30,MN06,323.0,0.0,0.0,0,0,Low,0,0,0.0,0.0,0.48866948467137683,1,0
MN0602,Gramercy,Manhattan,11.02,159,2.99,193,9.65,184,266392.705,4.8702,0,0,0,0,0,2023-12-31,MN06,367.0,0.0,0.0,0,0,Low,0,0,0.0,0.0,0.48866948467137683,1,0
MN0602,Gramercy,Manhattan,11.02,159,2.99,193,9.65,184,266392.705,4.8702,0,0,0,0,0,2024-01-31,MN06,407.0,0.0,0.0,0,0,Low,0,0,0.0,0.0,0.48866948467137683,1,0
MN0602,Gramercy,Manhattan,11.02,159,2.99,193,9.65,184,266392.705,4.8702,0,0,0,0,0,2024-02-29,MN06,449.0,0.0,0.0,0,0,Low,0,0,0.0,0.0,0.48866948467137683,1,0
MN0602,Gramercy,Manhattan,11.02,159,2.99,193,9.65,184,266392.705,4.8702,0,0,0,0,0,2024-03-31,MN06,507.0,0.0,0.0,0,0,Low,0,0,0.0,0.0,0.48866948467137683,1,0
MN0602,Gramercy,Manhattan,11.02,159,2.99,193,9.65,184,266392.705,4.8702,0,0,0,0,0,2024-04-30,MN06,532.0,0.0,0.0,0,0,Low,0,0,0.0,0.0,0.48866948467137683,1,0
MN0602,Gramercy,Manhattan,11.02,159,2.99,193,9.65,184,266392.705,4.8702,0,0,0,0,0,2024-05-31,MN06,503.0,0.0,0.0,0,0,Low,0,0,0.0,0.0,0.48866948467137683,1,0
MN0602,Gramercy,Manhattan,11.02,159,2.99,193,9.65,184,266392.705,4.8702,0,0,0,0,0,2024-06-30,MN06,512.0,0.0,0.0,0,0,Low,0,0,0.0,0.0,0.48866948467137683,1,0
MN0602,Gramercy,Manhattan,11.02,159,2.99,193,9.65,184,266392.705,4.8702,0,0,0,0,0,2024-07-31,MN06,561.0,0.0,0.0,0,0,Low,0,0,0.0,0.0,0.48866948467137683,1,0
MN0602,Gramercy,Manhattan,11.02,159,2.99,193,9.65,184,266392.705,4.8702,0,0,0,0,0,2024-08-31,MN06,584.0,0.0,0.0,0,0,Low,0,0,0.0,0.0,0.48866948467137683,1,0
MN0602,Gramercy,Manhattan,11.02,159,2.99,193,9.65,184,266392.705,4.8702,0,0,0,0,0,2024-09-30,MN06,563.0,0.0,0.0,0,0,Low,0,0,0.0,0.0,0.48866948467137683,1,0
MN0602,Gramercy,Manhattan,11.02,159,2.99,193,9.65,184,266392.705,4.8702,0,0,0,0,0,2024-10-31,MN06,512.0,0.0,0.0,0,0,Low,0,0,0.0,0.0,0.48866948467137683,1,0
MN0602,Gramercy,Manhattan,11.02,159,2.99,193,9.65,184,266392.705,4.8702,0,0,0,0,0,2024-11-30,MN06,487.0,0.0,0.0,0,0,Low,0,0,0.0,0.0,0.48866948467137683,1,0
MN0602,Gramercy,Manhattan,11.02,159,2.99,193,9.65,184,266392.705,4.8702,0,0,0,0,0,2024-12-31,MN06,534.0,0.0,0.0,0,0,Low,0,0,0.0,0.0,0.48866948467137683,1,0
BK0902,Prospect Lefferts Gardens-Wingate,Brooklyn,12.17,143,6.29,129,12.85,137,-848516.8806,4.8643,3,3,0,2,1,2023-01-31,BK09,418.0,0.0,0.2465078060805259,0,1,High,0,1,1.3862943611198906,0.22034588636100508,0.48776914742640887,0,1
BK0902,Prospect Lefferts Gardens-Wingate,Brooklyn,12.17,143,6.29,129,12.85,137,-848516.8806,4.8643,3,3,0,2,1,2023-02-28,BK09,429.0,0.0,0.2465078060805259,0,1,High,0,1,1.3862943611198906,0.22034588636100508,0.48776914742640887,0,1
BK0902,Prospect Lefferts Gardens-Wingate,Brooklyn,12.17,143,6.29,129,12.85,137,-848516.8806,4.8643,3,3,0,2,1,2023-03-31,BK09,425.0,0.0,0.2465078060805259,0,1,High,0,1,1.3862943611198906,0.22034588636100508,0.48776914742640887,0,1
BK0902,Prospect Lefferts Gardens-Wingate,Brooklyn,12.17,143,6.29,129,12.85,137,-848516.8806,4.8643,3,3,0,2,1,2023-04-30,BK09,412.0,0.0,0.2465078060805259,0,1,High,0,1,1.3862943611198906,0.22034588636100508,0.48776914742640887,0,1
BK0902,Prospect Lefferts Gardens-Wingate,Brooklyn,12.17,143,6.29,129,12.85,137,-848516.8806,4.8643,3,3,0,2,1,2023-05-31,BK09,395.0,0.0,0.2465078060805259,0,1,High,0,1,1.3862943611198906,0.22034588636100508,0.48776914742640887,0,1
BK0902,Prospect Lefferts Gardens-Wingate,Brooklyn,12.17,143,6.29,129,12.85,137,-848516.8806,4.8643,3,3,0,2,1,2023-06-30,BK09,405.0,0.0,0.2465078060805259,0,1,High,0,1,1.3862943611198906,0.22034588636100508,0.48776914742640887,0,1
BK0902,Prospect Lefferts Gardens-Wingate,Brooklyn,12.17,143,6.29,129,12.85,137,-848516.8806,4.8643,3,3,0,2,1,2023-07-31,BK09,398.0,0.0,0.2465078060805259,0,1,High,0,1,1.3862943611198906,0.22034588636100508,0.48776914742640887,0,1
BK0902,Prospect Lefferts Gardens-Wingate,Brooklyn,12.17,143,6.29,129,12.85,137,-848516.8806,4.8643,3,3,0,2,1,2023-08-31,BK09,422.0,0.0,0.2465078060805259,0,1,High,0,1,1.3862943611198906,0.22034588636100508,0.48776914742640887,0,1
BK0902,Prospect Lefferts Gardens-Wingate,Brooklyn,12.17,143,6.29,129,12.85,137,-848516.8806,4.8643,3,3,0,2,1,2023-09-30,BK09,408.0,0.0,0.2465078060805259,0,1,High,0,1,1.3862943611198906,0.22034588636100508,0.48776914742640887,0,1
BK0902,Prospect Lefferts Gardens-Wingate,Brooklyn,12.17,143,6.29,129,12.85,137,-848516.8806,4.8643,3,3,0,2,1,2023-10-31,BK09,395.0,0.0,0.2465078060805259,0,1,High,0,1,1.3862943611198906,0.22034588636100508,0.48776914742640887,0,1
BK0902,Prospect Lefferts Gardens-Wingate,Brooklyn,12.17,143,6.29,129,12.85,137,-848516.8806,4.8643,3,3,0,2,1,2023-11-30,BK09,375.0,0.0,0.2465078060805259,0,1,High,0,1,1.3862943611198906,0.22034588636100508,0.48776914742640887,0,1
BK0902,Prospect Lefferts Gardens-Wingate,Brooklyn,12.17,143,6.29,129,12.85,137,-848516.8806,4.8643,3,3,0,2,1,2023-12-31,BK09,351.0,0.0,0.2465078060805259,0,1,High,0,1,1.3862943611198906,0.22034588636100508,0.48776914742640887,0,1
BK0902,Prospect Lefferts Gardens-Wingate,Brooklyn,12.17,143,6.29,129,12.85,137,-848516.8806,4.8643,3,3,0,2,1,2024-01-31,BK09,357.0,0.0,0.2465078060805259,0,1,High,0,1,1.3862943611198906,0.22034588636100508,0.48776914742640887,0,1
BK0902,Prospect Lefferts Gardens-Wingate,Brooklyn,12.17,143,6.29,129,12.85,137,-848516.8806,4.8643,3,3,0,2,1,2024-02-29,BK09,358.0,0.0,0.2465078060805259,0,1,High,0,1,1.3862943611198906,0.22034588636100508,0.48776914742640887,0,1
BK0902,Prospect Lefferts Gardens-Wingate,Brooklyn,12.17,143,6.29,129,12.85,137,-848516.8806,4.8643,3,3,0,2,1,2024-03-31,BK09,361.0,0.0,0.2465078060805259,0,1,High,0,1,1.3862943611198906,0.22034588636100508,0.48776914742640887,0,1
BK0902,Prospect Lefferts Gardens-Wingate,Brooklyn,12.17,143,6.29,129,12.85,137,-848516.8806,4.8643,3,3,0,2,1,2024-04-30,BK09,341.0,0.0,0.2465078060805259,0,1,High,0,1,1.3862943611198906,0.22034588636100508,0.48776914742640887,0,1
BK0902,Prospect Lefferts Gardens-Wingate,Brooklyn,12.17,143,6.29,129,12.85,137,-848516.8806,4.8643,3,3,0,2,1,2024-05-31,BK09,324.0,0.0,0.2465078060805259,0,1,High,0,1,1.3862943611198906,0.22034588636100508,0.48776914742640887,0,1
BK0902,Prospect Lefferts Gardens-Wingate,Brooklyn,12.17,143,6.29,129,12.85,137,-848516.8806,4.8643,3,3,0,2,1,2024-06-30,BK09,318.0,0.0,0.2465078060805259,0,1,High,0,1,1.3862943611198906,0.22034588636100508,0.48776914742640887,0,1
BK0902,Prospect Lefferts Gardens-Wingate,Brooklyn,12.17,143,6.29,129,12.85,137,-848516.8806,4.8643,3,3,0,2,1,2024-07-31,BK09,348.0,0.0,0.2465078060805259,0,1,High,0,1,1.3862943611198906,0.22034588636100508,0.48776914742640887,0,1
BK0902,Prospect Lefferts Gardens-Wingate,Brooklyn,12.17,143,6.29,129,12.85,137,-848516.8806,4.8643,3,3,0,2,1,2024-08-31,BK09,344.0,0.0,0.2465078060805259,0,1,High,0,1,1.3862943611198906,0.22034588636100508,0.48776914742640887,0,1
BK0902,Prospect Lefferts Gardens-Wingate,Brooklyn,12.17,143,6.29,129,12.85,137,-848516.8806,4.8643,3,3,0,2,1,2024-09-30,BK09,346.0,0.0,0.2465078060805259,0,1,High,0,1,1.3862943611198906,0.22034588636100508,0.48776914742640887,0,1
BK0902,Prospect Lefferts Gardens-Wingate,Brooklyn,12.17,143,6.29,129,12.85,137,-848516.8806,4.8643,3,3,0,2,1,2024-10-31,BK09,330.0,0.0,0.2465078060805259,0,1,High,0,1,1.3862943611198906,0.22034588636100508,0.48776914742640887,0,1
BK0902,Prospect Lefferts Gardens-Wingate,Brooklyn,12.17,143,6.29,129,12.85,137,-848516.8806,4.8643,3,3,0,2,1,2024-11-30,BK09,326.0,0.0,0.2465078060805259,0,1,High,0,1,1.3862943611198906,0.22034588636100508,0.48776914742640887,0,1
BK0902,Prospect Lefferts Gardens-Wingate,Brooklyn,12.17,143,6.29,129,12.85,137,-848516.8806,4.8643,3,3,0,2,1,2024-12-31,BK09,348.0,0.0,0.2465078060805259,0,1,High,0,1,1.3862943611198906,0.22034588636100508,0.48776914742640887,0,1
QN1307,Rosedale,Queens,5.49,195,7.44,89,13.08,134,-52191.3035,4.8629,2,2,0,1,1,2023-01-31,QN13,830.0,1.0,0.36429872495446264,0,1,High,0,1,1.0986122886681098,0.3106405420076888,0.4875555080801452,0,1
QN1307,Rosedale,Queens,5.49,195,7.44,89,13.08,134,-52191.3035,4.8629,2,2,0,1,1,2023-02-28,QN13,854.0,1.0,0.36429872495446264,0,1,High,0,1,1.0986122886681098,0.3106405420076888,0.4875555080801452,0,1
QN1307,Rosedale,Queens,5.49,195,7.44,89,13.08,134,-52191.3035,4.8629,2,2,0,1,1,2023-03-31,QN13,832.0,1.0,0.36429872495446264,0,1,High,0,1,1.0986122886681098,0.3106405420076888,0.4875555080801452,0,1
QN1307,Rosedale,Queens,5.49,195,7.44,89,13.08,134,-52191.3035,4.8629,2,2,0,1,1,2023-04-30,QN13,857.0,1.0,0.36429872495446264,0,1,High,0,1,1.0986122886681098,0.3106405420076888,0.4875555080801452,0,1
QN1307,Rosedale,Queens,5.49,195,7.44,89,13.08,134,-52191.3035,4.8629,2,2,0,1,1,2023-05-31,QN13,859.0,1.0,0.36429872495446264,0,1,High,0,1,1.0986122886681098,0.3106405420076888,0.4875555080801452,0,1
QN1307,Rosedale,Queens,5.49,195,7.44,89,13.08,134,-52191.3035,4.8629,2,2,0,1,1,2023-06-30,QN13,867.0,1.0,0.36429872495446264,0,1,High,0,1,1.0986122886681098,0.3106405420076888,0.4875555080801452,0,1
QN1307,Rosedale,Queens,5.49,195,7.44,89,13.08,134,-52191.3035,4.8629,2,2,0,1,1,2023-07-31,QN13,847.0,1.0,0.36429872495446264,0,1,High,0,1,1.0986122886681098,0.3106405420076888,0.4875555080801452,0,1
QN1307,Rosedale,Queens,5.49,195,7.44,89,13.08,134,-52191.3035,4.8629,2,2,0,1,1,2023-08-31,QN13,854.0,1.0,0.36429872495446264,0,1,High,0,1,1.0986122886681098,0.3106405420076888,0.4875555080801452,0,1
QN1307,Rosedale,Queens,5.49,195,7.44,89,13.08,134,-52191.3035,4.8629,2,2,0,1,1,2023-09-30,QN13,854.0,1.0,0.36429872495446264,0,1,High,0,1,1.0986122886681098,0.3106405420076888,0.4875555080801452,0,1
QN1307,Rosedale,Queens,5.49,195,7.44,89,13.08,134,-52191.3035,4.8629,2,2,0,1,1,2023-10-31,QN13,856.0,1.0,0.36429872495446264,0,1,High,0,1,1.0986122886681098,0.3106405420076888,0.4875555080801452,0,1
QN1307,Rosedale,Queens,5.49,195,7.44,89,13.08,134,-52191.3035,4.8629,2,2,0,1,1,2023-11-30,QN13,866.0,1.0,0.36429872495446264,0,1,High,0,1,1.0986122886681098,0.3106405420076888,0.4875555080801452,0,1
QN1307,Rosedale,Queens,5.49,195,7.44,89,13.08,134,-52191.3035,4.8629,2,2,0,1,1,2023-12-31,QN13,864.0,1.0,0.36429872495446264,0,1,High,0,1,1.0986122886681098,0.3106405420076888,0.4875555080801452,0,1
QN1307,Rosedale,Queens,5.49,195,7.44,89,13.08,134,-52191.3035,4.8629,2,2,0,1,1,2024-01-31,QN13,853.0,1.0,0.36429872495446264,0,1,High,0,1,1.0986122886681098,0.3106405420076888,0.4875555080801452,0,1
QN1307,Rosedale,Queens,5.49,195,7.44,89,13.08,134,-52191.3035,4.8629,2,2,0,1,1,2024-02-29,QN13,847.0,1.0,0.36429872495446264,0,1,High,0,1,1.0986122886681098,0.3106405420076888,0.4875555080801452,0,1
QN1307,Rosedale,Queens,5.49,195,7.44,89,13.08,134,-52191.3035,4.8629,2,2,0,1,1,2024-03-31,QN13,837.0,1.0,0.36429872495446264,0,1,High,0,1,1.0986122886681098,0.3106405420076888,0.4875555080801452,0,1
QN1307,Rosedale,Queens,5.49,195,7.44,89,13.08,134,-52191.3035,4.8629,2,2,0,1,1,2024-04-30,QN13,817.0,1.0,0.36429872495446264,0,1,High,0,1,1.0986122886681098,0.3106405420076888,0.4875555080801452,0,1
QN1307,Rosedale,Queens,5.49,195,7.44,89,13.08,134,-52191.3035,4.8629,2,2,0,1,1,2024-05-31,QN13,801.0,1.0,0.36429872495446264,0,1,High,0,1,1.0986122886681098,0.3106405420076888,0.4875555080801452,0,1
QN1307,Rosedale,Queens,5.49,195,7.44,89,13.08,134,-52191.3035,4.8629,2,2,0,1,1,2024-06-30,QN13,803.0,1.0,0.36429872495446264,0,1,High,0,1,1.0986122886681098,0.3106405420076888,0.4875555080801452,0,1
QN1307,Rosedale,Queens,5.49,195,7.44,89,13.08,134,-52191.3035,4.8629,2,2,0,1,1,2024-07-31,QN13,793.0,1.0,0.36429872495446264,0,1,High,0,1,1.0986122886681098,0.3106405420076888,0.4875555080801452,0,1
QN1307,Rosedale,Queens,5.49,195,7.44,89,13.08,134,-52191.3035,4.8629,2,2,0,1,1,2024-08-31,QN13,876.0,1.0,0.36429872495446264,0,1,High,0,1,1.0986122886681098,0.3106405420076888,0.4875555080801452,0,1
QN1307,Rosedale,Queens,5.49,195,7.44,89,13.08,134,-52191.3035,4.8629,2,2,0,1,1,2024-09-30,QN13,836.0,1.0,0.36429872495446264,0,1,High,0,1,1.0986122886681098,0.3106405420076888,0.4875555080801452,0,1
QN1307,Rosedale,Queens,5.49,195,7.44,89,13.08,134,-52191.3035,4.8629,2,2,0,1,1,2024-10-31,QN13,854.0,1.0,0.36429872495446264,0,1,High,0,1,1.0986122886681098,0.3106405420076888,0.4875555080801452,0,1
QN1307,Rosedale,Queens,5.49,195,7.44,89,13.08,134,-52191.3035,4.8629,2,2,0,1,1,2024-11-30,QN13,802.0,1.0,0.36429872495446264,0,1,High,0,1,1.0986122886681098,0.3106405420076888,0.4875555080801452,0,1
QN1307,Rosedale,Queens,5.49,195,7.44,89,13.08,134,-52191.3035,4.8629,2,2,0,1,1,2024-12-31,QN13,765.0,0.0,0.36429872495446264,0,1,High,0,1,1.0986122886681098,0.3106405420076888,0.4875555080801452,0,1
BK0901,Crown Heights (South),Brooklyn,14.14,112,8.97,53,14.85,98,-427945.4578,4.8538,6,6,3,6,1,2023-01-31,BK09,418.0,0.0,0.4243281471004243,0,1,High,1,1,1.9459101490553132,0.35370022682198954,0.4861668523294318,0,1
BK0901,Crown Heights (South),Brooklyn,14.14,112,8.97,53,14.85,98,-427945.4578,4.8538,6,6,3,6,1,2023-02-28,BK09,429.0,0.0,0.4243281471004243,0,1,High,1,1,1.9459101490553132,0.35370022682198954,0.4861668523294318,0,1
BK0901,Crown Heights (South),Brooklyn,14.14,112,8.97,53,14.85,98,-427945.4578,4.8538,6,6,3,6,1,2023-03-31,BK09,425.0,0.0,0.4243281471004243,0,1,High,1,1,1.9459101490553132,0.35370022682198954,0.4861668523294318,0,1
BK0901,Crown Heights (South),Brooklyn,14.14,112,8.97,53,14.85,98,-427945.4578,4.8538,6,6,3,6,1,2023-04-30,BK09,412.0,0.0,0.4243281471004243,0,1,High,1,1,1.9459101490553132,0.35370022682198954,0.4861668523294318,0,1
BK0901,Crown Heights (South),Brooklyn,14.14,112,8.97,53,14.85,98,-427945.4578,4.8538,6,6,3,6,1,2023-05-31,BK09,395.0,0.0,0.4243281471004243,0,1,High,1,1,1.9459101490553132,0.35370022682198954,0.4861668523294318,0,1
BK0901,Crown Heights (South),Brooklyn,14.14,112,8.97,53,14.85,98,-427945.4578,4.8538,6,6,3,6,1,2023-06-30,BK09,405.0,0.0,0.4243281471004243,0,1,High,1,1,1.9459101490553132,0.35370022682198954,0.4861668523294318,0,1
BK0901,Crown Heights (South),Brooklyn,14.14,112,8.97,53,14.85,98,-427945.4578,4.8538,6,6,3,6,1,2023-07-31,BK09,398.0,0.0,0.4243281471004243,0,1,High,1,1,1.9459101490553132,0.35370022682198954,0.4861668523294318,0,1
BK0901,Crown Heights (South),Brooklyn,14.14,112,8.97,53,14.85,98,-427945.4578,4.8538,6,6,3,6,1,2023-08-31,BK09,422.0,0.0,0.4243281471004243,0,1,High,1,1,1.9459101490553132,0.35370022682198954,0.4861668523294318,0,1
BK0901,Crown Heights (South),Brooklyn,14.14,112,8.97,53,14.85,98,-427945.4578,4.8538,6,6,3,6,1,2023-09-30,BK09,408.0,0.0,0.4243281471004243,0,1,High,1,1,1.9459101490553132,0.35370022682198954,0.4861668523294318,0,1
BK0901,Crown Heights (South),Brooklyn,14.14,112,8.97,53,14.85,98,-427945.4578,4.8538,6,6,3,6,1,2023-10-31,BK09,395.0,0.0,0.4243281471004243,0,1,High,1,1,1.9459101490553132,0.35370022682198954,0.4861668523294318,0,1
BK0901,Crown Heights (South),Brooklyn,14.14,112,8.97,53,14.85,98,-427945.4578,4.8538,6,6,3,6,1,2023-11-30,BK09,375.0,0.0,0.4243281471004243,0,1,High,1,1,1.9459101490553132,0.35370022682198954,0.4861668523294318,0,1
BK0901,Crown Heights (South),Brooklyn,14.14,112,8.97,53,14.85,98,-427945.4578,4.8538,6,6,3,6,1,2023-12-31,BK09,351.0,0.0,0.4243281471004243,0,1,High,1,1,1.9459101490553132,0.35370022682198954,0.4861668523294318,0,1
BK0901,Crown Heights (South),Brooklyn,14.14,112,8.97,53,14.85,98,-427945.4578,4.8538,6,6,3,6,1,2024-01-31,BK09,357.0,0.0,0.4243281471004243,0,1,High,1,1,1.9459101490553132,0.35370022682198954,0.4861668523294318,0,1
BK0901,Crown Heights (South),Brooklyn,14.14,112,8.97,53,14.85,98,-427945.4578,4.8538,6,6,3,6,1,2024-02-29,BK09,358.0,0.0,0.4243281471004243,0,1,High,1,1,1.9459101490553132,0.35370022682198954,0.4861668523294318,0,1
BK0901,Crown Heights (South),Brooklyn,14.14,112,8.97,53,14.85,98,-427945.4578,4.8538,6,6,3,6,1,2024-03-31,BK09,361.0,0.0,0.4243281471004243,0,1,High,1,1,1.9459101490553132,0.35370022682198954,0.4861668523294318,0,1
BK0901,Crown Heights (South),Brooklyn,14.14,112,8.97,53,14.85,98,-427945.4578,4.8538,6,6,3,6,1,2024-04-30,BK09,341.0,0.0,0.4243281471004243,0,1,High,1,1,1.9459101490553132,0.35370022682198954,0.4861668523294318,0,1
BK0901,Crown Heights (South),Brooklyn,14.14,112,8.97,53,14.85,98,-427945.4578,4.8538,6,6,3,6,1,2024-05-31,BK09,324.0,0.0,0.4243281471004243,0,1,High,1,1,1.9459101490553132,0.35370022682198954,0.4861668523294318,0,1
BK0901,Crown Heights (South),Brooklyn,14.14,112,8.97,53,14.85,98,-427945.4578,4.8538,6,6,3,6,1,2024-06-30,BK09,318.0,0.0,0.4243281471004243,0,1,High,1,1,1.9459101490553132,0.35370022682198954,0.4861668523294318,0,1
BK0901,Crown Heights (South),Brooklyn,14.14,112,8.97,53,14.85,98,-427945.4578,4.8538,6,6,3,6,1,2024-07-31,BK09,348.0,0.0,0.4243281471004243,0,1,High,1,1,1.9459101490553132,0.35370022682198954,0.4861668523294318,0,1
BK0901,Crown Heights (South),Brooklyn,14.14,112,8.97,53,14.85,98,-427945.4578,4.8538,6,6,3,6,1,2024-08-31,BK09,344.0,0.0,0.4243281471004243,0,1,High,1,1,1.9459101490553132,0.35370022682198954,0.4861668523294318,0,1
BK0901,Crown Heights (South),Brooklyn,14.14,112,8.97,53,14.85,98,-427945.4578,4.8538,6,6,3,6,1,2024-09-30,BK09,346.0,0.0,0.4243281471004243,0,1,High,1,1,1.9459101490553132,0.35370022682198954,0.4861668523294318,0,1
BK0901,Crown Heights (South),Brooklyn,14.14,112,8.97,53,14.85,98,-427945.4578,4.8538,6,6,3,6,1,2024-10-31,BK09,330.0,0.0,0.4243281471004243,0,1,High,1,1,1.9459101490553132,0.35370022682198954,0.4861668523294318,0,1
BK0901,Crown Heights (South),Brooklyn,14.14,112,8.97,53,14.85,98,-427945.4578,4.8538,6,6,3,6,1,2024-11-30,BK09,326.0,0.0,0.4243281471004243,0,1,High,1,1,1.9459101490553132,0.35370022682198954,0.4861668523294318,0,1
BK0901,Crown Heights (South),Brooklyn,14.14,112,8.97,53,14.85,98,-427945.4578,4.8538,6,6,3,6,1,2024-12-31,BK09,348.0,0.0,0.4243281471004243,0,1,High,1,1,1.9459101490553132,0.35370022682198954,0.4861668523294318,0,1
BK1704,East Flatbush-Remsen Village,Brooklyn,14.46,108,11.02,27,16.81,61,-1435302.713,4.8112,7,6,1,0,7,2023-01-31,BK17,1114.0,1.0,0.4840940525587828,0,1,High,1,1,2.0794415416798357,0.39480452047193376,0.47966611222169664,0,1
BK1704,East Flatbush-Remsen Village,Brooklyn,14.46,108,11.02,27,16.81,61,-1435302.713,4.8112,7,6,1,0,7,2023-02-28,BK17,1145.0,1.0,0.4840940525587828,0,1,High,1,1,2.0794415416798357,0.39480452047193376,0.47966611222169664,0,1
BK1704,East Flatbush-Remsen Village,Brooklyn,14.46,108,11.02,27,16.81,61,-1435302.713,4.8112,7,6,1,0,7,2023-03-31,BK17,1095.0,1.0,0.4840940525587828,0,1,High,1,1,2.0794415416798357,0.39480452047193376,0.47966611222169664,0,1
BK1704,East Flatbush-Remsen Village,Brooklyn,14.46,108,11.02,27,16.81,61,-1435302.713,4.8112,7,6,1,0,7,2023-04-30,BK17,1077.0,1.0,0.4840940525587828,0,1,High,1,1,2.0794415416798357,0.39480452047193376,0.47966611222169664,0,1
BK1704,East Flatbush-Remsen Village,Brooklyn,14.46,108,11.02,27,16.81,61,-1435302.713,4.8112,7,6,1,0,7,2023-05-31,BK17,1119.0,1.0,0.4840940525587828,0,1,High,1,1,2.0794415416798357,0.39480452047193376,0.47966611222169664,0,1
BK1704,East Flatbush-Remsen Village,Brooklyn,14.46,108,11.02,27,16.81,61,-1435302.713,4.8112,7,6,1,0,7,2023-06-30,BK17,1101.0,1.0,0.4840940525587828,0,1,High,1,1,2.0794415416798357,0.39480452047193376,0.47966611222169664,0,1
BK1704,East Flatbush-Remsen Village,Brooklyn,14.46,108,11.02,27,16.81,61,-1435302.713,4.8112,7,6,1,0,7,2023-07-31,BK17,1098.0,1.0,0.4840940525587828,0,1,High,1,1,2.0794415416798357,0.39480452047193376,0.47966611222169664,0,1
BK1704,East Flatbush-Remsen Village,Brooklyn,14.46,108,11.02,27,16.81,61,-1435302.713,4.8112,7,6,1,0,7,2023-08-31,BK17,1122.0,1.0,0.4840940525587828,0,1,High,1,1,2.0794415416798357,0.39480452047193376,0.47966611222169664,0,1
BK1704,East Flatbush-Remsen Village,Brooklyn,14.46,108,11.02,27,16.81,61,-1435302.713,4.8112,7,6,1,0,7,2023-09-30,BK17,1147.0,1.0,0.4840940525587828,0,1,High,1,1,2.0794415416798357,0.39480452047193376,0.47966611222169664,0,1
BK1704,East Flatbush-Remsen Village,Brooklyn,14.46,108,11.02,27,16.81,61,-1435302.713,4.8112,7,6,1,0,7,2023-10-31,BK17,1289.0,1.0,0.4840940525587828,0,1,High,1,1,2.0794415416798357,0.39480452047193376,0.47966611222169664,0,1
BK1704,East Flatbush-Remsen Village,Brooklyn,14.46,108,11.02,27,16.81,61,-1435302.713,4.8112,7,6,1,0,7,2023-11-30,BK17,1419.0,1.0,0.4840940525587828,0,1,High,1,1,2.0794415416798357,0.39480452047193376,0.47966611222169664,0,1
BK1704,East Flatbush-Remsen Village,Brooklyn,14.46,108,11.02,27,16.81,61,-1435302.713,4.8112,7,6,1,0,7,2023-12-31,BK17,1511.0,1.0,0.4840940525587828,0,1,High,1,1,2.0794415416798357,0.39480452047193376,0.47966611222169664,0,1
BK1704,East Flatbush-Remsen Village,Brooklyn,14.46,108,11.02,27,16.81,61,-1435302.713,4.8112,7,6,1,0,7,2024-01-31,BK17,1564.0,1.0,0.4840940525587828,0,1,High,1,1,2.0794415416798357,0.39480452047193376,0.47966611222169664,0,1
BK1704,East Flatbush-Remsen Village,Brooklyn,14.46,108,11.02,27,16.81,61,-1435302.713,4.8112,7,6,1,0,7,2024-02-29,BK17,1547.0,1.0,0.4840940525587828,0,1,High,1,1,2.0794415416798357,0.39480452047193376,0.47966611222169664,0,1
BK1704,East Flatbush-Remsen Village,Brooklyn,14.46,108,11.02,27,16.81,61,-1435302.713,4.8112,7,6,1,0,7,2024-03-31,BK17,1565.0,1.0,0.4840940525587828,0,1,High,1,1,2.0794415416798357,0.39480452047193376,0.47966611222169664,0,1
BK1704,East Flatbush-Remsen Village,Brooklyn,14.46,108,11.02,27,16.81,61,-1435302.713,4.8112,7,6,1,0,7,2024-04-30,BK17,1564.0,1.0,0.4840940525587828,0,1,High,1,1,2.0794415416798357,0.39480452047193376,0.47966611222169664,0,1
BK1704,East Flatbush-Remsen Village,Brooklyn,14.46,108,11.02,27,16.81,61,-1435302.713,4.8112,7,6,1,0,7,2024-05-31,BK17,1546.0,1.0,0.4840940525587828,0,1,High,1,1,2.0794415416798357,0.39480452047193376,0.47966611222169664,0,1
BK1704,East Flatbush-Remsen Village,Brooklyn,14.46,108,11.02,27,16.81,61,-1435302.713,4.8112,7,6,1,0,7,2024-06-30,BK17,1584.0,1.0,0.4840940525587828,0,1,High,1,1,2.0794415416798357,0.39480452047193376,0.47966611222169664,0,1
BK1704,East Flatbush-Remsen Village,Brooklyn,14.46,108,11.02,27,16.81,61,-1435302.713,4.8112,7,6,1,0,7,2024-07-31,BK17,1596.0,1.0,0.4840940525587828,0,1,High,1,1,2.0794415416798357,0.39480452047193376,0.47966611222169664,0,1
BK1704,East Flatbush-Remsen Village,Brooklyn,14.46,108,11.02,27,16.81,61,-1435302.713,4.8112,7,6,1,0,7,2024-08-31,BK17,1590.0,1.0,0.4840940525587828,0,1,High,1,1,2.0794415416798357,0.39480452047193376,0.47966611222169664,0,1
BK1704,East Flatbush-Remsen Village,Brooklyn,14.46,108,11.02,27,16.81,61,-1435302.713,4.8112,7,6,1,0,7,2024-09-30,BK17,1590.0,1.0,0.4840940525587828,0,1,High,1,1,2.0794415416798357,0.39480452047193376,0.47966611222169664,0,1
BK1704,East Flatbush-Remsen Village,Brooklyn,14.46,108,11.02,27,16.81,61,-1435302.713,4.8112,7,6,1,0,7,2024-10-31,BK17,1640.0,1.0,0.4840940525587828,0,1,High,1,1,2.0794415416798357,0.39480452047193376,0.47966611222169664,0,1
BK1704,East Flatbush-Remsen Village,Brooklyn,14.46,108,11.02,27,16.81,61,-1435302.713,4.8112,7,6,1,0,7,2024-11-30,BK17,1616.0,1.0,0.4840940525587828,0,1,High,1,1,2.0794415416798357,0.39480452047193376,0.47966611222169664,0,1
BK1704,East Flatbush-Remsen Village,Brooklyn,14.46,108,11.02,27,16.81,61,-1435302.713,4.8112,7,6,1,0,7,2024-12-31,BK17,1600.0,1.0,0.4840940525587828,0,1,High,1,1,2.0794415416798357,0.39480452047193376,0.47966611222169664,0,1
BK1701,East Flatbush-Erasmus,Brooklyn,11.82,147,7.13,102,16.35,72,-1005067.2496,4.7739,6,6,0,5,1,2023-01-31,BK17,1114.0,1.0,0.5076142131979695,0,1,High,0,1,1.9459101490553132,0.4105284100647111,0.4739741496391021,0,1
BK1701,East Flatbush-Erasmus,Brooklyn,11.82,147,7.13,102,16.35,72,-1005067.2496,4.7739,6,6,0,5,1,2023-02-28,BK17,1145.0,1.0,0.5076142131979695,0,1,High,0,1,1.9459101490553132,0.4105284100647111,0.4739741496391021,0,1
BK1701,East Flatbush-Erasmus,Brooklyn,11.82,147,7.13,102,16.35,72,-1005067.2496,4.7739,6,6,0,5,1,2023-03-31,BK17,1095.0,1.0,0.5076142131979695,0,1,High,0,1,1.9459101490553132,0.4105284100647111,0.4739741496391021,0,1
BK1701,East Flatbush-Erasmus,Brooklyn,11.82,147,7.13,102,16.35,72,-1005067.2496,4.7739,6,6,0,5,1,2023-04-30,BK17,1077.0,1.0,0.5076142131979695,0,1,High,0,1,1.9459101490553132,0.4105284100647111,0.4739741496391021,0,1
BK1701,East Flatbush-Erasmus,Brooklyn,11.82,147,7.13,102,16.35,72,-1005067.2496,4.7739,6,6,0,5,1,2023-05-31,BK17,1119.0,1.0,0.5076142131979695,0,1,High,0,1,1.9459101490553132,0.4105284100647111,0.4739741496391021,0,1
BK1701,East Flatbush-Erasmus,Brooklyn,11.82,147,7.13,102,16.35,72,-1005067.2496,4.7739,6,6,0,5,1,2023-06-30,BK17,1101.0,1.0,0.5076142131979695,0,1,High,0,1,1.9459101490553132,0.4105284100647111,0.4739741496391021,0,1
BK1701,East Flatbush-Erasmus,Brooklyn,11.82,147,7.13,102,16.35,72,-1005067.2496,4.7739,6,6,0,5,1,2023-07-31,BK17,1098.0,1.0,0.5076142131979695,0,1,High,0,1,1.9459101490553132,0.4105284100647111,0.4739741496391021,0,1
BK1701,East Flatbush-Erasmus,Brooklyn,11.82,147,7.13,102,16.35,72,-1005067.2496,4.7739,6,6,0,5,1,2023-08-31,BK17,1122.0,1.0,0.5076142131979695,0,1,High,0,1,1.9459101490553132,0.4105284100647111,0.4739741496391021,0,1
BK1701,East Flatbush-Erasmus,Brooklyn,11.82,147,7.13,102,16.35,72,-1005067.2496,4.7739,6,6,0,5,1,2023-09-30,BK17,1147.0,1.0,0.5076142131979695,0,1,High,0,1,1.9459101490553132,0.4105284100647111,0.4739741496391021,0,1
BK1701,East Flatbush-Erasmus,Brooklyn,11.82,147,7.13,102,16.35,72,-1005067.2496,4.7739,6,6,0,5,1,2023-10-31,BK17,1289.0,1.0,0.5076142131979695,0,1,High,0,1,1.9459101490553132,0.4105284100647111,0.4739741496391021,0,1
BK1701,East Flatbush-Erasmus,Brooklyn,11.82,147,7.13,102,16.35,72,-1005067.2496,4.7739,6,6,0,5,1,2023-11-30,BK17,1419.0,1.0,0.5076142131979695,0,1,High,0,1,1.9459101490553132,0.4105284100647111,0.4739741496391021,0,1
BK1701,East Flatbush-Erasmus,Brooklyn,11.82,147,7.13,102,16.35,72,-1005067.2496,4.7739,6,6,0,5,1,2023-12-31,BK17,1511.0,1.0,0.5076142131979695,0,1,High,0,1,1.9459101490553132,0.4105284100647111,0.4739741496391021,0,1
BK1701,East Flatbush-Erasmus,Brooklyn,11.82,147,7.13,102,16.35,72,-1005067.2496,4.7739,6,6,0,5,1,2024-01-31,BK17,1564.0,1.0,0.5076142131979695,0,1,High,0,1,1.9459101490553132,0.4105284100647111,0.4739741496391021,0,1
BK1701,East Flatbush-Erasmus,Brooklyn,11.82,147,7.13,102,16.35,72,-1005067.2496,4.7739,6,6,0,5,1,2024-02-29,BK17,1547.0,1.0,0.5076142131979695,0,1,High,0,1,1.9459101490553132,0.4105284100647111,0.4739741496391021,0,1
BK1701,East Flatbush-Erasmus,Brooklyn,11.82,147,7.13,102,16.35,72,-1005067.2496,4.7739,6,6,0,5,1,2024-03-31,BK17,1565.0,1.0,0.5076142131979695,0,1,High,0,1,1.9459101490553132,0.4105284100647111,0.4739741496391021,0,1
BK1701,East Flatbush-Erasmus,Brooklyn,11.82,147,7.13,102,16.35,72,-1005067.2496,4.7739,6,6,0,5,1,2024-04-30,BK17,1564.0,1.0,0.5076142131979695,0,1,High,0,1,1.9459101490553132,0.4105284100647111,0.4739741496391021,0,1
BK1701,East Flatbush-Erasmus,Brooklyn,11.82,147,7.13,102,16.35,72,-1005067.2496,4.7739,6,6,0,5,1,2024-05-31,BK17,1546.0,1.0,0.5076142131979695,0,1,High,0,1,1.9459101490553132,0.4105284100647111,0.4739741496391021,0,1
BK1701,East Flatbush-Erasmus,Brooklyn,11.82,147,7.13,102,16.35,72,-1005067.2496,4.7739,6,6,0,5,1,2024-06-30,BK17,1584.0,1.0,0.5076142131979695,0,1,High,0,1,1.9459101490553132,0.4105284100647111,0.4739741496391021,0,1
BK1701,East Flatbush-Erasmus,Brooklyn,11.82,147,7.13,102,16.35,72,-1005067.2496,4.7739,6,6,0,5,1,2024-07-31,BK17,1596.0,1.0,0.5076142131979695,0,1,High,0,1,1.9459101490553132,0.4105284100647111,0.4739741496391021,0,1
BK1701,East Flatbush-Erasmus,Brooklyn,11.82,147,7.13,102,16.35,72,-1005067.2496,4.7739,6,6,0,5,1,2024-08-31,BK17,1590.0,1.0,0.5076142131979695,0,1,High,0,1,1.9459101490553132,0.4105284100647111,0.4739741496391021,0,1
BK1701,East Flatbush-Erasmus,Brooklyn,11.82,147,7.13,102,16.35,72,-1005067.2496,4.7739,6,6,0,5,1,2024-09-30,BK17,1590.0,1.0,0.5076142131979695,0,1,High,0,1,1.9459101490553132,0.4105284100647111,0.4739741496391021,0,1
BK1701,East Flatbush-Erasmus,Brooklyn,11.82,147,7.13,102,16.35,72,-1005067.2496,4.7739,6,6,0,5,1,2024-10-31,BK17,1640.0,1.0,0.5076142131979695,0,1,High,0,1,1.9459101490553132,0.4105284100647111,0.4739741496391021,0,1
BK1701,East Flatbush-Erasmus,Brooklyn,11.82,147,7.13,102,16.35,72,-1005067.2496,4.7739,6,6,0,5,1,2024-11-30,BK17,1616.0,1.0,0.5076142131979695,0,1,High,0,1,1.9459101490553132,0.4105284100647111,0.4739741496391021,0,1
BK1701,East Flatbush-Erasmus,Brooklyn,11.82,147,7.13,102,16.35,72,-1005067.2496,4.7739,6,6,0,5,1,2024-12-31,BK17,1600.0,1.0,0.5076142131979695,0,1,High,0,1,1.9459101490553132,0.4105284100647111,0.4739741496391021,0,1
QN0905,Woodhaven,Queens,12.71,136,7.02,106,19.82,32,-453921.8731,4.7738,0,0,0,0,0,2023-01-31,QN09,0.0,0.0,0.0,0,0,Low,0,0,0.0,0.0,0.47395888968579747,1,0
QN0905,Woodhaven,Queens,12.71,136,7.02,106,19.82,32,-453921.8731,4.7738,0,0,0,0,0,2023-02-28,QN09,0.0,0.0,0.0,0,0,Low,0,0,0.0,0.0,0.47395888968579747,1,0
QN0905,Woodhaven,Queens,12.71,136,7.02,106,19.82,32,-453921.8731,4.7738,0,0,0,0,0,2023-03-31,QN09,0.0,0.0,0.0,0,0,Low,0,0,0.0,0.0,0.47395888968579747,1,0
QN0905,Woodhaven,Queens,12.71,136,7.02,106,19.82,32,-453921.8731,4.7738,0,0,0,0,0,2023-04-30,QN09,0.0,0.0,0.0,0,0,Low,0,0,0.0,0.0,0.47395888968579747,1,0
QN0905,Woodhaven,Queens,12.71,136,7.02,106,19.82,32,-453921.8731,4.7738,0,0,0,0,0,2023-05-31,QN09,0.0,0.0,0.0,0,0,Low,0,0,0.0,0.0,0.47395888968579747,1,0
QN0905,Woodhaven,Queens,12.71,136,7.02,106,19.82,32,-453921.8731,4.7738,0,0,0,0,0,2023-06-30,QN09,0.0,0.0,0.0,0,0,Low,0,0,0.0,0.0,0.47395888968579747,1,0
QN0905,Woodhaven,Queens,12.71,136,7.02,106,19.82,32,-453921.8731,4.7738,0,0,0,0,0,2023-07-31,QN09,0.0,0.0,0.0,0,0,Low,0,0,0.0,0.0,0.47395888968579747,1,0
QN0905,Woodhaven,Queens,12.71,136,7.02,106,19.82,32,-453921.8731,4.7738,0,0,0,0,0,2023-08-31,QN09,0.0,0.0,0.0,0,0,Low,0,0,0.0,0.0,0.47395888968579747,1,0
QN0905,Woodhaven,Queens,12.71,136,7.02,106,19.82,32,-453921.8731,4.7738,0,0,0,0,0,2023-09-30,QN09,0.0,0.0,0.0,0,0,Low,0,0,0.0,0.0,0.47395888968579747,1,0
QN0905,Woodhaven,Queens,12.71,136,7.02,106,19.82,32,-453921.8731,4.7738,0,0,0,0,0,2023-10-31,QN09,0.0,0.0,0.0,0,0,Low,0,0,0.0,0.0,0.47395888968579747,1,0
QN0905,Woodhaven,Queens,12.71,136,7.02,106,19.82,32,-453921.8731,4.7738,0,0,0,0,0,2023-11-30,QN09,0.0,0.0,0.0,0,0,Low,0,0,0.0,0.0,0.47395888968579747,1,0
QN0905,Woodhaven,Queens,12.71,136,7.02,106,19.82,32,-453921.8731,4.7738,0,0,0,0,0,2023-12-31,QN09,0.0,0.0,0.0,0,0,Low,0,0,0.0,0.0,0.47395888968579747,1,0
QN0905,Woodhaven,Queens,12.71,136,7.02,106,19.82,32,-453921.8731,4.7738,0,0,0,0,0,2024-01-31,QN09,0.0,0.0,0.0,0,0,Low,0,0,0.0,0.0,0.47395888968579747,1,0
QN0905,Woodhaven,Queens,12.71,136,7.02,106,19.82,32,-453921.8731,4.7738,0,0,0,0,0,2024-02-29,QN09,0.0,0.0,0.0,0,0,Low,0,0,0.0,0.0,0.47395888968579747,1,0
QN0905,Woodhaven,Queens,12.71,136,7.02,106,19.82,32,-453921.8731,4.7738,0,0,0,0,0,2024-03-31,QN09,0.0,0.0,0.0,0,0,Low,0,0,0.0,0.0,0.47395888968579747,1,0
QN0905,Woodhaven,Queens,12.71,136,7.02,106,19.82,32,-453921.8731,4.7738,0,0,0,0,0,2024-04-30,QN09,0.0,0.0,0.0,0,0,Low,0,0,0.0,0.0,0.47395888968579747,1,0
QN0905,Woodhaven,Queens,12.71,136,7.02,106,19.82,32,-453921.8731,4.7738,0,0,0,0,0,2024-05-31,QN09,0.0,0.0,0.0,0,0,Low,0,0,0.0,0.0,0.47395888968579747,1,0
QN0905,Woodhaven,Queens,12.71,136,7.02,106,19.82,32,-453921.8731,4.7738,0,0,0,0,0,2024-06-30,QN09,0.0,0.0,0.0,0,0,Low,0,0,0.0,0.0,0.47395888968579747,1,0
QN0905,Woodhaven,Queens,12.71,136,7.02,106,19.82,32,-453921.8731,4.7738,0,0,0,0,0,2024-07-31,QN09,0.0,0.0,0.0,0,0,Low,0,0,0.0,0.0,0.47395888968579747,1,0
QN0905,Woodhaven,Queens,12.71,136,7.02,106,19.82,32,-453921.8731,4.7738,0,0,0,0,0,2024-08-31,QN09,0.0,0.0,0.0,0,0,Low,0,0,0.0,0.0,0.47395888968579747,1,0
QN0905,Woodhaven,Queens,12.71,136,7.02,106,19.82,32,-453921.8731,4.7738,0,0,0,0,0,2024-09-30,QN09,0.0,0.0,0.0,0,0,Low,0,0,0.0,0.0,0.47395888968579747,1,0
QN0905,Woodhaven,Queens,12.71,136,7.02,106,19.82,32,-453921.8731,4.7738,0,0,0,0,0,2024-10-31,QN09,0.0,0.0,0.0,0,0,Low,0,0,0.0,0.0,0.47395888968579747,1,0
QN0905,Woodhaven,Queens,12.71,136,7.02,106,19.82,32,-453921.8731,4.7738,0,0,0,0,0,2024-11-30,QN09,0.0,0.0,0.0,0,0,Low,0,0,0.0,0.0,0.47395888968579747,1,0
QN0905,Woodhaven,Queens,12.71,136,7.02,106,19.82,32,-453921.8731,4.7738,0,0,0,0,0,2024-12-31,QN09,0.0,0.0,0.0,0,0,Low,0,0,0.0,0.0,0.47395888968579747,1,0
QN0903,South Richmond Hill,Queens,13.99,117,7.99,78,25.11,15,-505298.1104,4.7725,1,1,0,0,1,2023-01-31,QN09,0.0,0.0,0.07147962830593281,0,0,Low,0,1,0.6931471805599453,0.06904052343711653,0.47376051029283844,1,0
QN0903,South Richmond Hill,Queens,13.99,117,7.99,78,25.11,15,-505298.1104,4.7725,1,1,0,0,1,2023-02-28,QN09,0.0,0.0,0.07147962830593281,0,0,Low,0,1,0.6931471805599453,0.06904052343711653,0.47376051029283844,1,0
QN0903,South Richmond Hill,Queens,13.99,117,7.99,78,25.11,15,-505298.1104,4.7725,1,1,0,0,1,2023-03-31,QN09,0.0,0.0,0.07147962830593281,0,0,Low,0,1,0.6931471805599453,0.06904052343711653,0.47376051029283844,1,0
QN0903,South Richmond Hill,Queens,13.99,117,7.99,78,25.11,15,-505298.1104,4.7725,1,1,0,0,1,2023-04-30,QN09,0.0,0.0,0.07147962830593281,0,0,Low,0,1,0.6931471805599453,0.06904052343711653,0.47376051029283844,1,0
QN0903,South Richmond Hill,Queens,13.99,117,7.99,78,25.11,15,-505298.1104,4.7725,1,1,0,0,1,2023-05-31,QN09,0.0,0.0,0.07147962830593281,0,0,Low,0,1,0.6931471805599453,0.06904052343711653,0.47376051029283844,1,0
QN0903,South Richmond Hill,Queens,13.99,117,7.99,78,25.11,15,-505298.1104,4.7725,1,1,0,0,1,2023-06-30,QN09,0.0,0.0,0.07147962830593281,0,0,Low,0,1,0.6931471805599453,0.06904052343711653,0.47376051029283844,1,0
QN0903,South Richmond Hill,Queens,13.99,117,7.99,78,25.11,15,-505298.1104,4.7725,1,1,0,0,1,2023-07-31,QN09,0.0,0.0,0.07147962830593281,0,0,Low,0,1,0.6931471805599453,0.06904052343711653,0.47376051029283844,1,0
QN0903,South Richmond Hill,Queens,13.99,117,7.99,78,25.11,15,-505298.1104,4.7725,1,1,0,0,1,2023-08-31,QN09,0.0,0.0,0.07147962830593281,0,0,Low,0,1,0.6931471805599453,0.06904052343711653,0.47376051029283844,1,0
QN0903,South Richmond Hill,Queens,13.99,117,7.99,78,25.11,15,-505298.1104,4.7725,1,1,0,0,1,2023-09-30,QN09,0.0,0.0,0.07147962830593281,0,0,Low,0,1,0.6931471805599453,0.06904052343711653,0.47376051029283844,1,0
QN0903,South Richmond Hill,Queens,13.99,117,7.99,78,25.11,15,-505298.1104,4.7725,1,1,0,0,1,2023-10-31,QN09,0.0,0.0,0.07147962830593281,0,0,Low,0,1,0.6931471805599453,0.06904052343711653,0.47376051029283844,1,0
QN0903,South Richmond Hill,Queens,13.99,117,7.99,78,25.11,15,-505298.1104,4.7725,1,1,0,0,1,2023-11-30,QN09,0.0,0.0,0.07147962830593281,0,0,Low,0,1,0.6931471805599453,0.06904052343711653,0.47376051029283844,1,0
QN0903,South Richmond Hill,Queens,13.99,117,7.99,78,25.11,15,-505298.1104,4.7725,1,1,0,0,1,2023-12-31,QN09,0.0,0.0,0.07147962830593281,0,0,Low,0,1,0.6931471805599453,0.06904052343711653,0.47376051029283844,1,0
QN0903,South Richmond Hill,Queens,13.99,117,7.99,78,25.11,15,-505298.1104,4.7725,1,1,0,0,1,2024-01-31,QN09,0.0,0.0,0.07147962830593281,0,0,Low,0,1,0.6931471805599453,0.06904052343711653,0.47376051029283844,1,0
QN0903,South Richmond Hill,Queens,13.99,117,7.99,78,25.11,15,-505298.1104,4.7725,1,1,0,0,1,2024-02-29,QN09,0.0,0.0,0.07147962830593281,0,0,Low,0,1,0.6931471805599453,0.06904052343711653,0.47376051029283844,1,0
QN0903,South Richmond Hill,Queens,13.99,117,7.99,78,25.11,15,-505298.1104,4.7725,1,1,0,0,1,2024-03-31,QN09,0.0,0.0,0.07147962830593281,0,0,Low,0,1,0.6931471805599453,0.06904052343711653,0.47376051029283844,1,0
QN0903,South Richmond Hill,Queens,13.99,117,7.99,78,25.11,15,-505298.1104,4.7725,1,1,0,0,1,2024-04-30,QN09,0.0,0.0,0.07147962830593281,0,0,Low,0,1,0.6931471805599453,0.06904052343711653,0.47376051029283844,1,0
QN0903,South Richmond Hill,Queens,13.99,117,7.99,78,25.11,15,-505298.1104,4.7725,1,1,0,0,1,2024-05-31,QN09,0.0,0.0,0.07147962830593281,0,0,Low,0,1,0.6931471805599453,0.06904052343711653,0.47376051029283844,1,0
QN0903,South Richmond Hill,Queens,13.99,117,7.99,78,25.11,15,-505298.1104,4.7725,1,1,0,0,1,2024-06-30,QN09,0.0,0.0,0.07147962830593281,0,0,Low,0,1,0.6931471805599453,0.06904052343711653,0.47376051029283844,1,0
QN0903,South Richmond Hill,Queens,13.99,117,7.99,78,25.11,15,-505298.1104,4.7725,1,1,0,0,1,2024-07-31,QN09,0.0,0.0,0.07147962830593281,0,0,Low,0,1,0.6931471805599453,0.06904052343711653,0.47376051029283844,1,0
QN0903,South Richmond Hill,Queens,13.99,117,7.99,78,25.11,15,-505298.1104,4.7725,1,1,0,0,1,2024-08-31,QN09,0.0,0.0,0.07147962830593281,0,0,Low,0,1,0.6931471805599453,0.06904052343711653,0.47376051029283844,1,0
QN0903,South Richmond Hill,Queens,13.99,117,7.99,78,25.11,15,-505298.1104,4.7725,1,1,0,0,1,2024-09-30,QN09,0.0,0.0,0.07147962830593281,0,0,Low,0,1,0.6931471805599453,0.06904052343711653,0.47376051029283844,1,0
QN0903,South Richmond Hill,Queens,13.99,117,7.99,78,25.11,15,-505298.1104,4.7725,1,1,0,0,1,2024-10-31,QN09,0.0,0.0,0.07147962830593281,0,0,Low,0,1,0.6931471805599453,0.06904052343711653,0.47376051029283844,1,0
QN0903,South Richmond Hill,Queens,13.99,117,7.99,78,25.11,15,-505298.1104,4.7725,1,1,0,0,1,2024-11-30,QN09,0.0,0.0,0.07147962830593281,0,0,Low,0,1,0.6931471805599453,0.06904052343711653,0.47376051029283844,1,0
QN0903,South Richmond Hill,Queens,13.99,117,7.99,78,25.11,15,-505298.1104,4.7725,1,1,0,0,1,2024-12-31,QN09,0.0,0.0,0.07147962830593281,0,0,Low,0,1,0.6931471805599453,0.06904052343711653,0.47376051029283844,1,0
BK1702,East Flatbush-Farragut,Brooklyn,9.51,175,8.74,59,16.94,60,-1214653.8267,4.7717,5,5,0,5,0,2023-01-31,BK17,1114.0,1.0,0.5257623554153523,0,1,High,0,0,1.791759469228055,0.4224941903387976,0.47363843066640215,0,1
BK1702,East Flatbush-Farragut,Brooklyn,9.51,175,8.74,59,16.94,60,-1214653.8267,4.7717,5,5,0,5,0,2023-02-28,BK17,1145.0,1.0,0.5257623554153523,0,1,High,0,0,1.791759469228055,0.4224941903387976,0.47363843066640215,0,1
BK1702,East Flatbush-Farragut,Brooklyn,9.51,175,8.74,59,16.94,60,-1214653.8267,4.7717,5,5,0,5,0,2023-03-31,BK17,1095.0,1.0,0.5257623554153523,0,1,High,0,0,1.791759469228055,0.4224941903387976,0.47363843066640215,0,1
BK1702,East Flatbush-Farragut,Brooklyn,9.51,175,8.74,59,16.94,60,-1214653.8267,4.7717,5,5,0,5,0,2023-04-30,BK17,1077.0,1.0,0.5257623554153523,0,1,High,0,0,1.791759469228055,0.4224941903387976,0.47363843066640215,0,1
BK1702,East Flatbush-Farragut,Brooklyn,9.51,175,8.74,59,16.94,60,-1214653.8267,4.7717,5,5,0,5,0,2023-05-31,BK17,1119.0,1.0,0.5257623554153523,0,1,High,0,0,1.791759469228055,0.4224941903387976,0.47363843066640215,0,1
BK1702,East Flatbush-Farragut,Brooklyn,9.51,175,8.74,59,16.94,60,-1214653.8267,4.7717,5,5,0,5,0,2023-06-30,BK17,1101.0,1.0,0.5257623554153523,0,1,High,0,0,1.791759469228055,0.4224941903387976,0.47363843066640215,0,1
BK1702,East Flatbush-Farragut,Brooklyn,9.51,175,8.74,59,16.94,60,-1214653.8267,4.7717,5,5,0,5,0,2023-07-31,BK17,1098.0,1.0,0.5257623554153523,0,1,High,0,0,1.791759469228055,0.4224941903387976,0.47363843066640215,0,1
BK1702,East Flatbush-Farragut,Brooklyn,9.51,175,8.74,59,16.94,60,-1214653.8267,4.7717,5,5,0,5,0,2023-08-31,BK17,1122.0,1.0,0.5257623554153523,0,1,High,0,0,1.791759469228055,0.4224941903387976,0.47363843066640215,0,1
BK1702,East Flatbush-Farragut,Brooklyn,9.51,175,8.74,59,16.94,60,-1214653.8267,4.7717,5,5,0,5,0,2023-09-30,BK17,1147.0,1.0,0.5257623554153523,0,1,High,0,0,1.791759469228055,0.4224941903387976,0.47363843066640215,0,1
BK1702,East Flatbush-Farragut,Brooklyn,9.51,175,8.74,59,16.94,60,-1214653.8267,4.7717,5,5,0,5,0,2023-10-31,BK17,1289.0,1.0,0.5257623554153523,0,1,High,0,0,1.791759469228055,0.4224941903387976,0.47363843066640215,0,1
BK1702,East Flatbush-Farragut,Brooklyn,9.51,175,8.74,59,16.94,60,-1214653.8267,4.7717,5,5,0,5,0,2023-11-30,BK17,1419.0,1.0,0.5257623554153523,0,1,High,0,0,1.791759469228055,0.4224941903387976,0.47363843066640215,0,1
BK1702,East Flatbush-Farragut,Brooklyn,9.51,175,8.74,59,16.94,60,-1214653.8267,4.7717,5,5,0,5,0,2023-12-31,BK17,1511.0,1.0,0.5257623554153523,0,1,High,0,0,1.791759469228055,0.4224941903387976,0.47363843066640215,0,1
BK1702,East Flatbush-Farragut,Brooklyn,9.51,175,8.74,59,16.94,60,-1214653.8267,4.7717,5,5,0,5,0,2024-01-31,BK17,1564.0,1.0,0.5257623554153523,0,1,High,0,0,1.791759469228055,0.4224941903387976,0.47363843066640215,0,1
BK1702,East Flatbush-Farragut,Brooklyn,9.51,175,8.74,59,16.94,60,-1214653.8267,4.7717,5,5,0,5,0,2024-02-29,BK17,1547.0,1.0,0.5257623554153523,0,1,High,0,0,1.791759469228055,0.4224941903387976,0.47363843066640215,0,1
BK1702,East Flatbush-Farragut,Brooklyn,9.51,175,8.74,59,16.94,60,-1214653.8267,4.7717,5,5,0,5,0,2024-03-31,BK17,1565.0,1.0,0.5257623554153523,0,1,High,0,0,1.791759469228055,0.4224941903387976,0.47363843066640215,0,1
BK1702,East Flatbush-Farragut,Brooklyn,9.51,175,8.74,59,16.94,60,-1214653.8267,4.7717,5,5,0,5,0,2024-04-30,BK17,1564.0,1.0,0.5257623554153523,0,1,High,0,0,1.791759469228055,0.4224941903387976,0.47363843066640215,0,1
BK1702,East Flatbush-Farragut,Brooklyn,9.51,175,8.74,59,16.94,60,-1214653.8267,4.7717,5,5,0,5,0,2024-05-31,BK17,1546.0,1.0,0.5257623554153523,0,1,High,0,0,1.791759469228055,0.4224941903387976,0.47363843066640215,0,1
BK1702,East Flatbush-Farragut,Brooklyn,9.51,175,8.74,59,16.94,60,-1214653.8267,4.7717,5,5,0,5,0,2024-06-30,BK17,1584.0,1.0,0.5257623554153523,0,1,High,0,0,1.791759469228055,0.4224941903387976,0.47363843066640215,0,1
BK1702,East Flatbush-Farragut,Brooklyn,9.51,175,8.74,59,16.94,60,-1214653.8267,4.7717,5,5,0,5,0,2024-07-31,BK17,1596.0,1.0,0.5257623554153523,0,1,High,0,0,1.791759469228055,0.4224941903387976,0.47363843066640215,0,1
BK1702,East Flatbush-Farragut,Brooklyn,9.51,175,8.74,59,16.94,60,-1214653.8267,4.7717,5,5,0,5,0,2024-08-31,BK17,1590.0,1.0,0.5257623554153523,0,1,High,0,0,1.791759469228055,0.4224941903387976,0.47363843066640215,0,1
BK1702,East Flatbush-Farragut,Brooklyn,9.51,175,8.74,59,16.94,60,-1214653.8267,4.7717,5,5,0,5,0,2024-09-30,BK17,1590.0,1.0,0.5257623554153523,0,1,High,0,0,1.791759469228055,0.4224941903387976,0.47363843066640215,0,1
BK1702,East Flatbush-Farragut,Brooklyn,9.51,175,8.74,59,16.94,60,-1214653.8267,4.7717,5,5,0,5,0,2024-10-31,BK17,1640.0,1.0,0.5257623554153523,0,1,High,0,0,1.791759469228055,0.4224941903387976,0.47363843066640215,0,1
BK1702,East Flatbush-Farragut,Brooklyn,9.51,175,8.74,59,16.94,60,-1214653.8267,4.7717,5,5,0,5,0,2024-11-30,BK17,1616.0,1.0,0.5257623554153523,0,1,High,0,0,1.791759469228055,0.4224941903387976,0.47363843066640215,0,1
BK1702,East Flatbush-Farragut,Brooklyn,9.51,175,8.74,59,16.94,60,-1214653.8267,4.7717,5,5,0,5,0,2024-12-31,BK17,1600.0,1.0,0.5257623554153523,0,1,High,0,0,1.791759469228055,0.4224941903387976,0.47363843066640215,0,1
BK1203,Kensington,Brooklyn,12.78,134,5.67,138,14.23,108,-109831.4229,4.7631,2,2,0,2,1,2023-01-31,BK12,144.0,0.0,0.1564945226917058,0,1,High,0,1,1.0986122886681098,0.14539346657066698,0.4723260746822114,0,1
BK1203,Kensington,Brooklyn,12.78,134,5.67,138,14.23,108,-109831.4229,4.7631,2,2,0,2,1,2023-02-28,BK12,143.0,0.0,0.1564945226917058,0,1,High,0,1,1.0986122886681098,0.14539346657066698,0.4723260746822114,0,1
BK1203,Kensington,Brooklyn,12.78,134,5.67,138,14.23,108,-109831.4229,4.7631,2,2,0,2,1,2023-03-31,BK12,151.0,0.0,0.1564945226917058,0,1,High,0,1,1.0986122886681098,0.14539346657066698,0.4723260746822114,0,1
BK1203,Kensington,Brooklyn,12.78,134,5.67,138,14.23,108,-109831.4229,4.7631,2,2,0,2,1,2023-04-30,BK12,145.0,0.0,0.1564945226917058,0,1,High,0,1,1.0986122886681098,0.14539346657066698,0.4723260746822114,0,1
BK1203,Kensington,Brooklyn,12.78,134,5.67,138,14.23,108,-109831.4229,4.7631,2,2,0,2,1,2023-05-31,BK12,138.0,0.0,0.1564945226917058,0,1,High,0,1,1.0986122886681098,0.14539346657066698,0.4723260746822114,0,1
BK1203,Kensington,Brooklyn,12.78,134,5.67,138,14.23,108,-109831.4229,4.7631,2,2,0,2,1,2023-06-30,BK12,131.0,0.0,0.1564945226917058,0,1,High,0,1,1.0986122886681098,0.14539346657066698,0.4723260746822114,0,1
BK1203,Kensington,Brooklyn,12.78,134,5.67,138,14.23,108,-109831.4229,4.7631,2,2,0,2,1,2023-07-31,BK12,140.0,0.0,0.1564945226917058,0,1,High,0,1,1.0986122886681098,0.14539346657066698,0.4723260746822114,0,1
BK1203,Kensington,Brooklyn,12.78,134,5.67,138,14.23,108,-109831.4229,4.7631,2,2,0,2,1,2023-08-31,BK12,144.0,0.0,0.1564945226917058,0,1,High,0,1,1.0986122886681098,0.14539346657066698,0.4723260746822114,0,1
BK1203,Kensington,Brooklyn,12.78,134,5.67,138,14.23,108,-109831.4229,4.7631,2,2,0,2,1,2023-09-30,BK12,140.0,0.0,0.1564945226917058,0,1,High,0,1,1.0986122886681098,0.14539346657066698,0.4723260746822114,0,1
BK1203,Kensington,Brooklyn,12.78,134,5.67,138,14.23,108,-109831.4229,4.7631,2,2,0,2,1,2023-10-31,BK12,143.0,0.0,0.1564945226917058,0,1,High,0,1,1.0986122886681098,0.14539346657066698,0.4723260746822114,0,1
BK1203,Kensington,Brooklyn,12.78,134,5.67,138,14.23,108,-109831.4229,4.7631,2,2,0,2,1,2023-11-30,BK12,133.0,0.0,0.1564945226917058,0,1,High,0,1,1.0986122886681098,0.14539346657066698,0.4723260746822114,0,1
BK1203,Kensington,Brooklyn,12.78,134,5.67,138,14.23,108,-109831.4229,4.7631,2,2,0,2,1,2023-12-31,BK12,141.0,0.0,0.1564945226917058,0,1,High,0,1,1.0986122886681098,0.14539346657066698,0.4723260746822114,0,1
BK1203,Kensington,Brooklyn,12.78,134,5.67,138,14.23,108,-109831.4229,4.7631,2,2,0,2,1,2024-01-31,BK12,144.0,0.0,0.1564945226917058,0,1,High,0,1,1.0986122886681098,0.14539346657066698,0.4723260746822114,0,1
BK1203,Kensington,Brooklyn,12.78,134,5.67,138,14.23,108,-109831.4229,4.7631,2,2,0,2,1,2024-02-29,BK12,142.0,0.0,0.1564945226917058,0,1,High,0,1,1.0986122886681098,0.14539346657066698,0.4723260746822114,0,1
BK1203,Kensington,Brooklyn,12.78,134,5.67,138,14.23,108,-109831.4229,4.7631,2,2,0,2,1,2024-03-31,BK12,132.0,0.0,0.1564945226917058,0,1,High,0,1,1.0986122886681098,0.14539346657066698,0.4723260746822114,0,1
BK1203,Kensington,Brooklyn,12.78,134,5.67,138,14.23,108,-109831.4229,4.7631,2,2,0,2,1,2024-04-30,BK12,135.0,0.0,0.1564945226917058,0,1,High,0,1,1.0986122886681098,0.14539346657066698,0.4723260746822114,0,1
BK1203,Kensington,Brooklyn,12.78,134,5.67,138,14.23,108,-109831.4229,4.7631,2,2,0,2,1,2024-05-31,BK12,127.0,0.0,0.1564945226917058,0,1,High,0,1,1.0986122886681098,0.14539346657066698,0.4723260746822114,0,1
BK1203,Kensington,Brooklyn,12.78,134,5.67,138,14.23,108,-109831.4229,4.7631,2,2,0,2,1,2024-06-30,BK12,130.0,0.0,0.1564945226917058,0,1,High,0,1,1.0986122886681098,0.14539346657066698,0.4723260746822114,0,1
BK1203,Kensington,Brooklyn,12.78,134,5.67,138,14.23,108,-109831.4229,4.7631,2,2,0,2,1,2024-07-31,BK12,141.0,0.0,0.1564945226917058,0,1,High,0,1,1.0986122886681098,0.14539346657066698,0.4723260746822114,0,1
BK1203,Kensington,Brooklyn,12.78,134,5.67,138,14.23,108,-109831.4229,4.7631,2,2,0,2,1,2024-08-31,BK12,129.0,0.0,0.1564945226917058,0,1,High,0,1,1.0986122886681098,0.14539346657066698,0.4723260746822114,0,1
BK1203,Kensington,Brooklyn,12.78,134,5.67,138,14.23,108,-109831.4229,4.7631,2,2,0,2,1,2024-09-30,BK12,135.0,0.0,0.1564945226917058,0,1,High,0,1,1.0986122886681098,0.14539346657066698,0.4723260746822114,0,1
BK1203,Kensington,Brooklyn,12.78,134,5.67,138,14.23,108,-109831.4229,4.7631,2,2,0,2,1,2024-10-31,BK12,142.0,0.0,0.1564945226917058,0,1,High,0,1,1.0986122886681098,0.14539346657066698,0.4723260746822114,0,1
BK1203,Kensington,Brooklyn,12.78,134,5.67,138,14.23,108,-109831.4229,4.7631,2,2,0,2,1,2024-11-30,BK12,138.0,0.0,0.1564945226917058,0,1,High,0,1,1.0986122886681098,0.14539346657066698,0.4723260746822114,0,1
BK1203,Kensington,Brooklyn,12.78,134,5.67,138,14.23,108,-109831.4229,4.7631,2,2,0,2,1,2024-12-31,BK12,134.0,0.0,0.1564945226917058,0,1,High,0,1,1.0986122886681098,0.14539346657066698,0.4723260746822114,0,1
QN0602,Forest Hills,Queens,10.97,162,4.61,174,16.51,67,-110801.2981,4.7528,5,4,4,4,3,2023-01-31,QN06,0.0,0.0,0.45578851412944393,0,1,High,1,1,1.791759469228055,0.37554768793978216,0.4707542994918435,0,1
QN0602,Forest Hills,Queens,10.97,162,4.61,174,16.51,67,-110801.2981,4.7528,5,4,4,4,3,2023-02-28,QN06,0.0,0.0,0.45578851412944393,0,1,High,1,1,1.791759469228055,0.37554768793978216,0.4707542994918435,0,1
QN0602,Forest Hills,Queens,10.97,162,4.61,174,16.51,67,-110801.2981,4.7528,5,4,4,4,3,2023-03-31,QN06,0.0,0.0,0.45578851412944393,0,1,High,1,1,1.791759469228055,0.37554768793978216,0.4707542994918435,0,1
QN0602,Forest Hills,Queens,10.97,162,4.61,174,16.51,67,-110801.2981,4.7528,5,4,4,4,3,2023-04-30,QN06,0.0,0.0,0.45578851412944393,0,1,High,1,1,1.791759469228055,0.37554768793978216,0.4707542994918435,0,1
QN0602,Forest Hills,Queens,10.97,162,4.61,174,16.51,67,-110801.2981,4.7528,5,4,4,4,3,2023-05-31,QN06,0.0,0.0,0.45578851412944393,0,1,High,1,1,1.791759469228055,0.37554768793978216,0.4707542994918435,0,1
QN0602,Forest Hills,Queens,10.97,162,4.61,174,16.51,67,-110801.2981,4.7528,5,4,4,4,3,2023-06-30,QN06,0.0,0.0,0.45578851412944393,0,1,High,1,1,1.791759469228055,0.37554768793978216,0.4707542994918435,0,1
QN0602,Forest Hills,Queens,10.97,162,4.61,174,16.51,67,-110801.2981,4.7528,5,4,4,4,3,2023-07-31,QN06,0.0,0.0,0.45578851412944393,0,1,High,1,1,1.791759469228055,0.37554768793978216,0.4707542994918435,0,1
QN0602,Forest Hills,Queens,10.97,162,4.61,174,16.51,67,-110801.2981,4.7528,5,4,4,4,3,2023-08-31,QN06,0.0,0.0,0.45578851412944393,0,1,High,1,1,1.791759469228055,0.37554768793978216,0.4707542994918435,0,1
QN0602,Forest Hills,Queens,10.97,162,4.61,174,16.51,67,-110801.2981,4.7528,5,4,4,4,3,2023-09-30,QN06,0.0,0.0,0.45578851412944393,0,1,High,1,1,1.791759469228055,0.37554768793978216,0.4707542994918435,0,1
QN0602,Forest Hills,Queens,10.97,162,4.61,174,16.51,67,-110801.2981,4.7528,5,4,4,4,3,2023-10-31,QN06,0.0,0.0,0.45578851412944393,0,1,High,1,1,1.791759469228055,0.37554768793978216,0.4707542994918435,0,1
QN0602,Forest Hills,Queens,10.97,162,4.61,174,16.51,67,-110801.2981,4.7528,5,4,4,4,3,2023-11-30,QN06,0.0,0.0,0.45578851412944393,0,1,High,1,1,1.791759469228055,0.37554768793978216,0.4707542994918435,0,1
QN0602,Forest Hills,Queens,10.97,162,4.61,174,16.51,67,-110801.2981,4.7528,5,4,4,4,3,2023-12-31,QN06,0.0,0.0,0.45578851412944393,0,1,High,1,1,1.791759469228055,0.37554768793978216,0.4707542994918435,0,1
QN0602,Forest Hills,Queens,10.97,162,4.61,174,16.51,67,-110801.2981,4.7528,5,4,4,4,3,2024-01-31,QN06,0.0,0.0,0.45578851412944393,0,1,High,1,1,1.791759469228055,0.37554768793978216,0.4707542994918435,0,1
QN0602,Forest Hills,Queens,10.97,162,4.61,174,16.51,67,-110801.2981,4.7528,5,4,4,4,3,2024-02-29,QN06,0.0,0.0,0.45578851412944393,0,1,High,1,1,1.791759469228055,0.37554768793978216,0.4707542994918435,0,1
QN0602,Forest Hills,Queens,10.97,162,4.61,174,16.51,67,-110801.2981,4.7528,5,4,4,4,3,2024-03-31,QN06,0.0,0.0,0.45578851412944393,0,1,High,1,1,1.791759469228055,0.37554768793978216,0.4707542994918435,0,1
QN0602,Forest Hills,Queens,10.97,162,4.61,174,16.51,67,-110801.2981,4.7528,5,4,4,4,3,2024-04-30,QN06,0.0,0.0,0.45578851412944393,0,1,High,1,1,1.791759469228055,0.37554768793978216,0.4707542994918435,0,1
QN0602,Forest Hills,Queens,10.97,162,4.61,174,16.51,67,-110801.2981,4.7528,5,4,4,4,3,2024-05-31,QN06,0.0,0.0,0.45578851412944393,0,1,High,1,1,1.791759469228055,0.37554768793978216,0.4707542994918435,0,1
QN0602,Forest Hills,Queens,10.97,162,4.61,174,16.51,67,-110801.2981,4.7528,5,4,4,4,3,2024-06-30,QN06,0.0,0.0,0.45578851412944393,0,1,High,1,1,1.791759469228055,0.37554768793978216,0.4707542994918435,0,1
QN0602,Forest Hills,Queens,10.97,162,4.61,174,16.51,67,-110801.2981,4.7528,5,4,4,4,3,2024-07-31,QN06,0.0,0.0,0.45578851412944393,0,1,High,1,1,1.791759469228055,0.37554768793978216,0.4707542994918435,0,1
QN0602,Forest Hills,Queens,10.97,162,4.61,174,16.51,67,-110801.2981,4.7528,5,4,4,4,3,2024-08-31,QN06,0.0,0.0,0.45578851412944393,0,1,High,1,1,1.791759469228055,0.37554768793978216,0.4707542994918435,0,1
QN0602,Forest Hills,Queens,10.97,162,4.61,174,16.51,67,-110801.2981,4.7528,5,4,4,4,3,2024-09-30,QN06,0.0,0.0,0.45578851412944393,0,1,High,1,1,1.791759469228055,0.37554768793978216,0.4707542994918435,0,1
QN0602,Forest Hills,Queens,10.97,162,4.61,174,16.51,67,-110801.2981,4.7528,5,4,4,4,3,2024-10-31,QN06,0.0,0.0,0.45578851412944393,0,1,High,1,1,1.791759469228055,0.37554768793978216,0.4707542994918435,0,1
QN0602,Forest Hills,Queens,10.97,162,4.61,174,16.51,67,-110801.2981,4.7528,5,4,4,4,3,2024-11-30,QN06,86.0,0.0,0.45578851412944393,0,1,High,1,1,1.791759469228055,0.37554768793978216,0.4707542994918435,0,1
QN0602,Forest Hills,Queens,10.97,162,4.61,174,16.51,67,-110801.2981,4.7528,5,4,4,4,3,2024-12-31,QN06,145.0,0.0,0.45578851412944393,0,1,High,1,1,1.791759469228055,0.37554768793978216,0.4707542994918435,0,1
SI0305,Tottenville-Charleston,Staten Island,14.6,106,1.38,197,7.04,197,362588.991,4.7246,0,0,0,0,0,2023-01-31,SI03,0.0,0.0,0.0,0,0,Low,0,0,0.0,0.0,0.46645099265996237,1,0
SI0305,Tottenville-Charleston,Staten Island,14.6,106,1.38,197,7.04,197,362588.991,4.7246,0,0,0,0,0,2023-02-28,SI03,0.0,0.0,0.0,0,0,Low,0,0,0.0,0.0,0.46645099265996237,1,0
SI0305,Tottenville-Charleston,Staten Island,14.6,106,1.38,197,7.04,197,362588.991,4.7246,0,0,0,0,0,2023-03-31,SI03,0.0,0.0,0.0,0,0,Low,0,0,0.0,0.0,0.46645099265996237,1,0
SI0305,Tottenville-Charleston,Staten Island,14.6,106,1.38,197,7.04,197,362588.991,4.7246,0,0,0,0,0,2023-04-30,SI03,0.0,0.0,0.0,0,0,Low,0,0,0.0,0.0,0.46645099265996237,1,0
SI0305,Tottenville-Charleston,Staten Island,14.6,106,1.38,197,7.04,197,362588.991,4.7246,0,0,0,0,0,2023-05-31,SI03,0.0,0.0,0.0,0,0,Low,0,0,0.0,0.0,0.46645099265996237,1,0
SI0305,Tottenville-Charleston,Staten Island,14.6,106,1.38,197,7.04,197,362588.991,4.7246,0,0,0,0,0,2023-06-30,SI03,0.0,0.0,0.0,0,0,Low,0,0,0.0,0.0,0.46645099265996237,1,0
SI0305,Tottenville-Charleston,Staten Island,14.6,106,1.38,197,7.04,197,362588.991,4.7246,0,0,0,0,0,2023-07-31,SI03,0.0,0.0,0.0,0,0,Low,0,0,0.0,0.0,0.46645099265996237,1,0
SI0305,Tottenville-Charleston,Staten Island,14.6,106,1.38,197,7.04,197,362588.991,4.7246,0,0,0,0,0,2023-08-31,SI03,0.0,0.0,0.0,0,0,Low,0,0,0.0,0.0,0.46645099265996237,1,0
SI0305,Tottenville-Charleston,Staten Island,14.6,106,1.38,197,7.04,197,362588.991,4.7246,0,0,0,0,0,2023-09-30,SI03,0.0,0.0,0.0,0,0,Low,0,0,0.0,0.0,0.46645099265996237,1,0
SI0305,Tottenville-Charleston,Staten Island,14.6,106,1.38,197,7.04,197,362588.991,4.7246,0,0,0,0,0,2023-10-31,SI03,0.0,0.0,0.0,0,0,Low,0,0,0.0,0.0,0.46645099265996237,1,0
SI0305,Tottenville-Charleston,Staten Island,14.6,106,1.38,197,7.04,197,362588.991,4.7246,0,0,0,0,0,2023-11-30,SI03,0.0,0.0,0.0,0,0,Low,0,0,0.0,0.0,0.46645099265996237,1,0
SI0305,Tottenville-Charleston,Staten Island,14.6,106,1.38,197,7.04,197,362588.991,4.7246,0,0,0,0,0,2023-12-31,SI03,0.0,0.0,0.0,0,0,Low,0,0,0.0,0.0,0.46645099265996237,1,0
SI0305,Tottenville-Charleston,Staten Island,14.6,106,1.38,197,7.04,197,362588.991,4.7246,0,0,0,0,0,2024-01-31,SI03,0.0,0.0,0.0,0,0,Low,0,0,0.0,0.0,0.46645099265996237,1,0
SI0305,Tottenville-Charleston,Staten Island,14.6,106,1.38,197,7.04,197,362588.991,4.7246,0,0,0,0,0,2024-02-29,SI03,0.0,0.0,0.0,0,0,Low,0,0,0.0,0.0,0.46645099265996237,1,0
SI0305,Tottenville-Charleston,Staten Island,14.6,106,1.38,197,7.04,197,362588.991,4.7246,0,0,0,0,0,2024-03-31,SI03,0.0,0.0,0.0,0,0,Low,0,0,0.0,0.0,0.46645099265996237,1,0
SI0305,Tottenville-Charleston,Staten Island,14.6,106,1.38,197,7.04,197,362588.991,4.7246,0,0,0,0,0,2024-04-30,SI03,0.0,0.0,0.0,0,0,Low,0,0,0.0,0.0,0.46645099265996237,1,0
SI0305,Tottenville-Charleston,Staten Island,14.6,106,1.38,197,7.04,197,362588.991,4.7246,0,0,0,0,0,2024-05-31,SI03,0.0,0.0,0.0,0,0,Low,0,0,0.0,0.0,0.46645099265996237,1,0
SI0305,Tottenville-Charleston,Staten Island,14.6,106,1.38,197,7.04,197,362588.991,4.7246,0,0,0,0,0,2024-06-30,SI03,0.0,0.0,0.0,0,0,Low,0,0,0.0,0.0,0.46645099265996237,1,0
SI0305,Tottenville-Charleston,Staten Island,14.6,106,1.38,197,7.04,197,362588.991,4.7246,0,0,0,0,0,2024-07-31,SI03,0.0,0.0,0.0,0,0,Low,0,0,0.0,0.0,0.46645099265996237,1,0
SI0305,Tottenville-Charleston,Staten Island,14.6,106,1.38,197,7.04,197,362588.991,4.7246,0,0,0,0,0,2024-08-31,SI03,0.0,0.0,0.0,0,0,Low,0,0,0.0,0.0,0.46645099265996237,1,0
SI0305,Tottenville-Charleston,Staten Island,14.6,106,1.38,197,7.04,197,362588.991,4.7246,0,0,0,0,0,2024-09-30,SI03,0.0,0.0,0.0,0,0,Low,0,0,0.0,0.0,0.46645099265996237,1,0
SI0305,Tottenville-Charleston,Staten Island,14.6,106,1.38,197,7.04,197,362588.991,4.7246,0,0,0,0,0,2024-10-31,SI03,0.0,0.0,0.0,0,0,Low,0,0,0.0,0.0,0.46645099265996237,1,0
SI0305,Tottenville-Charleston,Staten Island,14.6,106,1.38,197,7.04,197,362588.991,4.7246,0,0,0,0,0,2024-11-30,SI03,0.0,0.0,0.0,0,0,Low,0,0,0.0,0.0,0.46645099265996237,1,0
SI0305,Tottenville-Charleston,Staten Island,14.6,106,1.38,197,7.04,197,362588.991,4.7246,0,0,0,0,0,2024-12-31,SI03,0.0,0.0,0.0,0,0,Low,0,0,0.0,0.0,0.46645099265996237,1,0
BK0201,Brooklyn Heights,Brooklyn,8.96,181,3.77,186,9.8,182,220711.6,4.6922,0,0,0,0,0,2023-01-31,BK02,71.0,0.0,0.0,0,0,Low,0,0,0.0,0.0,0.4615067677892905,1,0
BK0201,Brooklyn Heights,Brooklyn,8.96,181,3.77,186,9.8,182,220711.6,4.6922,0,0,0,0,0,2023-02-28,BK02,70.0,0.0,0.0,0,0,Low,0,0,0.0,0.0,0.4615067677892905,1,0
BK0201,Brooklyn Heights,Brooklyn,8.96,181,3.77,186,9.8,182,220711.6,4.6922,0,0,0,0,0,2023-03-31,BK02,68.0,0.0,0.0,0,0,Low,0,0,0.0,0.0,0.4615067677892905,1,0
BK0201,Brooklyn Heights,Brooklyn,8.96,181,3.77,186,9.8,182,220711.6,4.6922,0,0,0,0,0,2023-04-30,BK02,63.0,0.0,0.0,0,0,Low,0,0,0.0,0.0,0.4615067677892905,1,0
BK0201,Brooklyn Heights,Brooklyn,8.96,181,3.77,186,9.8,182,220711.6,4.6922,0,0,0,0,0,2023-05-31,BK02,65.0,0.0,0.0,0,0,Low,0,0,0.0,0.0,0.4615067677892905,1,0
BK0201,Brooklyn Heights,Brooklyn,8.96,181,3.77,186,9.8,182,220711.6,4.6922,0,0,0,0,0,2023-06-30,BK02,70.0,0.0,0.0,0,0,Low,0,0,0.0,0.0,0.4615067677892905,1,0
BK0201,Brooklyn Heights,Brooklyn,8.96,181,3.77,186,9.8,182,220711.6,4.6922,0,0,0,0,0,2023-07-31,BK02,79.0,0.0,0.0,0,0,Low,0,0,0.0,0.0,0.4615067677892905,1,0
BK0201,Brooklyn Heights,Brooklyn,8.96,181,3.77,186,9.8,182,220711.6,4.6922,0,0,0,0,0,2023-08-31,BK02,75.0,0.0,0.0,0,0,Low,0,0,0.0,0.0,0.4615067677892905,1,0
BK0201,Brooklyn Heights,Brooklyn,8.96,181,3.77,186,9.8,182,220711.6,4.6922,0,0,0,0,0,2023-09-30,BK02,73.0,0.0,0.0,0,0,Low,0,0,0.0,0.0,0.4615067677892905,1,0
BK0201,Brooklyn Heights,Brooklyn,8.96,181,3.77,186,9.8,182,220711.6,4.6922,0,0,0,0,0,2023-10-31,BK02,78.0,0.0,0.0,0,0,Low,0,0,0.0,0.0,0.4615067677892905,1,0
BK0201,Brooklyn Heights,Brooklyn,8.96,181,3.77,186,9.8,182,220711.6,4.6922,0,0,0,0,0,2023-11-30,BK02,70.0,0.0,0.0,0,0,Low,0,0,0.0,0.0,0.4615067677892905,1,0
BK0201,Brooklyn Heights,Brooklyn,8.96,181,3.77,186,9.8,182,220711.6,4.6922,0,0,0,0,0,2023-12-31,BK02,73.0,0.0,0.0,0,0,Low,0,0,0.0,0.0,0.4615067677892905,1,0
BK0201,Brooklyn Heights,Brooklyn,8.96,181,3.77,186,9.8,182,220711.6,4.6922,0,0,0,0,0,2024-01-31,BK02,68.0,0.0,0.0,0,0,Low,0,0,0.0,0.0,0.4615067677892905,1,0
BK0201,Brooklyn Heights,Brooklyn,8.96,181,3.77,186,9.8,182,220711.6,4.6922,0,0,0,0,0,2024-02-29,BK02,75.0,0.0,0.0,0,0,Low,0,0,0.0,0.0,0.4615067677892905,1,0
BK0201,Brooklyn Heights,Brooklyn,8.96,181,3.77,186,9.8,182,220711.6,4.6922,0,0,0,0,0,2024-03-31,BK02,69.0,0.0,0.0,0,0,Low,0,0,0.0,0.0,0.4615067677892905,1,0
BK0201,Brooklyn Heights,Brooklyn,8.96,181,3.77,186,9.8,182,220711.6,4.6922,0,0,0,0,0,2024-04-30,BK02,72.0,0.0,0.0,0,0,Low,0,0,0.0,0.0,0.4615067677892905,1,0
BK0201,Brooklyn Heights,Brooklyn,8.96,181,3.77,186,9.8,182,220711.6,4.6922,0,0,0,0,0,2024-05-31,BK02,67.0,0.0,0.0,0,0,Low,0,0,0.0,0.0,0.4615067677892905,1,0
BK0201,Brooklyn Heights,Brooklyn,8.96,181,3.77,186,9.8,182,220711.6,4.6922,0,0,0,0,0,2024-06-30,BK02,66.0,0.0,0.0,0,0,Low,0,0,0.0,0.0,0.4615067677892905,1,0
BK0201,Brooklyn Heights,Brooklyn,8.96,181,3.77,186,9.8,182,220711.6,4.6922,0,0,0,0,0,2024-07-31,BK02,71.0,0.0,0.0,0,0,Low,0,0,0.0,0.0,0.4615067677892905,1,0
BK0201,Brooklyn Heights,Brooklyn,8.96,181,3.77,186,9.8,182,220711.6,4.6922,0,0,0,0,0,2024-08-31,BK02,75.0,0.0,0.0,0,0,Low,0,0,0.0,0.0,0.4615067677892905,1,0
BK0201,Brooklyn Heights,Brooklyn,8.96,181,3.77,186,9.8,182,220711.6,4.6922,0,0,0,0,0,2024-09-30,BK02,74.0,0.0,0.0,0,0,Low,0,0,0.0,0.0,0.4615067677892905,1,0
BK0201,Brooklyn Heights,Brooklyn,8.96,181,3.77,186,9.8,182,220711.6,4.6922,0,0,0,0,0,2024-10-31,BK02,75.0,0.0,0.0,0,0,Low,0,0,0.0,0.0,0.4615067677892905,1,0
BK0201,Brooklyn Heights,Brooklyn,8.96,181,3.77,186,9.8,182,220711.6,4.6922,0,0,0,0,0,2024-11-30,BK02,74.0,0.0,0.0,0,0,Low,0,0,0.0,0.0,0.4615067677892905,1,0
BK0201,Brooklyn Heights,Brooklyn,8.96,181,3.77,186,9.8,182,220711.6,4.6922,0,0,0,0,0,2024-12-31,BK02,67.0,0.0,0.0,0,0,Low,0,0,0.0,0.0,0.4615067677892905,1,0
BK1402,Flatbush (West)-Ditmas Park-Parkville,Brooklyn,16.81,78,6.91,111,16.13,76,-858689.7245,4.6868,5,5,0,4,1,2023-01-31,BK14,88.0,0.0,0.29744199881023203,0,1,High,0,1,1.791759469228055,0.26039463279301345,0.46068273031084517,0,1
BK1402,Flatbush (West)-Ditmas Park-Parkville,Brooklyn,16.81,78,6.91,111,16.13,76,-858689.7245,4.6868,5,5,0,4,1,2023-02-28,BK14,85.0,0.0,0.29744199881023203,0,1,High,0,1,1.791759469228055,0.26039463279301345,0.46068273031084517,0,1
BK1402,Flatbush (West)-Ditmas Park-Parkville,Brooklyn,16.81,78,6.91,111,16.13,76,-858689.7245,4.6868,5,5,0,4,1,2023-03-31,BK14,85.0,0.0,0.29744199881023203,0,1,High,0,1,1.791759469228055,0.26039463279301345,0.46068273031084517,0,1
BK1402,Flatbush (West)-Ditmas Park-Parkville,Brooklyn,16.81,78,6.91,111,16.13,76,-858689.7245,4.6868,5,5,0,4,1,2023-04-30,BK14,91.0,0.0,0.29744199881023203,0,1,High,0,1,1.791759469228055,0.26039463279301345,0.46068273031084517,0,1
BK1402,Flatbush (West)-Ditmas Park-Parkville,Brooklyn,16.81,78,6.91,111,16.13,76,-858689.7245,4.6868,5,5,0,4,1,2023-05-31,BK14,88.0,0.0,0.29744199881023203,0,1,High,0,1,1.791759469228055,0.26039463279301345,0.46068273031084517,0,1
BK1402,Flatbush (West)-Ditmas Park-Parkville,Brooklyn,16.81,78,6.91,111,16.13,76,-858689.7245,4.6868,5,5,0,4,1,2023-06-30,BK14,87.0,0.0,0.29744199881023203,0,1,High,0,1,1.791759469228055,0.26039463279301345,0.46068273031084517,0,1
BK1402,Flatbush (West)-Ditmas Park-Parkville,Brooklyn,16.81,78,6.91,111,16.13,76,-858689.7245,4.6868,5,5,0,4,1,2023-07-31,BK14,86.0,0.0,0.29744199881023203,0,1,High,0,1,1.791759469228055,0.26039463279301345,0.46068273031084517,0,1
BK1402,Flatbush (West)-Ditmas Park-Parkville,Brooklyn,16.81,78,6.91,111,16.13,76,-858689.7245,4.6868,5,5,0,4,1,2023-08-31,BK14,88.0,0.0,0.29744199881023203,0,1,High,0,1,1.791759469228055,0.26039463279301345,0.46068273031084517,0,1
BK1402,Flatbush (West)-Ditmas Park-Parkville,Brooklyn,16.81,78,6.91,111,16.13,76,-858689.7245,4.6868,5,5,0,4,1,2023-09-30,BK14,92.0,0.0,0.29744199881023203,0,1,High,0,1,1.791759469228055,0.26039463279301345,0.46068273031084517,0,1
BK1402,Flatbush (West)-Ditmas Park-Parkville,Brooklyn,16.81,78,6.91,111,16.13,76,-858689.7245,4.6868,5,5,0,4,1,2023-10-31,BK14,91.0,0.0,0.29744199881023203,0,1,High,0,1,1.791759469228055,0.26039463279301345,0.46068273031084517,0,1
BK1402,Flatbush (West)-Ditmas Park-Parkville,Brooklyn,16.81,78,6.91,111,16.13,76,-858689.7245,4.6868,5,5,0,4,1,2023-11-30,BK14,83.0,0.0,0.29744199881023203,0,1,High,0,1,1.791759469228055,0.26039463279301345,0.46068273031084517,0,1
BK1402,Flatbush (West)-Ditmas Park-Parkville,Brooklyn,16.81,78,6.91,111,16.13,76,-858689.7245,4.6868,5,5,0,4,1,2023-12-31,BK14,92.0,0.0,0.29744199881023203,0,1,High,0,1,1.791759469228055,0.26039463279301345,0.46068273031084517,0,1
BK1402,Flatbush (West)-Ditmas Park-Parkville,Brooklyn,16.81,78,6.91,111,16.13,76,-858689.7245,4.6868,5,5,0,4,1,2024-01-31,BK14,86.0,0.0,0.29744199881023203,0,1,High,0,1,1.791759469228055,0.26039463279301345,0.46068273031084517,0,1
BK1402,Flatbush (West)-Ditmas Park-Parkville,Brooklyn,16.81,78,6.91,111,16.13,76,-858689.7245,4.6868,5,5,0,4,1,2024-02-29,BK14,88.0,0.0,0.29744199881023203,0,1,High,0,1,1.791759469228055,0.26039463279301345,0.46068273031084517,0,1
BK1402,Flatbush (West)-Ditmas Park-Parkville,Brooklyn,16.81,78,6.91,111,16.13,76,-858689.7245,4.6868,5,5,0,4,1,2024-03-31,BK14,84.0,0.0,0.29744199881023203,0,1,High,0,1,1.791759469228055,0.26039463279301345,0.46068273031084517,0,1
BK1402,Flatbush (West)-Ditmas Park-Parkville,Brooklyn,16.81,78,6.91,111,16.13,76,-858689.7245,4.6868,5,5,0,4,1,2024-04-30,BK14,74.0,0.0,0.29744199881023203,0,1,High,0,1,1.791759469228055,0.26039463279301345,0.46068273031084517,0,1
BK1402,Flatbush (West)-Ditmas Park-Parkville,Brooklyn,16.81,78,6.91,111,16.13,76,-858689.7245,4.6868,5,5,0,4,1,2024-05-31,BK14,77.0,0.0,0.29744199881023203,0,1,High,0,1,1.791759469228055,0.26039463279301345,0.46068273031084517,0,1
BK1402,Flatbush (West)-Ditmas Park-Parkville,Brooklyn,16.81,78,6.91,111,16.13,76,-858689.7245,4.6868,5,5,0,4,1,2024-06-30,BK14,89.0,0.0,0.29744199881023203,0,1,High,0,1,1.791759469228055,0.26039463279301345,0.46068273031084517,0,1
BK1402,Flatbush (West)-Ditmas Park-Parkville,Brooklyn,16.81,78,6.91,111,16.13,76,-858689.7245,4.6868,5,5,0,4,1,2024-07-31,BK14,91.0,0.0,0.29744199881023203,0,1,High,0,1,1.791759469228055,0.26039463279301345,0.46068273031084517,0,1
BK1402,Flatbush (West)-Ditmas Park-Parkville,Brooklyn,16.81,78,6.91,111,16.13,76,-858689.7245,4.6868,5,5,0,4,1,2024-08-31,BK14,92.0,0.0,0.29744199881023203,0,1,High,0,1,1.791759469228055,0.26039463279301345,0.46068273031084517,0,1
BK1402,Flatbush (West)-Ditmas Park-Parkville,Brooklyn,16.81,78,6.91,111,16.13,76,-858689.7245,4.6868,5,5,0,4,1,2024-09-30,BK14,88.0,0.0,0.29744199881023203,0,1,High,0,1,1.791759469228055,0.26039463279301345,0.46068273031084517,0,1
BK1402,Flatbush (West)-Ditmas Park-Parkville,Brooklyn,16.81,78,6.91,111,16.13,76,-858689.7245,4.6868,5,5,0,4,1,2024-10-31,BK14,90.0,0.0,0.29744199881023203,0,1,High,0,1,1.791759469228055,0.26039463279301345,0.46068273031084517,0,1
BK1402,Flatbush (West)-Ditmas Park-Parkville,Brooklyn,16.81,78,6.91,111,16.13,76,-858689.7245,4.6868,5,5,0,4,1,2024-11-30,BK14,88.0,0.0,0.29744199881023203,0,1,High,0,1,1.791759469228055,0.26039463279301345,0.46068273031084517,0,1
BK1402,Flatbush (West)-Ditmas Park-Parkville,Brooklyn,16.81,78,6.91,111,16.13,76,-858689.7245,4.6868,5,5,0,4,1,2024-12-31,BK14,90.0,0.0,0.29744199881023203,0,1,High,0,1,1.791759469228055,0.26039463279301345,0.46068273031084517,0,1
QN0901,Kew Gardens,Queens,13.57,125,5.45,151,13.27,126,-90179.3138,4.6179,1,1,1,0,1,2023-01-31,QN09,0.0,0.0,0.07369196757553427,0,0,Low,1,1,0.6931471805599453,0.0711031463603357,0.4501686224840151,1,0
QN0901,Kew Gardens,Queens,13.57,125,5.45,151,13.27,126,-90179.3138,4.6179,1,1,1,0,1,2023-02-28,QN09,0.0,0.0,0.07369196757553427,0,0,Low,1,1,0.6931471805599453,0.0711031463603357,0.4501686224840151,1,0
QN0901,Kew Gardens,Queens,13.57,125,5.45,151,13.27,126,-90179.3138,4.6179,1,1,1,0,1,2023-03-31,QN09,0.0,0.0,0.07369196757553427,0,0,Low,1,1,0.6931471805599453,0.0711031463603357,0.4501686224840151,1,0
QN0901,Kew Gardens,Queens,13.57,125,5.45,151,13.27,126,-90179.3138,4.6179,1,1,1,0,1,2023-04-30,QN09,0.0,0.0,0.07369196757553427,0,0,Low,1,1,0.6931471805599453,0.0711031463603357,0.4501686224840151,1,0
QN0901,Kew Gardens,Queens,13.57,125,5.45,151,13.27,126,-90179.3138,4.6179,1,1,1,0,1,2023-05-31,QN09,0.0,0.0,0.07369196757553427,0,0,Low,1,1,0.6931471805599453,0.0711031463603357,0.4501686224840151,1,0
QN0901,Kew Gardens,Queens,13.57,125,5.45,151,13.27,126,-90179.3138,4.6179,1,1,1,0,1,2023-06-30,QN09,0.0,0.0,0.07369196757553427,0,0,Low,1,1,0.6931471805599453,0.0711031463603357,0.4501686224840151,1,0
QN0901,Kew Gardens,Queens,13.57,125,5.45,151,13.27,126,-90179.3138,4.6179,1,1,1,0,1,2023-07-31,QN09,0.0,0.0,0.07369196757553427,0,0,Low,1,1,0.6931471805599453,0.0711031463603357,0.4501686224840151,1,0
QN0901,Kew Gardens,Queens,13.57,125,5.45,151,13.27,126,-90179.3138,4.6179,1,1,1,0,1,2023-08-31,QN09,0.0,0.0,0.07369196757553427,0,0,Low,1,1,0.6931471805599453,0.0711031463603357,0.4501686224840151,1,0
QN0901,Kew Gardens,Queens,13.57,125,5.45,151,13.27,126,-90179.3138,4.6179,1,1,1,0,1,2023-09-30,QN09,0.0,0.0,0.07369196757553427,0,0,Low,1,1,0.6931471805599453,0.0711031463603357,0.4501686224840151,1,0
QN0901,Kew Gardens,Queens,13.57,125,5.45,151,13.27,126,-90179.3138,4.6179,1,1,1,0,1,2023-10-31,QN09,0.0,0.0,0.07369196757553427,0,0,Low,1,1,0.6931471805599453,0.0711031463603357,0.4501686224840151,1,0
QN0901,Kew Gardens,Queens,13.57,125,5.45,151,13.27,126,-90179.3138,4.6179,1,1,1,0,1,2023-11-30,QN09,0.0,0.0,0.07369196757553427,0,0,Low,1,1,0.6931471805599453,0.0711031463603357,0.4501686224840151,1,0
QN0901,Kew Gardens,Queens,13.57,125,5.45,151,13.27,126,-90179.3138,4.6179,1,1,1,0,1,2023-12-31,QN09,0.0,0.0,0.07369196757553427,0,0,Low,1,1,0.6931471805599453,0.0711031463603357,0.4501686224840151,1,0
QN0901,Kew Gardens,Queens,13.57,125,5.45,151,13.27,126,-90179.3138,4.6179,1,1,1,0,1,2024-01-31,QN09,0.0,0.0,0.07369196757553427,0,0,Low,1,1,0.6931471805599453,0.0711031463603357,0.4501686224840151,1,0
QN0901,Kew Gardens,Queens,13.57,125,5.45,151,13.27,126,-90179.3138,4.6179,1,1,1,0,1,2024-02-29,QN09,0.0,0.0,0.07369196757553427,0,0,Low,1,1,0.6931471805599453,0.0711031463603357,0.4501686224840151,1,0
QN0901,Kew Gardens,Queens,13.57,125,5.45,151,13.27,126,-90179.3138,4.6179,1,1,1,0,1,2024-03-31,QN09,0.0,0.0,0.07369196757553427,0,0,Low,1,1,0.6931471805599453,0.0711031463603357,0.4501686224840151,1,0
QN0901,Kew Gardens,Queens,13.57,125,5.45,151,13.27,126,-90179.3138,4.6179,1,1,1,0,1,2024-04-30,QN09,0.0,0.0,0.07369196757553427,0,0,Low,1,1,0.6931471805599453,0.0711031463603357,0.4501686224840151,1,0
QN0901,Kew Gardens,Queens,13.57,125,5.45,151,13.27,126,-90179.3138,4.6179,1,1,1,0,1,2024-05-31,QN09,0.0,0.0,0.07369196757553427,0,0,Low,1,1,0.6931471805599453,0.0711031463603357,0.4501686224840151,1,0
QN0901,Kew Gardens,Queens,13.57,125,5.45,151,13.27,126,-90179.3138,4.6179,1,1,1,0,1,2024-06-30,QN09,0.0,0.0,0.07369196757553427,0,0,Low,1,1,0.6931471805599453,0.0711031463603357,0.4501686224840151,1,0
QN0901,Kew Gardens,Queens,13.57,125,5.45,151,13.27,126,-90179.3138,4.6179,1,1,1,0,1,2024-07-31,QN09,0.0,0.0,0.07369196757553427,0,0,Low,1,1,0.6931471805599453,0.0711031463603357,0.4501686224840151,1,0
QN0901,Kew Gardens,Queens,13.57,125,5.45,151,13.27,126,-90179.3138,4.6179,1,1,1,0,1,2024-08-31,QN09,0.0,0.0,0.07369196757553427,0,0,Low,1,1,0.6931471805599453,0.0711031463603357,0.4501686224840151,1,0
QN0901,Kew Gardens,Queens,13.57,125,5.45,151,13.27,126,-90179.3138,4.6179,1,1,1,0,1,2024-09-30,QN09,0.0,0.0,0.07369196757553427,0,0,Low,1,1,0.6931471805599453,0.0711031463603357,0.4501686224840151,1,0
QN0901,Kew Gardens,Queens,13.57,125,5.45,151,13.27,126,-90179.3138,4.6179,1,1,1,0,1,2024-10-31,QN09,0.0,0.0,0.07369196757553427,0,0,Low,1,1,0.6931471805599453,0.0711031463603357,0.4501686224840151,1,0
QN0901,Kew Gardens,Queens,13.57,125,5.45,151,13.27,126,-90179.3138,4.6179,1,1,1,0,1,2024-11-30,QN09,0.0,0.0,0.07369196757553427,0,0,Low,1,1,0.6931471805599453,0.0711031463603357,0.4501686224840151,1,0
QN0901,Kew Gardens,Queens,13.57,125,5.45,151,13.27,126,-90179.3138,4.6179,1,1,1,0,1,2024-12-31,QN09,0.0,0.0,0.07369196757553427,0,0,Low,1,1,0.6931471805599453,0.0711031463603357,0.4501686224840151,1,0
BX0202,Longwood,Bronx,20.97,43,17.0,1,15.06,93,-1900388.3471,4.6066,6,4,2,5,1,2023-01-31,BX02,854.0,1.0,0.2861230329041488,0,1,High,1,1,1.9459101490553132,0.25163229223781003,0.4484442477606019,0,1
BX0202,Longwood,Bronx,20.97,43,17.0,1,15.06,93,-1900388.3471,4.6066,6,4,2,5,1,2023-02-28,BX02,870.0,1.0,0.2861230329041488,0,1,High,1,1,1.9459101490553132,0.25163229223781003,0.4484442477606019,0,1
BX0202,Longwood,Bronx,20.97,43,17.0,1,15.06,93,-1900388.3471,4.6066,6,4,2,5,1,2023-03-31,BX02,862.0,1.0,0.2861230329041488,0,1,High,1,1,1.9459101490553132,0.25163229223781003,0.4484442477606019,0,1
BX0202,Longwood,Bronx,20.97,43,17.0,1,15.06,93,-1900388.3471,4.6066,6,4,2,5,1,2023-04-30,BX02,899.0,1.0,0.2861230329041488,0,1,High,1,1,1.9459101490553132,0.25163229223781003,0.4484442477606019,0,1
BX0202,Longwood,Bronx,20.97,43,17.0,1,15.06,93,-1900388.3471,4.6066,6,4,2,5,1,2023-05-31,BX02,930.0,1.0,0.2861230329041488,0,1,High,1,1,1.9459101490553132,0.25163229223781003,0.4484442477606019,0,1
BX0202,Longwood,Bronx,20.97,43,17.0,1,15.06,93,-1900388.3471,4.6066,6,4,2,5,1,2023-06-30,BX02,899.0,1.0,0.2861230329041488,0,1,High,1,1,1.9459101490553132,0.25163229223781003,0.4484442477606019,0,1
BX0202,Longwood,Bronx,20.97,43,17.0,1,15.06,93,-1900388.3471,4.6066,6,4,2,5,1,2023-07-31,BX02,886.0,1.0,0.2861230329041488,0,1,High,1,1,1.9459101490553132,0.25163229223781003,0.4484442477606019,0,1
BX0202,Longwood,Bronx,20.97,43,17.0,1,15.06,93,-1900388.3471,4.6066,6,4,2,5,1,2023-08-31,BX02,878.0,1.0,0.2861230329041488,0,1,High,1,1,1.9459101490553132,0.25163229223781003,0.4484442477606019,0,1
BX0202,Longwood,Bronx,20.97,43,17.0,1,15.06,93,-1900388.3471,4.6066,6,4,2,5,1,2023-09-30,BX02,885.0,1.0,0.2861230329041488,0,1,High,1,1,1.9459101490553132,0.25163229223781003,0.4484442477606019,0,1
BX0202,Longwood,Bronx,20.97,43,17.0,1,15.06,93,-1900388.3471,4.6066,6,4,2,5,1,2023-10-31,BX02,882.0,1.0,0.2861230329041488,0,1,High,1,1,1.9459101490553132,0.25163229223781003,0.4484442477606019,0,1
BX0202,Longwood,Bronx,20.97,43,17.0,1,15.06,93,-1900388.3471,4.6066,6,4,2,5,1,2023-11-30,BX02,869.0,1.0,0.2861230329041488,0,1,High,1,1,1.9459101490553132,0.25163229223781003,0.4484442477606019,0,1
BX0202,Longwood,Bronx,20.97,43,17.0,1,15.06,93,-1900388.3471,4.6066,6,4,2,5,1,2023-12-31,BX02,854.0,1.0,0.2861230329041488,0,1,High,1,1,1.9459101490553132,0.25163229223781003,0.4484442477606019,0,1
BX0202,Longwood,Bronx,20.97,43,17.0,1,15.06,93,-1900388.3471,4.6066,6,4,2,5,1,2024-01-31,BX02,848.0,1.0,0.2861230329041488,0,1,High,1,1,1.9459101490553132,0.25163229223781003,0.4484442477606019,0,1
BX0202,Longwood,Bronx,20.97,43,17.0,1,15.06,93,-1900388.3471,4.6066,6,4,2,5,1,2024-02-29,BX02,835.0,1.0,0.2861230329041488,0,1,High,1,1,1.9459101490553132,0.25163229223781003,0.4484442477606019,0,1
BX0202,Longwood,Bronx,20.97,43,17.0,1,15.06,93,-1900388.3471,4.6066,6,4,2,5,1,2024-03-31,BX02,834.0,1.0,0.2861230329041488,0,1,High,1,1,1.9459101490553132,0.25163229223781003,0.4484442477606019,0,1
BX0202,Longwood,Bronx,20.97,43,17.0,1,15.06,93,-1900388.3471,4.6066,6,4,2,5,1,2024-04-30,BX02,795.0,1.0,0.2861230329041488,0,1,High,1,1,1.9459101490553132,0.25163229223781003,0.4484442477606019,0,1
BX0202,Longwood,Bronx,20.97,43,17.0,1,15.06,93,-1900388.3471,4.6066,6,4,2,5,1,2024-05-31,BX02,789.0,1.0,0.2861230329041488,0,1,High,1,1,1.9459101490553132,0.25163229223781003,0.4484442477606019,0,1
BX0202,Longwood,Bronx,20.97,43,17.0,1,15.06,93,-1900388.3471,4.6066,6,4,2,5,1,2024-06-30,BX02,751.0,0.0,0.2861230329041488,0,1,High,1,1,1.9459101490553132,0.25163229223781003,0.4484442477606019,0,1
BX0202,Longwood,Bronx,20.97,43,17.0,1,15.06,93,-1900388.3471,4.6066,6,4,2,5,1,2024-07-31,BX02,752.0,0.0,0.2861230329041488,0,1,High,1,1,1.9459101490553132,0.25163229223781003,0.4484442477606019,0,1
BX0202,Longwood,Bronx,20.97,43,17.0,1,15.06,93,-1900388.3471,4.6066,6,4,2,5,1,2024-08-31,BX02,760.0,0.0,0.2861230329041488,0,1,High,1,1,1.9459101490553132,0.25163229223781003,0.4484442477606019,0,1
BX0202,Longwood,Bronx,20.97,43,17.0,1,15.06,93,-1900388.3471,4.6066,6,4,2,5,1,2024-09-30,BX02,802.0,1.0,0.2861230329041488,0,1,High,1,1,1.9459101490553132,0.25163229223781003,0.4484442477606019,0,1
BX0202,Longwood,Bronx,20.97,43,17.0,1,15.06,93,-1900388.3471,4.6066,6,4,2,5,1,2024-10-31,BX02,780.0,0.0,0.2861230329041488,0,1,High,1,1,1.9459101490553132,0.25163229223781003,0.4484442477606019,0,1
BX0202,Longwood,Bronx,20.97,43,17.0,1,15.06,93,-1900388.3471,4.6066,6,4,2,5,1,2024-11-30,BX02,790.0,1.0,0.2861230329041488,0,1,High,1,1,1.9459101490553132,0.25163229223781003,0.4484442477606019,0,1
BX0202,Longwood,Bronx,20.97,43,17.0,1,15.06,93,-1900388.3471,4.6066,6,4,2,5,1,2024-12-31,BX02,743.0,0.0,0.2861230329041488,0,1,High,1,1,1.9459101490553132,0.25163229223781003,0.4484442477606019,0,1
MN1203,Inwood,Manhattan,14.99,103,8.34,72,17.05,59,-930280.2196,4.5837,5,4,1,3,3,2023-01-31,MN12,0.0,0.0,0.333555703802535,0,1,High,1,1,1.791759469228055,0.28784883639780234,0.44494971845386155,0,1
MN1203,Inwood,Manhattan,14.99,103,8.34,72,17.05,59,-930280.2196,4.5837,5,4,1,3,3,2023-02-28,MN12,0.0,0.0,0.333555703802535,0,1,High,1,1,1.791759469228055,0.28784883639780234,0.44494971845386155,0,1
MN1203,Inwood,Manhattan,14.99,103,8.34,72,17.05,59,-930280.2196,4.5837,5,4,1,3,3,2023-03-31,MN12,0.0,0.0,0.333555703802535,0,1,High,1,1,1.791759469228055,0.28784883639780234,0.44494971845386155,0,1
MN1203,Inwood,Manhattan,14.99,103,8.34,72,17.05,59,-930280.2196,4.5837,5,4,1,3,3,2023-04-30,MN12,0.0,0.0,0.333555703802535,0,1,High,1,1,1.791759469228055,0.28784883639780234,0.44494971845386155,0,1
MN1203,Inwood,Manhattan,14.99,103,8.34,72,17.05,59,-930280.2196,4.5837,5,4,1,3,3,2023-05-31,MN12,0.0,0.0,0.333555703802535,0,1,High,1,1,1.791759469228055,0.28784883639780234,0.44494971845386155,0,1
MN1203,Inwood,Manhattan,14.99,103,8.34,72,17.05,59,-930280.2196,4.5837,5,4,1,3,3,2023-06-30,MN12,0.0,0.0,0.333555703802535,0,1,High,1,1,1.791759469228055,0.28784883639780234,0.44494971845386155,0,1
MN1203,Inwood,Manhattan,14.99,103,8.34,72,17.05,59,-930280.2196,4.5837,5,4,1,3,3,2023-07-31,MN12,0.0,0.0,0.333555703802535,0,1,High,1,1,1.791759469228055,0.28784883639780234,0.44494971845386155,0,1
MN1203,Inwood,Manhattan,14.99,103,8.34,72,17.05,59,-930280.2196,4.5837,5,4,1,3,3,2023-08-31,MN12,0.0,0.0,0.333555703802535,0,1,High,1,1,1.791759469228055,0.28784883639780234,0.44494971845386155,0,1
MN1203,Inwood,Manhattan,14.99,103,8.34,72,17.05,59,-930280.2196,4.5837,5,4,1,3,3,2023-09-30,MN12,0.0,0.0,0.333555703802535,0,1,High,1,1,1.791759469228055,0.28784883639780234,0.44494971845386155,0,1
MN1203,Inwood,Manhattan,14.99,103,8.34,72,17.05,59,-930280.2196,4.5837,5,4,1,3,3,2023-10-31,MN12,0.0,0.0,0.333555703802535,0,1,High,1,1,1.791759469228055,0.28784883639780234,0.44494971845386155,0,1
MN1203,Inwood,Manhattan,14.99,103,8.34,72,17.05,59,-930280.2196,4.5837,5,4,1,3,3,2023-11-30,MN12,0.0,0.0,0.333555703802535,0,1,High,1,1,1.791759469228055,0.28784883639780234,0.44494971845386155,0,1
MN1203,Inwood,Manhattan,14.99,103,8.34,72,17.05,59,-930280.2196,4.5837,5,4,1,3,3,2023-12-31,MN12,0.0,0.0,0.333555703802535,0,1,High,1,1,1.791759469228055,0.28784883639780234,0.44494971845386155,0,1
MN1203,Inwood,Manhattan,14.99,103,8.34,72,17.05,59,-930280.2196,4.5837,5,4,1,3,3,2024-01-31,MN12,0.0,0.0,0.333555703802535,0,1,High,1,1,1.791759469228055,0.28784883639780234,0.44494971845386155,0,1
MN1203,Inwood,Manhattan,14.99,103,8.34,72,17.05,59,-930280.2196,4.5837,5,4,1,3,3,2024-02-29,MN12,0.0,0.0,0.333555703802535,0,1,High,1,1,1.791759469228055,0.28784883639780234,0.44494971845386155,0,1
MN1203,Inwood,Manhattan,14.99,103,8.34,72,17.05,59,-930280.2196,4.5837,5,4,1,3,3,2024-03-31,MN12,0.0,0.0,0.333555703802535,0,1,High,1,1,1.791759469228055,0.28784883639780234,0.44494971845386155,0,1
MN1203,Inwood,Manhattan,14.99,103,8.34,72,17.05,59,-930280.2196,4.5837,5,4,1,3,3,2024-04-30,MN12,0.0,0.0,0.333555703802535,0,1,High,1,1,1.791759469228055,0.28784883639780234,0.44494971845386155,0,1
MN1203,Inwood,Manhattan,14.99,103,8.34,72,17.05,59,-930280.2196,4.5837,5,4,1,3,3,2024-05-31,MN12,0.0,0.0,0.333555703802535,0,1,High,1,1,1.791759469228055,0.28784883639780234,0.44494971845386155,0,1
MN1203,Inwood,Manhattan,14.99,103,8.34,72,17.05,59,-930280.2196,4.5837,5,4,1,3,3,2024-06-30,MN12,0.0,0.0,0.333555703802535,0,1,High,1,1,1.791759469228055,0.28784883639780234,0.44494971845386155,0,1
MN1203,Inwood,Manhattan,14.99,103,8.34,72,17.05,59,-930280.2196,4.5837,5,4,1,3,3,2024-07-31,MN12,0.0,0.0,0.333555703802535,0,1,High,1,1,1.791759469228055,0.28784883639780234,0.44494971845386155,0,1
MN1203,Inwood,Manhattan,14.99,103,8.34,72,17.05,59,-930280.2196,4.5837,5,4,1,3,3,2024-08-31,MN12,0.0,0.0,0.333555703802535,0,1,High,1,1,1.791759469228055,0.28784883639780234,0.44494971845386155,0,1
MN1203,Inwood,Manhattan,14.99,103,8.34,72,17.05,59,-930280.2196,4.5837,5,4,1,3,3,2024-09-30,MN12,0.0,0.0,0.333555703802535,0,1,High,1,1,1.791759469228055,0.28784883639780234,0.44494971845386155,0,1
MN1203,Inwood,Manhattan,14.99,103,8.34,72,17.05,59,-930280.2196,4.5837,5,4,1,3,3,2024-10-31,MN12,0.0,0.0,0.333555703802535,0,1,High,1,1,1.791759469228055,0.28784883639780234,0.44494971845386155,0,1
MN1203,Inwood,Manhattan,14.99,103,8.34,72,17.05,59,-930280.2196,4.5837,5,4,1,3,3,2024-11-30,MN12,0.0,0.0,0.333555703802535,0,1,High,1,1,1.791759469228055,0.28784883639780234,0.44494971845386155,0,1
MN1203,Inwood,Manhattan,14.99,103,8.34,72,17.05,59,-930280.2196,4.5837,5,4,1,3,3,2024-12-31,MN12,0.0,0.0,0.333555703802535,0,1,High,1,1,1.791759469228055,0.28784883639780234,0.44494971845386155,0,1
BK0505,East New York-City Line,Brooklyn,15.16,100,6.43,122,13.28,125,-1250389.7944,4.5734,1,1,0,1,0,2023-01-31,BK05,551.0,0.0,0.06596306068601583,0,0,Low,0,0,0.6931471805599453,0.06387867287872372,0.4433779432634936,1,0
BK0505,East New York-City Line,Brooklyn,15.16,100,6.43,122,13.28,125,-1250389.7944,4.5734,1,1,0,1,0,2023-02-28,BK05,531.0,0.0,0.06596306068601583,0,0,Low,0,0,0.6931471805599453,0.06387867287872372,0.4433779432634936,1,0
BK0505,East New York-City Line,Brooklyn,15.16,100,6.43,122,13.28,125,-1250389.7944,4.5734,1,1,0,1,0,2023-03-31,BK05,527.0,0.0,0.06596306068601583,0,0,Low,0,0,0.6931471805599453,0.06387867287872372,0.4433779432634936,1,0
BK0505,East New York-City Line,Brooklyn,15.16,100,6.43,122,13.28,125,-1250389.7944,4.5734,1,1,0,1,0,2023-04-30,BK05,515.0,0.0,0.06596306068601583,0,0,Low,0,0,0.6931471805599453,0.06387867287872372,0.4433779432634936,1,0
BK0505,East New York-City Line,Brooklyn,15.16,100,6.43,122,13.28,125,-1250389.7944,4.5734,1,1,0,1,0,2023-05-31,BK05,503.0,0.0,0.06596306068601583,0,0,Low,0,0,0.6931471805599453,0.06387867287872372,0.4433779432634936,1,0
BK0505,East New York-City Line,Brooklyn,15.16,100,6.43,122,13.28,125,-1250389.7944,4.5734,1,1,0,1,0,2023-06-30,BK05,572.0,0.0,0.06596306068601583,0,0,Low,0,0,0.6931471805599453,0.06387867287872372,0.4433779432634936,1,0
BK0505,East New York-City Line,Brooklyn,15.16,100,6.43,122,13.28,125,-1250389.7944,4.5734,1,1,0,1,0,2023-07-31,BK05,557.0,0.0,0.06596306068601583,0,0,Low,0,0,0.6931471805599453,0.06387867287872372,0.4433779432634936,1,0
BK0505,East New York-City Line,Brooklyn,15.16,100,6.43,122,13.28,125,-1250389.7944,4.5734,1,1,0,1,0,2023-08-31,BK05,554.0,0.0,0.06596306068601583,0,0,Low,0,0,0.6931471805599453,0.06387867287872372,0.4433779432634936,1,0
BK0505,East New York-City Line,Brooklyn,15.16,100,6.43,122,13.28,125,-1250389.7944,4.5734,1,1,0,1,0,2023-09-30,BK05,553.0,0.0,0.06596306068601583,0,0,Low,0,0,0.6931471805599453,0.06387867287872372,0.4433779432634936,1,0
BK0505,East New York-City Line,Brooklyn,15.16,100,6.43,122,13.28,125,-1250389.7944,4.5734,1,1,0,1,0,2023-10-31,BK05,545.0,0.0,0.06596306068601583,0,0,Low,0,0,0.6931471805599453,0.06387867287872372,0.4433779432634936,1,0
BK0505,East New York-City Line,Brooklyn,15.16,100,6.43,122,13.28,125,-1250389.7944,4.5734,1,1,0,1,0,2023-11-30,BK05,544.0,0.0,0.06596306068601583,0,0,Low,0,0,0.6931471805599453,0.06387867287872372,0.4433779432634936,1,0
BK0505,East New York-City Line,Brooklyn,15.16,100,6.43,122,13.28,125,-1250389.7944,4.5734,1,1,0,1,0,2023-12-31,BK05,518.0,0.0,0.06596306068601583,0,0,Low,0,0,0.6931471805599453,0.06387867287872372,0.4433779432634936,1,0
BK0505,East New York-City Line,Brooklyn,15.16,100,6.43,122,13.28,125,-1250389.7944,4.5734,1,1,0,1,0,2024-01-31,BK05,537.0,0.0,0.06596306068601583,0,0,Low,0,0,0.6931471805599453,0.06387867287872372,0.4433779432634936,1,0
BK0505,East New York-City Line,Brooklyn,15.16,100,6.43,122,13.28,125,-1250389.7944,4.5734,1,1,0,1,0,2024-02-29,BK05,522.0,0.0,0.06596306068601583,0,0,Low,0,0,0.6931471805599453,0.06387867287872372,0.4433779432634936,1,0
BK0505,East New York-City Line,Brooklyn,15.16,100,6.43,122,13.28,125,-1250389.7944,4.5734,1,1,0,1,0,2024-03-31,BK05,516.0,0.0,0.06596306068601583,0,0,Low,0,0,0.6931471805599453,0.06387867287872372,0.4433779432634936,1,0
BK0505,East New York-City Line,Brooklyn,15.16,100,6.43,122,13.28,125,-1250389.7944,4.5734,1,1,0,1,0,2024-04-30,BK05,513.0,0.0,0.06596306068601583,0,0,Low,0,0,0.6931471805599453,0.06387867287872372,0.4433779432634936,1,0
BK0505,East New York-City Line,Brooklyn,15.16,100,6.43,122,13.28,125,-1250389.7944,4.5734,1,1,0,1,0,2024-05-31,BK05,473.0,0.0,0.06596306068601583,0,0,Low,0,0,0.6931471805599453,0.06387867287872372,0.4433779432634936,1,0
BK0505,East New York-City Line,Brooklyn,15.16,100,6.43,122,13.28,125,-1250389.7944,4.5734,1,1,0,1,0,2024-06-30,BK05,501.0,0.0,0.06596306068601583,0,0,Low,0,0,0.6931471805599453,0.06387867287872372,0.4433779432634936,1,0
BK0505,East New York-City Line,Brooklyn,15.16,100,6.43,122,13.28,125,-1250389.7944,4.5734,1,1,0,1,0,2024-07-31,BK05,516.0,0.0,0.06596306068601583,0,0,Low,0,0,0.6931471805599453,0.06387867287872372,0.4433779432634936,1,0
BK0505,East New York-City Line,Brooklyn,15.16,100,6.43,122,13.28,125,-1250389.7944,4.5734,1,1,0,1,0,2024-08-31,BK05,524.0,0.0,0.06596306068601583,0,0,Low,0,0,0.6931471805599453,0.06387867287872372,0.4433779432634936,1,0
BK0505,East New York-City Line,Brooklyn,15.16,100,6.43,122,13.28,125,-1250389.7944,4.5734,1,1,0,1,0,2024-09-30,BK05,504.0,0.0,0.06596306068601583,0,0,Low,0,0,0.6931471805599453,0.06387867287872372,0.4433779432634936,1,0
BK0505,East New York-City Line,Brooklyn,15.16,100,6.43,122,13.28,125,-1250389.7944,4.5734,1,1,0,1,0,2024-10-31,BK05,513.0,0.0,0.06596306068601583,0,0,Low,0,0,0.6931471805599453,0.06387867287872372,0.4433779432634936,1,0
BK0505,East New York-City Line,Brooklyn,15.16,100,6.43,122,13.28,125,-1250389.7944,4.5734,1,1,0,1,0,2024-11-30,BK05,494.0,0.0,0.06596306068601583,0,0,Low,0,0,0.6931471805599453,0.06387867287872372,0.4433779432634936,1,0
BK0505,East New York-City Line,Brooklyn,15.16,100,6.43,122,13.28,125,-1250389.7944,4.5734,1,1,0,1,0,2024-12-31,BK05,458.0,0.0,0.06596306068601583,0,0,Low,0,0,0.6931471805599453,0.06387867287872372,0.4433779432634936,1,0
BK0202,Downtown Brooklyn-DUMBO-Boerum Hill,Brooklyn,13.93,120,6.26,131,14.49,102,-290621.2545,4.5585,3,2,1,2,1,2023-01-31,BK02,71.0,0.0,0.21536252692031588,0,1,High,1,1,1.3862943611198906,0.19504240835332962,0.44110421022111673,0,1
BK0202,Downtown Brooklyn-DUMBO-Boerum Hill,Brooklyn,13.93,120,6.26,131,14.49,102,-290621.2545,4.5585,3,2,1,2,1,2023-02-28,BK02,70.0,0.0,0.21536252692031588,0,1,High,1,1,1.3862943611198906,0.19504240835332962,0.44110421022111673,0,1
BK0202,Downtown Brooklyn-DUMBO-Boerum Hill,Brooklyn,13.93,120,6.26,131,14.49,102,-290621.2545,4.5585,3,2,1,2,1,2023-03-31,BK02,68.0,0.0,0.21536252692031588,0,1,High,1,1,1.3862943611198906,0.19504240835332962,0.44110421022111673,0,1
BK0202,Downtown Brooklyn-DUMBO-Boerum Hill,Brooklyn,13.93,120,6.26,131,14.49,102,-290621.2545,4.5585,3,2,1,2,1,2023-04-30,BK02,63.0,0.0,0.21536252692031588,0,1,High,1,1,1.3862943611198906,0.19504240835332962,0.44110421022111673,0,1
BK0202,Downtown Brooklyn-DUMBO-Boerum Hill,Brooklyn,13.93,120,6.26,131,14.49,102,-290621.2545,4.5585,3,2,1,2,1,2023-05-31,BK02,65.0,0.0,0.21536252692031588,0,1,High,1,1,1.3862943611198906,0.19504240835332962,0.44110421022111673,0,1
BK0202,Downtown Brooklyn-DUMBO-Boerum Hill,Brooklyn,13.93,120,6.26,131,14.49,102,-290621.2545,4.5585,3,2,1,2,1,2023-06-30,BK02,70.0,0.0,0.21536252692031588,0,1,High,1,1,1.3862943611198906,0.19504240835332962,0.44110421022111673,0,1
BK0202,Downtown Brooklyn-DUMBO-Boerum Hill,Brooklyn,13.93,120,6.26,131,14.49,102,-290621.2545,4.5585,3,2,1,2,1,2023-07-31,BK02,79.0,0.0,0.21536252692031588,0,1,High,1,1,1.3862943611198906,0.19504240835332962,0.44110421022111673,0,1
BK0202,Downtown Brooklyn-DUMBO-Boerum Hill,Brooklyn,13.93,120,6.26,131,14.49,102,-290621.2545,4.5585,3,2,1,2,1,2023-08-31,BK02,75.0,0.0,0.21536252692031588,0,1,High,1,1,1.3862943611198906,0.19504240835332962,0.44110421022111673,0,1
BK0202,Downtown Brooklyn-DUMBO-Boerum Hill,Brooklyn,13.93,120,6.26,131,14.49,102,-290621.2545,4.5585,3,2,1,2,1,2023-09-30,BK02,73.0,0.0,0.21536252692031588,0,1,High,1,1,1.3862943611198906,0.19504240835332962,0.44110421022111673,0,1
BK0202,Downtown Brooklyn-DUMBO-Boerum Hill,Brooklyn,13.93,120,6.26,131,14.49,102,-290621.2545,4.5585,3,2,1,2,1,2023-10-31,BK02,78.0,0.0,0.21536252692031588,0,1,High,1,1,1.3862943611198906,0.19504240835332962,0.44110421022111673,0,1
BK0202,Downtown Brooklyn-DUMBO-Boerum Hill,Brooklyn,13.93,120,6.26,131,14.49,102,-290621.2545,4.5585,3,2,1,2,1,2023-11-30,BK02,70.0,0.0,0.21536252692031588,0,1,High,1,1,1.3862943611198906,0.19504240835332962,0.44110421022111673,0,1
BK0202,Downtown Brooklyn-DUMBO-Boerum Hill,Brooklyn,13.93,120,6.26,131,14.49,102,-290621.2545,4.5585,3,2,1,2,1,2023-12-31,BK02,73.0,0.0,0.21536252692031588,0,1,High,1,1,1.3862943611198906,0.19504240835332962,0.44110421022111673,0,1
BK0202,Downtown Brooklyn-DUMBO-Boerum Hill,Brooklyn,13.93,120,6.26,131,14.49,102,-290621.2545,4.5585,3,2,1,2,1,2024-01-31,BK02,68.0,0.0,0.21536252692031588,0,1,High,1,1,1.3862943611198906,0.19504240835332962,0.44110421022111673,0,1
BK0202,Downtown Brooklyn-DUMBO-Boerum Hill,Brooklyn,13.93,120,6.26,131,14.49,102,-290621.2545,4.5585,3,2,1,2,1,2024-02-29,BK02,75.0,0.0,0.21536252692031588,0,1,High,1,1,1.3862943611198906,0.19504240835332962,0.44110421022111673,0,1
BK0202,Downtown Brooklyn-DUMBO-Boerum Hill,Brooklyn,13.93,120,6.26,131,14.49,102,-290621.2545,4.5585,3,2,1,2,1,2024-03-31,BK02,69.0,0.0,0.21536252692031588,0,1,High,1,1,1.3862943611198906,0.19504240835332962,0.44110421022111673,0,1
BK0202,Downtown Brooklyn-DUMBO-Boerum Hill,Brooklyn,13.93,120,6.26,131,14.49,102,-290621.2545,4.5585,3,2,1,2,1,2024-04-30,BK02,72.0,0.0,0.21536252692031588,0,1,High,1,1,1.3862943611198906,0.19504240835332962,0.44110421022111673,0,1
BK0202,Downtown Brooklyn-DUMBO-Boerum Hill,Brooklyn,13.93,120,6.26,131,14.49,102,-290621.2545,4.5585,3,2,1,2,1,2024-05-31,BK02,67.0,0.0,0.21536252692031588,0,1,High,1,1,1.3862943611198906,0.19504240835332962,0.44110421022111673,0,1
BK0202,Downtown Brooklyn-DUMBO-Boerum Hill,Brooklyn,13.93,120,6.26,131,14.49,102,-290621.2545,4.5585,3,2,1,2,1,2024-06-30,BK02,66.0,0.0,0.21536252692031588,0,1,High,1,1,1.3862943611198906,0.19504240835332962,0.44110421022111673,0,1
BK0202,Downtown Brooklyn-DUMBO-Boerum Hill,Brooklyn,13.93,120,6.26,131,14.49,102,-290621.2545,4.5585,3,2,1,2,1,2024-07-31,BK02,71.0,0.0,0.21536252692031588,0,1,High,1,1,1.3862943611198906,0.19504240835332962,0.44110421022111673,0,1
BK0202,Downtown Brooklyn-DUMBO-Boerum Hill,Brooklyn,13.93,120,6.26,131,14.49,102,-290621.2545,4.5585,3,2,1,2,1,2024-08-31,BK02,75.0,0.0,0.21536252692031588,0,1,High,1,1,1.3862943611198906,0.19504240835332962,0.44110421022111673,0,1
BK0202,Downtown Brooklyn-DUMBO-Boerum Hill,Brooklyn,13.93,120,6.26,131,14.49,102,-290621.2545,4.5585,3,2,1,2,1,2024-09-30,BK02,74.0,0.0,0.21536252692031588,0,1,High,1,1,1.3862943611198906,0.19504240835332962,0.44110421022111673,0,1
BK0202,Downtown Brooklyn-DUMBO-Boerum Hill,Brooklyn,13.93,120,6.26,131,14.49,102,-290621.2545,4.5585,3,2,1,2,1,2024-10-31,BK02,75.0,0.0,0.21536252692031588,0,1,High,1,1,1.3862943611198906,0.19504240835332962,0.44110421022111673,0,1
BK0202,Downtown Brooklyn-DUMBO-Boerum Hill,Brooklyn,13.93,120,6.26,131,14.49,102,-290621.2545,4.5585,3,2,1,2,1,2024-11-30,BK02,74.0,0.0,0.21536252692031588,0,1,High,1,1,1.3862943611198906,0.19504240835332962,0.44110421022111673,0,1
BK0202,Downtown Brooklyn-DUMBO-Boerum Hill,Brooklyn,13.93,120,6.26,131,14.49,102,-290621.2545,4.5585,3,2,1,2,1,2024-12-31,BK02,67.0,0.0,0.21536252692031588,0,1,High,1,1,1.3862943611198906,0.19504240835332962,0.44110421022111673,0,1
SI0106,Port Richmond,Staten Island,13.49,127,8.91,56,15.32,87,-858562.3008,4.5446,2,2,0,0,1,2023-01-31,SI01,129.0,0.0,0.14825796886582654,0,1,High,0,1,1.0986122886681098,0.13824598420911274,0.4389830767117852,0,1
SI0106,Port Richmond,Staten Island,13.49,127,8.91,56,15.32,87,-858562.3008,4.5446,2,2,0,0,1,2023-02-28,SI01,109.0,0.0,0.14825796886582654,0,1,High,0,1,1.0986122886681098,0.13824598420911274,0.4389830767117852,0,1
SI0106,Port Richmond,Staten Island,13.49,127,8.91,56,15.32,87,-858562.3008,4.5446,2,2,0,0,1,2023-03-31,SI01,135.0,0.0,0.14825796886582654,0,1,High,0,1,1.0986122886681098,0.13824598420911274,0.4389830767117852,0,1
SI0106,Port Richmond,Staten Island,13.49,127,8.91,56,15.32,87,-858562.3008,4.5446,2,2,0,0,1,2023-04-30,SI01,138.0,0.0,0.14825796886582654,0,1,High,0,1,1.0986122886681098,0.13824598420911274,0.4389830767117852,0,1
SI0106,Port Richmond,Staten Island,13.49,127,8.91,56,15.32,87,-858562.3008,4.5446,2,2,0,0,1,2023-05-31,SI01,143.0,0.0,0.14825796886582654,0,1,High,0,1,1.0986122886681098,0.13824598420911274,0.4389830767117852,0,1
SI0106,Port Richmond,Staten Island,13.49,127,8.91,56,15.32,87,-858562.3008,4.5446,2,2,0,0,1,2023-06-30,SI01,139.0,0.0,0.14825796886582654,0,1,High,0,1,1.0986122886681098,0.13824598420911274,0.4389830767117852,0,1
SI0106,Port Richmond,Staten Island,13.49,127,8.91,56,15.32,87,-858562.3008,4.5446,2,2,0,0,1,2023-07-31,SI01,143.0,0.0,0.14825796886582654,0,1,High,0,1,1.0986122886681098,0.13824598420911274,0.4389830767117852,0,1
SI0106,Port Richmond,Staten Island,13.49,127,8.91,56,15.32,87,-858562.3008,4.5446,2,2,0,0,1,2023-08-31,SI01,151.0,0.0,0.14825796886582654,0,1,High,0,1,1.0986122886681098,0.13824598420911274,0.4389830767117852,0,1
SI0106,Port Richmond,Staten Island,13.49,127,8.91,56,15.32,87,-858562.3008,4.5446,2,2,0,0,1,2023-09-30,SI01,132.0,0.0,0.14825796886582654,0,1,High,0,1,1.0986122886681098,0.13824598420911274,0.4389830767117852,0,1
SI0106,Port Richmond,Staten Island,13.49,127,8.91,56,15.32,87,-858562.3008,4.5446,2,2,0,0,1,2023-10-31,SI01,153.0,0.0,0.14825796886582654,0,1,High,0,1,1.0986122886681098,0.13824598420911274,0.4389830767117852,0,1
SI0106,Port Richmond,Staten Island,13.49,127,8.91,56,15.32,87,-858562.3008,4.5446,2,2,0,0,1,2023-11-30,SI01,150.0,0.0,0.14825796886582654,0,1,High,0,1,1.0986122886681098,0.13824598420911274,0.4389830767117852,0,1
SI0106,Port Richmond,Staten Island,13.49,127,8.91,56,15.32,87,-858562.3008,4.5446,2,2,0,0,1,2023-12-31,SI01,213.0,0.0,0.14825796886582654,0,1,High,0,1,1.0986122886681098,0.13824598420911274,0.4389830767117852,0,1
SI0106,Port Richmond,Staten Island,13.49,127,8.91,56,15.32,87,-858562.3008,4.5446,2,2,0,0,1,2024-01-31,SI01,238.0,0.0,0.14825796886582654,0,1,High,0,1,1.0986122886681098,0.13824598420911274,0.4389830767117852,0,1
SI0106,Port Richmond,Staten Island,13.49,127,8.91,56,15.32,87,-858562.3008,4.5446,2,2,0,0,1,2024-02-29,SI01,285.0,0.0,0.14825796886582654,0,1,High,0,1,1.0986122886681098,0.13824598420911274,0.4389830767117852,0,1
SI0106,Port Richmond,Staten Island,13.49,127,8.91,56,15.32,87,-858562.3008,4.5446,2,2,0,0,1,2024-03-31,SI01,286.0,0.0,0.14825796886582654,0,1,High,0,1,1.0986122886681098,0.13824598420911274,0.4389830767117852,0,1
SI0106,Port Richmond,Staten Island,13.49,127,8.91,56,15.32,87,-858562.3008,4.5446,2,2,0,0,1,2024-04-30,SI01,316.0,0.0,0.14825796886582654,0,1,High,0,1,1.0986122886681098,0.13824598420911274,0.4389830767117852,0,1
SI0106,Port Richmond,Staten Island,13.49,127,8.91,56,15.32,87,-858562.3008,4.5446,2,2,0,0,1,2024-05-31,SI01,327.0,0.0,0.14825796886582654,0,1,High,0,1,1.0986122886681098,0.13824598420911274,0.4389830767117852,0,1
SI0106,Port Richmond,Staten Island,13.49,127,8.91,56,15.32,87,-858562.3008,4.5446,2,2,0,0,1,2024-06-30,SI01,339.0,0.0,0.14825796886582654,0,1,High,0,1,1.0986122886681098,0.13824598420911274,0.4389830767117852,0,1
SI0106,Port Richmond,Staten Island,13.49,127,8.91,56,15.32,87,-858562.3008,4.5446,2,2,0,0,1,2024-07-31,SI01,390.0,0.0,0.14825796886582654,0,1,High,0,1,1.0986122886681098,0.13824598420911274,0.4389830767117852,0,1
SI0106,Port Richmond,Staten Island,13.49,127,8.91,56,15.32,87,-858562.3008,4.5446,2,2,0,0,1,2024-08-31,SI01,443.0,0.0,0.14825796886582654,0,1,High,0,1,1.0986122886681098,0.13824598420911274,0.4389830767117852,0,1
SI0106,Port Richmond,Staten Island,13.49,127,8.91,56,15.32,87,-858562.3008,4.5446,2,2,0,0,1,2024-09-30,SI01,491.0,0.0,0.14825796886582654,0,1,High,0,1,1.0986122886681098,0.13824598420911274,0.4389830767117852,0,1
SI0106,Port Richmond,Staten Island,13.49,127,8.91,56,15.32,87,-858562.3008,4.5446,2,2,0,0,1,2024-10-31,SI01,552.0,0.0,0.14825796886582654,0,1,High,0,1,1.0986122886681098,0.13824598420911274,0.4389830767117852,0,1
SI0106,Port Richmond,Staten Island,13.49,127,8.91,56,15.32,87,-858562.3008,4.5446,2,2,0,0,1,2024-11-30,SI01,552.0,0.0,0.14825796886582654,0,1,High,0,1,1.0986122886681098,0.13824598420911274,0.4389830767117852,0,1
SI0106,Port Richmond,Staten Island,13.49,127,8.91,56,15.32,87,-858562.3008,4.5446,2,2,0,0,1,2024-12-31,SI01,532.0,0.0,0.14825796886582654,0,1,High,0,1,1.0986122886681098,0.13824598420911274,0.4389830767117852,0,1
BK1301,Gravesend (South),Brooklyn,24.25,29,9.06,50,17.83,51,-820212.2393,4.4826,1,1,0,1,1,2023-01-31,BK13,463.0,0.0,0.041237113402061855,0,0,Low,0,1,0.6931471805599453,0.04040953833787663,0.4295219056629686,1,0
BK1301,Gravesend (South),Brooklyn,24.25,29,9.06,50,17.83,51,-820212.2393,4.4826,1,1,0,1,1,2023-02-28,BK13,436.0,0.0,0.041237113402061855,0,0,Low,0,1,0.6931471805599453,0.04040953833787663,0.4295219056629686,1,0
BK1301,Gravesend (South),Brooklyn,24.25,29,9.06,50,17.83,51,-820212.2393,4.4826,1,1,0,1,1,2023-03-31,BK13,454.0,0.0,0.041237113402061855,0,0,Low,0,1,0.6931471805599453,0.04040953833787663,0.4295219056629686,1,0
BK1301,Gravesend (South),Brooklyn,24.25,29,9.06,50,17.83,51,-820212.2393,4.4826,1,1,0,1,1,2023-04-30,BK13,461.0,0.0,0.041237113402061855,0,0,Low,0,1,0.6931471805599453,0.04040953833787663,0.4295219056629686,1,0
BK1301,Gravesend (South),Brooklyn,24.25,29,9.06,50,17.83,51,-820212.2393,4.4826,1,1,0,1,1,2023-05-31,BK13,456.0,0.0,0.041237113402061855,0,0,Low,0,1,0.6931471805599453,0.04040953833787663,0.4295219056629686,1,0
BK1301,Gravesend (South),Brooklyn,24.25,29,9.06,50,17.83,51,-820212.2393,4.4826,1,1,0,1,1,2023-06-30,BK13,458.0,0.0,0.041237113402061855,0,0,Low,0,1,0.6931471805599453,0.04040953833787663,0.4295219056629686,1,0
BK1301,Gravesend (South),Brooklyn,24.25,29,9.06,50,17.83,51,-820212.2393,4.4826,1,1,0,1,1,2023-07-31,BK13,457.0,0.0,0.041237113402061855,0,0,Low,0,1,0.6931471805599453,0.04040953833787663,0.4295219056629686,1,0
BK1301,Gravesend (South),Brooklyn,24.25,29,9.06,50,17.83,51,-820212.2393,4.4826,1,1,0,1,1,2023-08-31,BK13,452.0,0.0,0.041237113402061855,0,0,Low,0,1,0.6931471805599453,0.04040953833787663,0.4295219056629686,1,0
BK1301,Gravesend (South),Brooklyn,24.25,29,9.06,50,17.83,51,-820212.2393,4.4826,1,1,0,1,1,2023-09-30,BK13,459.0,0.0,0.041237113402061855,0,0,Low,0,1,0.6931471805599453,0.04040953833787663,0.4295219056629686,1,0
BK1301,Gravesend (South),Brooklyn,24.25,29,9.06,50,17.83,51,-820212.2393,4.4826,1,1,0,1,1,2023-10-31,BK13,447.0,0.0,0.041237113402061855,0,0,Low,0,1,0.6931471805599453,0.04040953833787663,0.4295219056629686,1,0
BK1301,Gravesend (South),Brooklyn,24.25,29,9.06,50,17.83,51,-820212.2393,4.4826,1,1,0,1,1,2023-11-30,BK13,439.0,0.0,0.041237113402061855,0,0,Low,0,1,0.6931471805599453,0.04040953833787663,0.4295219056629686,1,0
BK1301,Gravesend (South),Brooklyn,24.25,29,9.06,50,17.83,51,-820212.2393,4.4826,1,1,0,1,1,2023-12-31,BK13,442.0,0.0,0.041237113402061855,0,0,Low,0,1,0.6931471805599453,0.04040953833787663,0.4295219056629686,1,0
BK1301,Gravesend (South),Brooklyn,24.25,29,9.06,50,17.83,51,-820212.2393,4.4826,1,1,0,1,1,2024-01-31,BK13,430.0,0.0,0.041237113402061855,0,0,Low,0,1,0.6931471805599453,0.04040953833787663,0.4295219056629686,1,0
BK1301,Gravesend (South),Brooklyn,24.25,29,9.06,50,17.83,51,-820212.2393,4.4826,1,1,0,1,1,2024-02-29,BK13,429.0,0.0,0.041237113402061855,0,0,Low,0,1,0.6931471805599453,0.04040953833787663,0.4295219056629686,1,0
BK1301,Gravesend (South),Brooklyn,24.25,29,9.06,50,17.83,51,-820212.2393,4.4826,1,1,0,1,1,2024-03-31,BK13,405.0,0.0,0.041237113402061855,0,0,Low,0,1,0.6931471805599453,0.04040953833787663,0.4295219056629686,1,0
BK1301,Gravesend (South),Brooklyn,24.25,29,9.06,50,17.83,51,-820212.2393,4.4826,1,1,0,1,1,2024-04-30,BK13,396.0,0.0,0.041237113402061855,0,0,Low,0,1,0.6931471805599453,0.04040953833787663,0.4295219056629686,1,0
BK1301,Gravesend (South),Brooklyn,24.25,29,9.06,50,17.83,51,-820212.2393,4.4826,1,1,0,1,1,2024-05-31,BK13,365.0,0.0,0.041237113402061855,0,0,Low,0,1,0.6931471805599453,0.04040953833787663,0.4295219056629686,1,0
BK1301,Gravesend (South),Brooklyn,24.25,29,9.06,50,17.83,51,-820212.2393,4.4826,1,1,0,1,1,2024-06-30,BK13,377.0,0.0,0.041237113402061855,0,0,Low,0,1,0.6931471805599453,0.04040953833787663,0.4295219056629686,1,0
BK1301,Gravesend (South),Brooklyn,24.25,29,9.06,50,17.83,51,-820212.2393,4.4826,1,1,0,1,1,2024-07-31,BK13,363.0,0.0,0.041237113402061855,0,0,Low,0,1,0.6931471805599453,0.04040953833787663,0.4295219056629686,1,0
BK1301,Gravesend (South),Brooklyn,24.25,29,9.06,50,17.83,51,-820212.2393,4.4826,1,1,0,1,1,2024-08-31,BK13,363.0,0.0,0.041237113402061855,0,0,Low,0,1,0.6931471805599453,0.04040953833787663,0.4295219056629686,1,0
BK1301,Gravesend (South),Brooklyn,24.25,29,9.06,50,17.83,51,-820212.2393,4.4826,1,1,0,1,1,2024-09-30,BK13,407.0,0.0,0.041237113402061855,0,0,Low,0,1,0.6931471805599453,0.04040953833787663,0.4295219056629686,1,0
BK1301,Gravesend (South),Brooklyn,24.25,29,9.06,50,17.83,51,-820212.2393,4.4826,1,1,0,1,1,2024-10-31,BK13,424.0,0.0,0.041237113402061855,0,0,Low,0,1,0.6931471805599453,0.04040953833787663,0.4295219056629686,1,0
BK1301,Gravesend (South),Brooklyn,24.25,29,9.06,50,17.83,51,-820212.2393,4.4826,1,1,0,1,1,2024-11-30,BK13,411.0,0.0,0.041237113402061855,0,0,Low,0,1,0.6931471805599453,0.04040953833787663,0.4295219056629686,1,0
BK1301,Gravesend (South),Brooklyn,24.25,29,9.06,50,17.83,51,-820212.2393,4.4826,1,1,0,1,1,2024-12-31,BK13,417.0,0.0,0.041237113402061855,0,0,Low,0,1,0.6931471805599453,0.04040953833787663,0.4295219056629686,1,0
MN0101,Financial District-Battery Park City,Manhattan,10.99,160,2.96,195,10.68,171,72142.5598,4.482,0,0,0,0,0,2023-01-31,MN01,0.0,0.0,0.0,0,0,Low,0,0,0.0,0.0,0.4294303459431414,1,0
MN0101,Financial District-Battery Park City,Manhattan,10.99,160,2.96,195,10.68,171,72142.5598,4.482,0,0,0,0,0,2023-02-28,MN01,0.0,0.0,0.0,0,0,Low,0,0,0.0,0.0,0.4294303459431414,1,0
MN0101,Financial District-Battery Park City,Manhattan,10.99,160,2.96,195,10.68,171,72142.5598,4.482,0,0,0,0,0,2023-03-31,MN01,0.0,0.0,0.0,0,0,Low,0,0,0.0,0.0,0.4294303459431414,1,0
MN0101,Financial District-Battery Park City,Manhattan,10.99,160,2.96,195,10.68,171,72142.5598,4.482,0,0,0,0,0,2023-04-30,MN01,0.0,0.0,0.0,0,0,Low,0,0,0.0,0.0,0.4294303459431414,1,0
MN0101,Financial District-Battery Park City,Manhattan,10.99,160,2.96,195,10.68,171,72142.5598,4.482,0,0,0,0,0,2023-05-31,MN01,0.0,0.0,0.0,0,0,Low,0,0,0.0,0.0,0.4294303459431414,1,0
MN0101,Financial District-Battery Park City,Manhattan,10.99,160,2.96,195,10.68,171,72142.5598,4.482,0,0,0,0,0,2023-06-30,MN01,0.0,0.0,0.0,0,0,Low,0,0,0.0,0.0,0.4294303459431414,1,0
MN0101,Financial District-Battery Park City,Manhattan,10.99,160,2.96,195,10.68,171,72142.5598,4.482,0,0,0,0,0,2023-07-31,MN01,0.0,0.0,0.0,0,0,Low,0,0,0.0,0.0,0.4294303459431414,1,0
MN0101,Financial District-Battery Park City,Manhattan,10.99,160,2.96,195,10.68,171,72142.5598,4.482,0,0,0,0,0,2023-08-31,MN01,0.0,0.0,0.0,0,0,Low,0,0,0.0,0.0,0.4294303459431414,1,0
MN0101,Financial District-Battery Park City,Manhattan,10.99,160,2.96,195,10.68,171,72142.5598,4.482,0,0,0,0,0,2023-09-30,MN01,0.0,0.0,0.0,0,0,Low,0,0,0.0,0.0,0.4294303459431414,1,0
MN0101,Financial District-Battery Park City,Manhattan,10.99,160,2.96,195,10.68,171,72142.5598,4.482,0,0,0,0,0,2023-10-31,MN01,0.0,0.0,0.0,0,0,Low,0,0,0.0,0.0,0.4294303459431414,1,0
MN0101,Financial District-Battery Park City,Manhattan,10.99,160,2.96,195,10.68,171,72142.5598,4.482,0,0,0,0,0,2023-11-30,MN01,0.0,0.0,0.0,0,0,Low,0,0,0.0,0.0,0.4294303459431414,1,0
MN0101,Financial District-Battery Park City,Manhattan,10.99,160,2.96,195,10.68,171,72142.5598,4.482,0,0,0,0,0,2023-12-31,MN01,0.0,0.0,0.0,0,0,Low,0,0,0.0,0.0,0.4294303459431414,1,0
MN0101,Financial District-Battery Park City,Manhattan,10.99,160,2.96,195,10.68,171,72142.5598,4.482,0,0,0,0,0,2024-01-31,MN01,0.0,0.0,0.0,0,0,Low,0,0,0.0,0.0,0.4294303459431414,1,0
MN0101,Financial District-Battery Park City,Manhattan,10.99,160,2.96,195,10.68,171,72142.5598,4.482,0,0,0,0,0,2024-02-29,MN01,0.0,0.0,0.0,0,0,Low,0,0,0.0,0.0,0.4294303459431414,1,0
MN0101,Financial District-Battery Park City,Manhattan,10.99,160,2.96,195,10.68,171,72142.5598,4.482,0,0,0,0,0,2024-03-31,MN01,0.0,0.0,0.0,0,0,Low,0,0,0.0,0.0,0.4294303459431414,1,0
MN0101,Financial District-Battery Park City,Manhattan,10.99,160,2.96,195,10.68,171,72142.5598,4.482,0,0,0,0,0,2024-04-30,MN01,0.0,0.0,0.0,0,0,Low,0,0,0.0,0.0,0.4294303459431414,1,0
MN0101,Financial District-Battery Park City,Manhattan,10.99,160,2.96,195,10.68,171,72142.5598,4.482,0,0,0,0,0,2024-05-31,MN01,0.0,0.0,0.0,0,0,Low,0,0,0.0,0.0,0.4294303459431414,1,0
MN0101,Financial District-Battery Park City,Manhattan,10.99,160,2.96,195,10.68,171,72142.5598,4.482,0,0,0,0,0,2024-06-30,MN01,0.0,0.0,0.0,0,0,Low,0,0,0.0,0.0,0.4294303459431414,1,0
MN0101,Financial District-Battery Park City,Manhattan,10.99,160,2.96,195,10.68,171,72142.5598,4.482,0,0,0,0,0,2024-07-31,MN01,0.0,0.0,0.0,0,0,Low,0,0,0.0,0.0,0.4294303459431414,1,0
MN0101,Financial District-Battery Park City,Manhattan,10.99,160,2.96,195,10.68,171,72142.5598,4.482,0,0,0,0,0,2024-08-31,MN01,0.0,0.0,0.0,0,0,Low,0,0,0.0,0.0,0.4294303459431414,1,0
MN0101,Financial District-Battery Park City,Manhattan,10.99,160,2.96,195,10.68,171,72142.5598,4.482,0,0,0,0,0,2024-09-30,MN01,0.0,0.0,0.0,0,0,Low,0,0,0.0,0.0,0.4294303459431414,1,0
MN0101,Financial District-Battery Park City,Manhattan,10.99,160,2.96,195,10.68,171,72142.5598,4.482,0,0,0,0,0,2024-10-31,MN01,0.0,0.0,0.0,0,0,Low,0,0,0.0,0.0,0.4294303459431414,1,0
MN0101,Financial District-Battery Park City,Manhattan,10.99,160,2.96,195,10.68,171,72142.5598,4.482,0,0,0,0,0,2024-11-30,MN01,0.0,0.0,0.0,0,0,Low,0,0,0.0,0.0,0.4294303459431414,1,0
MN0101,Financial District-Battery Park City,Manhattan,10.99,160,2.96,195,10.68,171,72142.5598,4.482,0,0,0,0,0,2024-12-31,MN01,0.0,0.0,0.0,0,0,Low,0,0,0.0,0.0,0.4294303459431414,1,0
QN1204,Springfield Gardens (North)-Rochdale Village,Queens,7.03,193,6.93,109,9.7,183,-1249890.6689,4.4723,3,3,0,1,2,2023-01-31,QN12,1410.0,1.0,0.4267425320056899,0,1,High,0,1,1.3862943611198906,0.35539389615127065,0.42795013047260066,0,1
QN1204,Springfield Gardens (North)-Rochdale Village,Queens,7.03,193,6.93,109,9.7,183,-1249890.6689,4.4723,3,3,0,1,2,2023-02-28,QN12,1421.0,1.0,0.4267425320056899,0,1,High,0,1,1.3862943611198906,0.35539389615127065,0.42795013047260066,0,1
QN1204,Springfield Gardens (North)-Rochdale Village,Queens,7.03,193,6.93,109,9.7,183,-1249890.6689,4.4723,3,3,0,1,2,2023-03-31,QN12,1354.0,1.0,0.4267425320056899,0,1,High,0,1,1.3862943611198906,0.35539389615127065,0.42795013047260066,0,1
QN1204,Springfield Gardens (North)-Rochdale Village,Queens,7.03,193,6.93,109,9.7,183,-1249890.6689,4.4723,3,3,0,1,2,2023-04-30,QN12,1405.0,1.0,0.4267425320056899,0,1,High,0,1,1.3862943611198906,0.35539389615127065,0.42795013047260066,0,1
QN1204,Springfield Gardens (North)-Rochdale Village,Queens,7.03,193,6.93,109,9.7,183,-1249890.6689,4.4723,3,3,0,1,2,2023-05-31,QN12,1421.0,1.0,0.4267425320056899,0,1,High,0,1,1.3862943611198906,0.35539389615127065,0.42795013047260066,0,1
QN1204,Springfield Gardens (North)-Rochdale Village,Queens,7.03,193,6.93,109,9.7,183,-1249890.6689,4.4723,3,3,0,1,2,2023-06-30,QN12,1439.0,1.0,0.4267425320056899,0,1,High,0,1,1.3862943611198906,0.35539389615127065,0.42795013047260066,0,1
QN1204,Springfield Gardens (North)-Rochdale Village,Queens,7.03,193,6.93,109,9.7,183,-1249890.6689,4.4723,3,3,0,1,2,2023-07-31,QN12,1384.0,1.0,0.4267425320056899,0,1,High,0,1,1.3862943611198906,0.35539389615127065,0.42795013047260066,0,1
QN1204,Springfield Gardens (North)-Rochdale Village,Queens,7.03,193,6.93,109,9.7,183,-1249890.6689,4.4723,3,3,0,1,2,2023-08-31,QN12,1414.0,1.0,0.4267425320056899,0,1,High,0,1,1.3862943611198906,0.35539389615127065,0.42795013047260066,0,1
QN1204,Springfield Gardens (North)-Rochdale Village,Queens,7.03,193,6.93,109,9.7,183,-1249890.6689,4.4723,3,3,0,1,2,2023-09-30,QN12,1390.0,1.0,0.4267425320056899,0,1,High,0,1,1.3862943611198906,0.35539389615127065,0.42795013047260066,0,1
QN1204,Springfield Gardens (North)-Rochdale Village,Queens,7.03,193,6.93,109,9.7,183,-1249890.6689,4.4723,3,3,0,1,2,2023-10-31,QN12,1422.0,1.0,0.4267425320056899,0,1,High,0,1,1.3862943611198906,0.35539389615127065,0.42795013047260066,0,1
QN1204,Springfield Gardens (North)-Rochdale Village,Queens,7.03,193,6.93,109,9.7,183,-1249890.6689,4.4723,3,3,0,1,2,2023-11-30,QN12,1523.0,1.0,0.4267425320056899,0,1,High,0,1,1.3862943611198906,0.35539389615127065,0.42795013047260066,0,1
QN1204,Springfield Gardens (North)-Rochdale Village,Queens,7.03,193,6.93,109,9.7,183,-1249890.6689,4.4723,3,3,0,1,2,2023-12-31,QN12,2019.0,1.0,0.4267425320056899,0,1,High,0,1,1.3862943611198906,0.35539389615127065,0.42795013047260066,0,1
QN1204,Springfield Gardens (North)-Rochdale Village,Queens,7.03,193,6.93,109,9.7,183,-1249890.6689,4.4723,3,3,0,1,2,2024-01-31,QN12,2285.0,1.0,0.4267425320056899,0,1,High,0,1,1.3862943611198906,0.35539389615127065,0.42795013047260066,0,1
QN1204,Springfield Gardens (North)-Rochdale Village,Queens,7.03,193,6.93,109,9.7,183,-1249890.6689,4.4723,3,3,0,1,2,2024-02-29,QN12,2246.0,1.0,0.4267425320056899,0,1,High,0,1,1.3862943611198906,0.35539389615127065,0.42795013047260066,0,1
QN1204,Springfield Gardens (North)-Rochdale Village,Queens,7.03,193,6.93,109,9.7,183,-1249890.6689,4.4723,3,3,0,1,2,2024-03-31,QN12,2245.0,1.0,0.4267425320056899,0,1,High,0,1,1.3862943611198906,0.35539389615127065,0.42795013047260066,0,1
QN1204,Springfield Gardens (North)-Rochdale Village,Queens,7.03,193,6.93,109,9.7,183,-1249890.6689,4.4723,3,3,0,1,2,2024-04-30,QN12,2199.0,1.0,0.4267425320056899,0,1,High,0,1,1.3862943611198906,0.35539389615127065,0.42795013047260066,0,1
QN1204,Springfield Gardens (North)-Rochdale Village,Queens,7.03,193,6.93,109,9.7,183,-1249890.6689,4.4723,3,3,0,1,2,2024-05-31,QN12,2149.0,1.0,0.4267425320056899,0,1,High,0,1,1.3862943611198906,0.35539389615127065,0.42795013047260066,0,1
QN1204,Springfield Gardens (North)-Rochdale Village,Queens,7.03,193,6.93,109,9.7,183,-1249890.6689,4.4723,3,3,0,1,2,2024-06-30,QN12,1333.0,1.0,0.4267425320056899,0,1,High,0,1,1.3862943611198906,0.35539389615127065,0.42795013047260066,0,1
QN1204,Springfield Gardens (North)-Rochdale Village,Queens,7.03,193,6.93,109,9.7,183,-1249890.6689,4.4723,3,3,0,1,2,2024-07-31,QN12,1348.0,1.0,0.4267425320056899,0,1,High,0,1,1.3862943611198906,0.35539389615127065,0.42795013047260066,0,1
QN1204,Springfield Gardens (North)-Rochdale Village,Queens,7.03,193,6.93,109,9.7,183,-1249890.6689,4.4723,3,3,0,1,2,2024-08-31,QN12,1403.0,1.0,0.4267425320056899,0,1,High,0,1,1.3862943611198906,0.35539389615127065,0.42795013047260066,0,1
QN1204,Springfield Gardens (North)-Rochdale Village,Queens,7.03,193,6.93,109,9.7,183,-1249890.6689,4.4723,3,3,0,1,2,2024-09-30,QN12,1389.0,1.0,0.4267425320056899,0,1,High,0,1,1.3862943611198906,0.35539389615127065,0.42795013047260066,0,1
QN1204,Springfield Gardens (North)-Rochdale Village,Queens,7.03,193,6.93,109,9.7,183,-1249890.6689,4.4723,3,3,0,1,2,2024-10-31,QN12,1377.0,1.0,0.4267425320056899,0,1,High,0,1,1.3862943611198906,0.35539389615127065,0.42795013047260066,0,1
QN1204,Springfield Gardens (North)-Rochdale Village,Queens,7.03,193,6.93,109,9.7,183,-1249890.6689,4.4723,3,3,0,1,2,2024-11-30,QN12,1396.0,1.0,0.4267425320056899,0,1,High,0,1,1.3862943611198906,0.35539389615127065,0.42795013047260066,0,1
QN1204,Springfield Gardens (North)-Rochdale Village,Queens,7.03,193,6.93,109,9.7,183,-1249890.6689,4.4723,3,3,0,1,2,2024-12-31,QN12,1368.0,1.0,0.4267425320056899,0,1,High,0,1,1.3862943611198906,0.35539389615127065,0.42795013047260066,0,1
BK0502,East New York (North),Brooklyn,15.79,91,9.91,35,13.82,114,-1871331.6074,4.3831,12,10,2,9,3,2023-01-31,BK05,551.0,0.0,0.759974667511083,0,1,High,1,1,2.5649493574615367,0.5652994154868617,0.41433825212494846,0,1
BK0502,East New York (North),Brooklyn,15.79,91,9.91,35,13.82,114,-1871331.6074,4.3831,12,10,2,9,3,2023-02-28,BK05,531.0,0.0,0.759974667511083,0,1,High,1,1,2.5649493574615367,0.5652994154868617,0.41433825212494846,0,1
BK0502,East New York (North),Brooklyn,15.79,91,9.91,35,13.82,114,-1871331.6074,4.3831,12,10,2,9,3,2023-03-31,BK05,527.0,0.0,0.759974667511083,0,1,High,1,1,2.5649493574615367,0.5652994154868617,0.41433825212494846,0,1
BK0502,East New York (North),Brooklyn,15.79,91,9.91,35,13.82,114,-1871331.6074,4.3831,12,10,2,9,3,2023-04-30,BK05,515.0,0.0,0.759974667511083,0,1,High,1,1,2.5649493574615367,0.5652994154868617,0.41433825212494846,0,1
BK0502,East New York (North),Brooklyn,15.79,91,9.91,35,13.82,114,-1871331.6074,4.3831,12,10,2,9,3,2023-05-31,BK05,503.0,0.0,0.759974667511083,0,1,High,1,1,2.5649493574615367,0.5652994154868617,0.41433825212494846,0,1
BK0502,East New York (North),Brooklyn,15.79,91,9.91,35,13.82,114,-1871331.6074,4.3831,12,10,2,9,3,2023-06-30,BK05,572.0,0.0,0.759974667511083,0,1,High,1,1,2.5649493574615367,0.5652994154868617,0.41433825212494846,0,1
BK0502,East New York (North),Brooklyn,15.79,91,9.91,35,13.82,114,-1871331.6074,4.3831,12,10,2,9,3,2023-07-31,BK05,557.0,0.0,0.759974667511083,0,1,High,1,1,2.5649493574615367,0.5652994154868617,0.41433825212494846,0,1
BK0502,East New York (North),Brooklyn,15.79,91,9.91,35,13.82,114,-1871331.6074,4.3831,12,10,2,9,3,2023-08-31,BK05,554.0,0.0,0.759974667511083,0,1,High,1,1,2.5649493574615367,0.5652994154868617,0.41433825212494846,0,1
BK0502,East New York (North),Brooklyn,15.79,91,9.91,35,13.82,114,-1871331.6074,4.3831,12,10,2,9,3,2023-09-30,BK05,553.0,0.0,0.759974667511083,0,1,High,1,1,2.5649493574615367,0.5652994154868617,0.41433825212494846,0,1
BK0502,East New York (North),Brooklyn,15.79,91,9.91,35,13.82,114,-1871331.6074,4.3831,12,10,2,9,3,2023-10-31,BK05,545.0,0.0,0.759974667511083,0,1,High,1,1,2.5649493574615367,0.5652994154868617,0.41433825212494846,0,1
BK0502,East New York (North),Brooklyn,15.79,91,9.91,35,13.82,114,-1871331.6074,4.3831,12,10,2,9,3,2023-11-30,BK05,544.0,0.0,0.759974667511083,0,1,High,1,1,2.5649493574615367,0.5652994154868617,0.41433825212494846,0,1
BK0502,East New York (North),Brooklyn,15.79,91,9.91,35,13.82,114,-1871331.6074,4.3831,12,10,2,9,3,2023-12-31,BK05,518.0,0.0,0.759974667511083,0,1,High,1,1,2.5649493574615367,0.5652994154868617,0.41433825212494846,0,1
BK0502,East New York (North),Brooklyn,15.79,91,9.91,35,13.82,114,-1871331.6074,4.3831,12,10,2,9,3,2024-01-31,BK05,537.0,0.0,0.759974667511083,0,1,High,1,1,2.5649493574615367,0.5652994154868617,0.41433825212494846,0,1
BK0502,East New York (North),Brooklyn,15.79,91,9.91,35,13.82,114,-1871331.6074,4.3831,12,10,2,9,3,2024-02-29,BK05,522.0,0.0,0.759974667511083,0,1,High,1,1,2.5649493574615367,0.5652994154868617,0.41433825212494846,0,1
BK0502,East New York (North),Brooklyn,15.79,91,9.91,35,13.82,114,-1871331.6074,4.3831,12,10,2,9,3,2024-03-31,BK05,516.0,0.0,0.759974667511083,0,1,High,1,1,2.5649493574615367,0.5652994154868617,0.41433825212494846,0,1
BK0502,East New York (North),Brooklyn,15.79,91,9.91,35,13.82,114,-1871331.6074,4.3831,12,10,2,9,3,2024-04-30,BK05,513.0,0.0,0.759974667511083,0,1,High,1,1,2.5649493574615367,0.5652994154868617,0.41433825212494846,0,1
BK0502,East New York (North),Brooklyn,15.79,91,9.91,35,13.82,114,-1871331.6074,4.3831,12,10,2,9,3,2024-05-31,BK05,473.0,0.0,0.759974667511083,0,1,High,1,1,2.5649493574615367,0.5652994154868617,0.41433825212494846,0,1
BK0502,East New York (North),Brooklyn,15.79,91,9.91,35,13.82,114,-1871331.6074,4.3831,12,10,2,9,3,2024-06-30,BK05,501.0,0.0,0.759974667511083,0,1,High,1,1,2.5649493574615367,0.5652994154868617,0.41433825212494846,0,1
BK0502,East New York (North),Brooklyn,15.79,91,9.91,35,13.82,114,-1871331.6074,4.3831,12,10,2,9,3,2024-07-31,BK05,516.0,0.0,0.759974667511083,0,1,High,1,1,2.5649493574615367,0.5652994154868617,0.41433825212494846,0,1
BK0502,East New York (North),Brooklyn,15.79,91,9.91,35,13.82,114,-1871331.6074,4.3831,12,10,2,9,3,2024-08-31,BK05,524.0,0.0,0.759974667511083,0,1,High,1,1,2.5649493574615367,0.5652994154868617,0.41433825212494846,0,1
BK0502,East New York (North),Brooklyn,15.79,91,9.91,35,13.82,114,-1871331.6074,4.3831,12,10,2,9,3,2024-09-30,BK05,504.0,0.0,0.759974667511083,0,1,High,1,1,2.5649493574615367,0.5652994154868617,0.41433825212494846,0,1
BK0502,East New York (North),Brooklyn,15.79,91,9.91,35,13.82,114,-1871331.6074,4.3831,12,10,2,9,3,2024-10-31,BK05,513.0,0.0,0.759974667511083,0,1,High,1,1,2.5649493574615367,0.5652994154868617,0.41433825212494846,0,1
BK0502,East New York (North),Brooklyn,15.79,91,9.91,35,13.82,114,-1871331.6074,4.3831,12,10,2,9,3,2024-11-30,BK05,494.0,0.0,0.759974667511083,0,1,High,1,1,2.5649493574615367,0.5652994154868617,0.41433825212494846,0,1
BK0502,East New York (North),Brooklyn,15.79,91,9.91,35,13.82,114,-1871331.6074,4.3831,12,10,2,9,3,2024-12-31,BK05,458.0,0.0,0.759974667511083,0,1,High,1,1,2.5649493574615367,0.5652994154868617,0.41433825212494846,0,1
BX0102,Melrose,Bronx,22.73,35,11.32,25,13.81,115,-2061895.0682,4.3791,7,6,1,6,2,2023-01-31,BX01,1122.0,1.0,0.3079630444346678,0,1,High,1,1,2.0794415416798357,0.26847099914555445,0.4137278539927668,0,1
BX0102,Melrose,Bronx,22.73,35,11.32,25,13.81,115,-2061895.0682,4.3791,7,6,1,6,2,2023-02-28,BX01,1136.0,1.0,0.3079630444346678,0,1,High,1,1,2.0794415416798357,0.26847099914555445,0.4137278539927668,0,1
BX0102,Melrose,Bronx,22.73,35,11.32,25,13.81,115,-2061895.0682,4.3791,7,6,1,6,2,2023-03-31,BX01,1119.0,1.0,0.3079630444346678,0,1,High,1,1,2.0794415416798357,0.26847099914555445,0.4137278539927668,0,1
BX0102,Melrose,Bronx,22.73,35,11.32,25,13.81,115,-2061895.0682,4.3791,7,6,1,6,2,2023-04-30,BX01,1104.0,1.0,0.3079630444346678,0,1,High,1,1,2.0794415416798357,0.26847099914555445,0.4137278539927668,0,1
BX0102,Melrose,Bronx,22.73,35,11.32,25,13.81,115,-2061895.0682,4.3791,7,6,1,6,2,2023-05-31,BX01,1112.0,1.0,0.3079630444346678,0,1,High,1,1,2.0794415416798357,0.26847099914555445,0.4137278539927668,0,1
BX0102,Melrose,Bronx,22.73,35,11.32,25,13.81,115,-2061895.0682,4.3791,7,6,1,6,2,2023-06-30,BX01,1092.0,1.0,0.3079630444346678,0,1,High,1,1,2.0794415416798357,0.26847099914555445,0.4137278539927668,0,1
BX0102,Melrose,Bronx,22.73,35,11.32,25,13.81,115,-2061895.0682,4.3791,7,6,1,6,2,2023-07-31,BX01,1161.0,1.0,0.3079630444346678,0,1,High,1,1,2.0794415416798357,0.26847099914555445,0.4137278539927668,0,1
BX0102,Melrose,Bronx,22.73,35,11.32,25,13.81,115,-2061895.0682,4.3791,7,6,1,6,2,2023-08-31,BX01,1257.0,1.0,0.3079630444346678,0,1,High,1,1,2.0794415416798357,0.26847099914555445,0.4137278539927668,0,1
BX0102,Melrose,Bronx,22.73,35,11.32,25,13.81,115,-2061895.0682,4.3791,7,6,1,6,2,2023-09-30,BX01,1271.0,1.0,0.3079630444346678,0,1,High,1,1,2.0794415416798357,0.26847099914555445,0.4137278539927668,0,1
BX0102,Melrose,Bronx,22.73,35,11.32,25,13.81,115,-2061895.0682,4.3791,7,6,1,6,2,2023-10-31,BX01,1270.0,1.0,0.3079630444346678,0,1,High,1,1,2.0794415416798357,0.26847099914555445,0.4137278539927668,0,1
BX0102,Melrose,Bronx,22.73,35,11.32,25,13.81,115,-2061895.0682,4.3791,7,6,1,6,2,2023-11-30,BX01,1241.0,1.0,0.3079630444346678,0,1,High,1,1,2.0794415416798357,0.26847099914555445,0.4137278539927668,0,1
BX0102,Melrose,Bronx,22.73,35,11.32,25,13.81,115,-2061895.0682,4.3791,7,6,1,6,2,2023-12-31,BX01,1249.0,1.0,0.3079630444346678,0,1,High,1,1,2.0794415416798357,0.26847099914555445,0.4137278539927668,0,1
BX0102,Melrose,Bronx,22.73,35,11.32,25,13.81,115,-2061895.0682,4.3791,7,6,1,6,2,2024-01-31,BX01,1268.0,1.0,0.3079630444346678,0,1,High,1,1,2.0794415416798357,0.26847099914555445,0.4137278539927668,0,1
BX0102,Melrose,Bronx,22.73,35,11.32,25,13.81,115,-2061895.0682,4.3791,7,6,1,6,2,2024-02-29,BX01,1245.0,1.0,0.3079630444346678,0,1,High,1,1,2.0794415416798357,0.26847099914555445,0.4137278539927668,0,1
BX0102,Melrose,Bronx,22.73,35,11.32,25,13.81,115,-2061895.0682,4.3791,7,6,1,6,2,2024-03-31,BX01,1206.0,1.0,0.3079630444346678,0,1,High,1,1,2.0794415416798357,0.26847099914555445,0.4137278539927668,0,1
BX0102,Melrose,Bronx,22.73,35,11.32,25,13.81,115,-2061895.0682,4.3791,7,6,1,6,2,2024-04-30,BX01,1239.0,1.0,0.3079630444346678,0,1,High,1,1,2.0794415416798357,0.26847099914555445,0.4137278539927668,0,1
BX0102,Melrose,Bronx,22.73,35,11.32,25,13.81,115,-2061895.0682,4.3791,7,6,1,6,2,2024-05-31,BX01,1237.0,1.0,0.3079630444346678,0,1,High,1,1,2.0794415416798357,0.26847099914555445,0.4137278539927668,0,1
BX0102,Melrose,Bronx,22.73,35,11.32,25,13.81,115,-2061895.0682,4.3791,7,6,1,6,2,2024-06-30,BX01,1237.0,1.0,0.3079630444346678,0,1,High,1,1,2.0794415416798357,0.26847099914555445,0.4137278539927668,0,1
BX0102,Melrose,Bronx,22.73,35,11.32,25,13.81,115,-2061895.0682,4.3791,7,6,1,6,2,2024-07-31,BX01,1215.0,1.0,0.3079630444346678,0,1,High,1,1,2.0794415416798357,0.26847099914555445,0.4137278539927668,0,1
BX0102,Melrose,Bronx,22.73,35,11.32,25,13.81,115,-2061895.0682,4.3791,7,6,1,6,2,2024-08-31,BX01,1238.0,1.0,0.3079630444346678,0,1,High,1,1,2.0794415416798357,0.26847099914555445,0.4137278539927668,0,1
BX0102,Melrose,Bronx,22.73,35,11.32,25,13.81,115,-2061895.0682,4.3791,7,6,1,6,2,2024-09-30,BX01,1231.0,1.0,0.3079630444346678,0,1,High,1,1,2.0794415416798357,0.26847099914555445,0.4137278539927668,0,1
BX0102,Melrose,Bronx,22.73,35,11.32,25,13.81,115,-2061895.0682,4.3791,7,6,1,6,2,2024-10-31,BX01,1241.0,1.0,0.3079630444346678,0,1,High,1,1,2.0794415416798357,0.26847099914555445,0.4137278539927668,0,1
BX0102,Melrose,Bronx,22.73,35,11.32,25,13.81,115,-2061895.0682,4.3791,7,6,1,6,2,2024-11-30,BX01,1243.0,1.0,0.3079630444346678,0,1,High,1,1,2.0794415416798357,0.26847099914555445,0.4137278539927668,0,1
BX0102,Melrose,Bronx,22.73,35,11.32,25,13.81,115,-2061895.0682,4.3791,7,6,1,6,2,2024-12-31,BX01,1213.0,1.0,0.3079630444346678,0,1,High,1,1,2.0794415416798357,0.26847099914555445,0.4137278539927668,0,1
BK1703,East Flatbush-Rugby,Brooklyn,9.79,172,7.21,96,16.35,71,-1571148.5208,4.3175,8,5,3,7,1,2023-01-31,BK17,1114.0,1.0,0.8171603677221655,0,1,High,1,1,2.1972245773362196,0.5972750451353248,0.40432772275716833,0,1
BK1703,East Flatbush-Rugby,Brooklyn,9.79,172,7.21,96,16.35,71,-1571148.5208,4.3175,8,5,3,7,1,2023-02-28,BK17,1145.0,1.0,0.8171603677221655,0,1,High,1,1,2.1972245773362196,0.5972750451353248,0.40432772275716833,0,1
BK1703,East Flatbush-Rugby,Brooklyn,9.79,172,7.21,96,16.35,71,-1571148.5208,4.3175,8,5,3,7,1,2023-03-31,BK17,1095.0,1.0,0.8171603677221655,0,1,High,1,1,2.1972245773362196,0.5972750451353248,0.40432772275716833,0,1
BK1703,East Flatbush-Rugby,Brooklyn,9.79,172,7.21,96,16.35,71,-1571148.5208,4.3175,8,5,3,7,1,2023-04-30,BK17,1077.0,1.0,0.8171603677221655,0,1,High,1,1,2.1972245773362196,0.5972750451353248,0.40432772275716833,0,1
BK1703,East Flatbush-Rugby,Brooklyn,9.79,172,7.21,96,16.35,71,-1571148.5208,4.3175,8,5,3,7,1,2023-05-31,BK17,1119.0,1.0,0.8171603677221655,0,1,High,1,1,2.1972245773362196,0.5972750451353248,0.40432772275716833,0,1
BK1703,East Flatbush-Rugby,Brooklyn,9.79,172,7.21,96,16.35,71,-1571148.5208,4.3175,8,5,3,7,1,2023-06-30,BK17,1101.0,1.0,0.8171603677221655,0,1,High,1,1,2.1972245773362196,0.5972750451353248,0.40432772275716833,0,1
BK1703,East Flatbush-Rugby,Brooklyn,9.79,172,7.21,96,16.35,71,-1571148.5208,4.3175,8,5,3,7,1,2023-07-31,BK17,1098.0,1.0,0.8171603677221655,0,1,High,1,1,2.1972245773362196,0.5972750451353248,0.40432772275716833,0,1
BK1703,East Flatbush-Rugby,Brooklyn,9.79,172,7.21,96,16.35,71,-1571148.5208,4.3175,8,5,3,7,1,2023-08-31,BK17,1122.0,1.0,0.8171603677221655,0,1,High,1,1,2.1972245773362196,0.5972750451353248,0.40432772275716833,0,1
BK1703,East Flatbush-Rugby,Brooklyn,9.79,172,7.21,96,16.35,71,-1571148.5208,4.3175,8,5,3,7,1,2023-09-30,BK17,1147.0,1.0,0.8171603677221655,0,1,High,1,1,2.1972245773362196,0.5972750451353248,0.40432772275716833,0,1
BK1703,East Flatbush-Rugby,Brooklyn,9.79,172,7.21,96,16.35,71,-1571148.5208,4.3175,8,5,3,7,1,2023-10-31,BK17,1289.0,1.0,0.8171603677221655,0,1,High,1,1,2.1972245773362196,0.5972750451353248,0.40432772275716833,0,1
BK1703,East Flatbush-Rugby,Brooklyn,9.79,172,7.21,96,16.35,71,-1571148.5208,4.3175,8,5,3,7,1,2023-11-30,BK17,1419.0,1.0,0.8171603677221655,0,1,High,1,1,2.1972245773362196,0.5972750451353248,0.40432772275716833,0,1
BK1703,East Flatbush-Rugby,Brooklyn,9.79,172,7.21,96,16.35,71,-1571148.5208,4.3175,8,5,3,7,1,2023-12-31,BK17,1511.0,1.0,0.8171603677221655,0,1,High,1,1,2.1972245773362196,0.5972750451353248,0.40432772275716833,0,1
BK1703,East Flatbush-Rugby,Brooklyn,9.79,172,7.21,96,16.35,71,-1571148.5208,4.3175,8,5,3,7,1,2024-01-31,BK17,1564.0,1.0,0.8171603677221655,0,1,High,1,1,2.1972245773362196,0.5972750451353248,0.40432772275716833,0,1
BK1703,East Flatbush-Rugby,Brooklyn,9.79,172,7.21,96,16.35,71,-1571148.5208,4.3175,8,5,3,7,1,2024-02-29,BK17,1547.0,1.0,0.8171603677221655,0,1,High,1,1,2.1972245773362196,0.5972750451353248,0.40432772275716833,0,1
BK1703,East Flatbush-Rugby,Brooklyn,9.79,172,7.21,96,16.35,71,-1571148.5208,4.3175,8,5,3,7,1,2024-03-31,BK17,1565.0,1.0,0.8171603677221655,0,1,High,1,1,2.1972245773362196,0.5972750451353248,0.40432772275716833,0,1
BK1703,East Flatbush-Rugby,Brooklyn,9.79,172,7.21,96,16.35,71,-1571148.5208,4.3175,8,5,3,7,1,2024-04-30,BK17,1564.0,1.0,0.8171603677221655,0,1,High,1,1,2.1972245773362196,0.5972750451353248,0.40432772275716833,0,1
BK1703,East Flatbush-Rugby,Brooklyn,9.79,172,7.21,96,16.35,71,-1571148.5208,4.3175,8,5,3,7,1,2024-05-31,BK17,1546.0,1.0,0.8171603677221655,0,1,High,1,1,2.1972245773362196,0.5972750451353248,0.40432772275716833,0,1
BK1703,East Flatbush-Rugby,Brooklyn,9.79,172,7.21,96,16.35,71,-1571148.5208,4.3175,8,5,3,7,1,2024-06-30,BK17,1584.0,1.0,0.8171603677221655,0,1,High,1,1,2.1972245773362196,0.5972750451353248,0.40432772275716833,0,1
BK1703,East Flatbush-Rugby,Brooklyn,9.79,172,7.21,96,16.35,71,-1571148.5208,4.3175,8,5,3,7,1,2024-07-31,BK17,1596.0,1.0,0.8171603677221655,0,1,High,1,1,2.1972245773362196,0.5972750451353248,0.40432772275716833,0,1
BK1703,East Flatbush-Rugby,Brooklyn,9.79,172,7.21,96,16.35,71,-1571148.5208,4.3175,8,5,3,7,1,2024-08-31,BK17,1590.0,1.0,0.8171603677221655,0,1,High,1,1,2.1972245773362196,0.5972750451353248,0.40432772275716833,0,1
BK1703,East Flatbush-Rugby,Brooklyn,9.79,172,7.21,96,16.35,71,-1571148.5208,4.3175,8,5,3,7,1,2024-09-30,BK17,1590.0,1.0,0.8171603677221655,0,1,High,1,1,2.1972245773362196,0.5972750451353248,0.40432772275716833,0,1
BK1703,East Flatbush-Rugby,Brooklyn,9.79,172,7.21,96,16.35,71,-1571148.5208,4.3175,8,5,3,7,1,2024-10-31,BK17,1640.0,1.0,0.8171603677221655,0,1,High,1,1,2.1972245773362196,0.5972750451353248,0.40432772275716833,0,1
BK1703,East Flatbush-Rugby,Brooklyn,9.79,172,7.21,96,16.35,71,-1571148.5208,4.3175,8,5,3,7,1,2024-11-30,BK17,1616.0,1.0,0.8171603677221655,0,1,High,1,1,2.1972245773362196,0.5972750451353248,0.40432772275716833,0,1
BK1703,East Flatbush-Rugby,Brooklyn,9.79,172,7.21,96,16.35,71,-1571148.5208,4.3175,8,5,3,7,1,2024-12-31,BK17,1600.0,1.0,0.8171603677221655,0,1,High,1,1,2.1972245773362196,0.5972750451353248,0.40432772275716833,0,1
QN0801,Kew Gardens Hills,Queens,14.01,116,6.38,125,14.93,95,-564871.9309,4.3161,3,3,2,3,0,2023-01-31,QN08,315.0,0.0,0.21413276231263384,0,1,High,1,0,1.3862943611198906,0.19403004605885477,0.40411408341090466,0,1
QN0801,Kew Gardens Hills,Queens,14.01,116,6.38,125,14.93,95,-564871.9309,4.3161,3,3,2,3,0,2023-02-28,QN08,297.0,0.0,0.21413276231263384,0,1,High,1,0,1.3862943611198906,0.19403004605885477,0.40411408341090466,0,1
QN0801,Kew Gardens Hills,Queens,14.01,116,6.38,125,14.93,95,-564871.9309,4.3161,3,3,2,3,0,2023-03-31,QN08,303.0,0.0,0.21413276231263384,0,1,High,1,0,1.3862943611198906,0.19403004605885477,0.40411408341090466,0,1
QN0801,Kew Gardens Hills,Queens,14.01,116,6.38,125,14.93,95,-564871.9309,4.3161,3,3,2,3,0,2023-04-30,QN08,293.0,0.0,0.21413276231263384,0,1,High,1,0,1.3862943611198906,0.19403004605885477,0.40411408341090466,0,1
QN0801,Kew Gardens Hills,Queens,14.01,116,6.38,125,14.93,95,-564871.9309,4.3161,3,3,2,3,0,2023-05-31,QN08,311.0,0.0,0.21413276231263384,0,1,High,1,0,1.3862943611198906,0.19403004605885477,0.40411408341090466,0,1
QN0801,Kew Gardens Hills,Queens,14.01,116,6.38,125,14.93,95,-564871.9309,4.3161,3,3,2,3,0,2023-06-30,QN08,304.0,0.0,0.21413276231263384,0,1,High,1,0,1.3862943611198906,0.19403004605885477,0.40411408341090466,0,1
QN0801,Kew Gardens Hills,Queens,14.01,116,6.38,125,14.93,95,-564871.9309,4.3161,3,3,2,3,0,2023-07-31,QN08,291.0,0.0,0.21413276231263384,0,1,High,1,0,1.3862943611198906,0.19403004605885477,0.40411408341090466,0,1
QN0801,Kew Gardens Hills,Queens,14.01,116,6.38,125,14.93,95,-564871.9309,4.3161,3,3,2,3,0,2023-08-31,QN08,302.0,0.0,0.21413276231263384,0,1,High,1,0,1.3862943611198906,0.19403004605885477,0.40411408341090466,0,1
QN0801,Kew Gardens Hills,Queens,14.01,116,6.38,125,14.93,95,-564871.9309,4.3161,3,3,2,3,0,2023-09-30,QN08,296.0,0.0,0.21413276231263384,0,1,High,1,0,1.3862943611198906,0.19403004605885477,0.40411408341090466,0,1
QN0801,Kew Gardens Hills,Queens,14.01,116,6.38,125,14.93,95,-564871.9309,4.3161,3,3,2,3,0,2023-10-31,QN08,302.0,0.0,0.21413276231263384,0,1,High,1,0,1.3862943611198906,0.19403004605885477,0.40411408341090466,0,1
QN0801,Kew Gardens Hills,Queens,14.01,116,6.38,125,14.93,95,-564871.9309,4.3161,3,3,2,3,0,2023-11-30,QN08,307.0,0.0,0.21413276231263384,0,1,High,1,0,1.3862943611198906,0.19403004605885477,0.40411408341090466,0,1
QN0801,Kew Gardens Hills,Queens,14.01,116,6.38,125,14.93,95,-564871.9309,4.3161,3,3,2,3,0,2023-12-31,QN08,281.0,0.0,0.21413276231263384,0,1,High,1,0,1.3862943611198906,0.19403004605885477,0.40411408341090466,0,1
QN0801,Kew Gardens Hills,Queens,14.01,116,6.38,125,14.93,95,-564871.9309,4.3161,3,3,2,3,0,2024-01-31,QN08,304.0,0.0,0.21413276231263384,0,1,High,1,0,1.3862943611198906,0.19403004605885477,0.40411408341090466,0,1
QN0801,Kew Gardens Hills,Queens,14.01,116,6.38,125,14.93,95,-564871.9309,4.3161,3,3,2,3,0,2024-02-29,QN08,313.0,0.0,0.21413276231263384,0,1,High,1,0,1.3862943611198906,0.19403004605885477,0.40411408341090466,0,1
QN0801,Kew Gardens Hills,Queens,14.01,116,6.38,125,14.93,95,-564871.9309,4.3161,3,3,2,3,0,2024-03-31,QN08,304.0,0.0,0.21413276231263384,0,1,High,1,0,1.3862943611198906,0.19403004605885477,0.40411408341090466,0,1
QN0801,Kew Gardens Hills,Queens,14.01,116,6.38,125,14.93,95,-564871.9309,4.3161,3,3,2,3,0,2024-04-30,QN08,294.0,0.0,0.21413276231263384,0,1,High,1,0,1.3862943611198906,0.19403004605885477,0.40411408341090466,0,1
QN0801,Kew Gardens Hills,Queens,14.01,116,6.38,125,14.93,95,-564871.9309,4.3161,3,3,2,3,0,2024-05-31,QN08,298.0,0.0,0.21413276231263384,0,1,High,1,0,1.3862943611198906,0.19403004605885477,0.40411408341090466,0,1
QN0801,Kew Gardens Hills,Queens,14.01,116,6.38,125,14.93,95,-564871.9309,4.3161,3,3,2,3,0,2024-06-30,QN08,276.0,0.0,0.21413276231263384,0,1,High,1,0,1.3862943611198906,0.19403004605885477,0.40411408341090466,0,1
QN0801,Kew Gardens Hills,Queens,14.01,116,6.38,125,14.93,95,-564871.9309,4.3161,3,3,2,3,0,2024-07-31,QN08,282.0,0.0,0.21413276231263384,0,1,High,1,0,1.3862943611198906,0.19403004605885477,0.40411408341090466,0,1
QN0801,Kew Gardens Hills,Queens,14.01,116,6.38,125,14.93,95,-564871.9309,4.3161,3,3,2,3,0,2024-08-31,QN08,290.0,0.0,0.21413276231263384,0,1,High,1,0,1.3862943611198906,0.19403004605885477,0.40411408341090466,0,1
QN0801,Kew Gardens Hills,Queens,14.01,116,6.38,125,14.93,95,-564871.9309,4.3161,3,3,2,3,0,2024-09-30,QN08,278.0,0.0,0.21413276231263384,0,1,High,1,0,1.3862943611198906,0.19403004605885477,0.40411408341090466,0,1
QN0801,Kew Gardens Hills,Queens,14.01,116,6.38,125,14.93,95,-564871.9309,4.3161,3,3,2,3,0,2024-10-31,QN08,282.0,0.0,0.21413276231263384,0,1,High,1,0,1.3862943611198906,0.19403004605885477,0.40411408341090466,0,1
QN0801,Kew Gardens Hills,Queens,14.01,116,6.38,125,14.93,95,-564871.9309,4.3161,3,3,2,3,0,2024-11-30,QN08,297.0,0.0,0.21413276231263384,0,1,High,1,0,1.3862943611198906,0.19403004605885477,0.40411408341090466,0,1
QN0801,Kew Gardens Hills,Queens,14.01,116,6.38,125,14.93,95,-564871.9309,4.3161,3,3,2,3,0,2024-12-31,QN08,301.0,0.0,0.21413276231263384,0,1,High,1,0,1.3862943611198906,0.19403004605885477,0.40411408341090466,0,1
BK0501,Cypress Hills,Brooklyn,14.02,115,5.46,149,17.36,56,-1462795.6837,4.2373,3,3,0,3,0,2023-01-31,BK05,551.0,0.0,0.21398002853067047,0,1,High,0,0,1.3862943611198906,0.19390424153878405,0.392089240206925,0,1
BK0501,Cypress Hills,Brooklyn,14.02,115,5.46,149,17.36,56,-1462795.6837,4.2373,3,3,0,3,0,2023-02-28,BK05,531.0,0.0,0.21398002853067047,0,1,High,0,0,1.3862943611198906,0.19390424153878405,0.392089240206925,0,1
BK0501,Cypress Hills,Brooklyn,14.02,115,5.46,149,17.36,56,-1462795.6837,4.2373,3,3,0,3,0,2023-03-31,BK05,527.0,0.0,0.21398002853067047,0,1,High,0,0,1.3862943611198906,0.19390424153878405,0.392089240206925,0,1
BK0501,Cypress Hills,Brooklyn,14.02,115,5.46,149,17.36,56,-1462795.6837,4.2373,3,3,0,3,0,2023-04-30,BK05,515.0,0.0,0.21398002853067047,0,1,High,0,0,1.3862943611198906,0.19390424153878405,0.392089240206925,0,1
BK0501,Cypress Hills,Brooklyn,14.02,115,5.46,149,17.36,56,-1462795.6837,4.2373,3,3,0,3,0,2023-05-31,BK05,503.0,0.0,0.21398002853067047,0,1,High,0,0,1.3862943611198906,0.19390424153878405,0.392089240206925,0,1
BK0501,Cypress Hills,Brooklyn,14.02,115,5.46,149,17.36,56,-1462795.6837,4.2373,3,3,0,3,0,2023-06-30,BK05,572.0,0.0,0.21398002853067047,0,1,High,0,0,1.3862943611198906,0.19390424153878405,0.392089240206925,0,1
BK0501,Cypress Hills,Brooklyn,14.02,115,5.46,149,17.36,56,-1462795.6837,4.2373,3,3,0,3,0,2023-07-31,BK05,557.0,0.0,0.21398002853067047,0,1,High,0,0,1.3862943611198906,0.19390424153878405,0.392089240206925,0,1
BK0501,Cypress Hills,Brooklyn,14.02,115,5.46,149,17.36,56,-1462795.6837,4.2373,3,3,0,3,0,2023-08-31,BK05,554.0,0.0,0.21398002853067047,0,1,High,0,0,1.3862943611198906,0.19390424153878405,0.392089240206925,0,1
BK0501,Cypress Hills,Brooklyn,14.02,115,5.46,149,17.36,56,-1462795.6837,4.2373,3,3,0,3,0,2023-09-30,BK05,553.0,0.0,0.21398002853067047,0,1,High,0,0,1.3862943611198906,0.19390424153878405,0.392089240206925,0,1
BK0501,Cypress Hills,Brooklyn,14.02,115,5.46,149,17.36,56,-1462795.6837,4.2373,3,3,0,3,0,2023-10-31,BK05,545.0,0.0,0.21398002853067047,0,1,High,0,0,1.3862943611198906,0.19390424153878405,0.392089240206925,0,1
BK0501,Cypress Hills,Brooklyn,14.02,115,5.46,149,17.36,56,-1462795.6837,4.2373,3,3,0,3,0,2023-11-30,BK05,544.0,0.0,0.21398002853067047,0,1,High,0,0,1.3862943611198906,0.19390424153878405,0.392089240206925,0,1
BK0501,Cypress Hills,Brooklyn,14.02,115,5.46,149,17.36,56,-1462795.6837,4.2373,3,3,0,3,0,2023-12-31,BK05,518.0,0.0,0.21398002853067047,0,1,High,0,0,1.3862943611198906,0.19390424153878405,0.392089240206925,0,1
BK0501,Cypress Hills,Brooklyn,14.02,115,5.46,149,17.36,56,-1462795.6837,4.2373,3,3,0,3,0,2024-01-31,BK05,537.0,0.0,0.21398002853067047,0,1,High,0,0,1.3862943611198906,0.19390424153878405,0.392089240206925,0,1
BK0501,Cypress Hills,Brooklyn,14.02,115,5.46,149,17.36,56,-1462795.6837,4.2373,3,3,0,3,0,2024-02-29,BK05,522.0,0.0,0.21398002853067047,0,1,High,0,0,1.3862943611198906,0.19390424153878405,0.392089240206925,0,1
BK0501,Cypress Hills,Brooklyn,14.02,115,5.46,149,17.36,56,-1462795.6837,4.2373,3,3,0,3,0,2024-03-31,BK05,516.0,0.0,0.21398002853067047,0,1,High,0,0,1.3862943611198906,0.19390424153878405,0.392089240206925,0,1
BK0501,Cypress Hills,Brooklyn,14.02,115,5.46,149,17.36,56,-1462795.6837,4.2373,3,3,0,3,0,2024-04-30,BK05,513.0,0.0,0.21398002853067047,0,1,High,0,0,1.3862943611198906,0.19390424153878405,0.392089240206925,0,1
BK0501,Cypress Hills,Brooklyn,14.02,115,5.46,149,17.36,56,-1462795.6837,4.2373,3,3,0,3,0,2024-05-31,BK05,473.0,0.0,0.21398002853067047,0,1,High,0,0,1.3862943611198906,0.19390424153878405,0.392089240206925,0,1
BK0501,Cypress Hills,Brooklyn,14.02,115,5.46,149,17.36,56,-1462795.6837,4.2373,3,3,0,3,0,2024-06-30,BK05,501.0,0.0,0.21398002853067047,0,1,High,0,0,1.3862943611198906,0.19390424153878405,0.392089240206925,0,1
BK0501,Cypress Hills,Brooklyn,14.02,115,5.46,149,17.36,56,-1462795.6837,4.2373,3,3,0,3,0,2024-07-31,BK05,516.0,0.0,0.21398002853067047,0,1,High,0,0,1.3862943611198906,0.19390424153878405,0.392089240206925,0,1
BK0501,Cypress Hills,Brooklyn,14.02,115,5.46,149,17.36,56,-1462795.6837,4.2373,3,3,0,3,0,2024-08-31,BK05,524.0,0.0,0.21398002853067047,0,1,High,0,0,1.3862943611198906,0.19390424153878405,0.392089240206925,0,1
BK0501,Cypress Hills,Brooklyn,14.02,115,5.46,149,17.36,56,-1462795.6837,4.2373,3,3,0,3,0,2024-09-30,BK05,504.0,0.0,0.21398002853067047,0,1,High,0,0,1.3862943611198906,0.19390424153878405,0.392089240206925,0,1
BK0501,Cypress Hills,Brooklyn,14.02,115,5.46,149,17.36,56,-1462795.6837,4.2373,3,3,0,3,0,2024-10-31,BK05,513.0,0.0,0.21398002853067047,0,1,High,0,0,1.3862943611198906,0.19390424153878405,0.392089240206925,0,1
BK0501,Cypress Hills,Brooklyn,14.02,115,5.46,149,17.36,56,-1462795.6837,4.2373,3,3,0,3,0,2024-11-30,BK05,494.0,0.0,0.21398002853067047,0,1,High,0,0,1.3862943611198906,0.19390424153878405,0.392089240206925,0,1
BK0501,Cypress Hills,Brooklyn,14.02,115,5.46,149,17.36,56,-1462795.6837,4.2373,3,3,0,3,0,2024-12-31,BK05,458.0,0.0,0.21398002853067047,0,1,High,0,0,1.3862943611198906,0.19390424153878405,0.392089240206925,0,1
QN1206,Hollis,Queens,9.24,177,8.41,70,15.32,88,-1405339.3898,4.0187,5,5,0,2,3,2023-01-31,QN12,1410.0,1.0,0.5411255411255411,0,1,High,0,1,1.791759469228055,0.4325130203302369,0.35873098228319417,0,1
QN1206,Hollis,Queens,9.24,177,8.41,70,15.32,88,-1405339.3898,4.0187,5,5,0,2,3,2023-02-28,QN12,1421.0,1.0,0.5411255411255411,0,1,High,0,1,1.791759469228055,0.4325130203302369,0.35873098228319417,0,1
QN1206,Hollis,Queens,9.24,177,8.41,70,15.32,88,-1405339.3898,4.0187,5,5,0,2,3,2023-03-31,QN12,1354.0,1.0,0.5411255411255411,0,1,High,0,1,1.791759469228055,0.4325130203302369,0.35873098228319417,0,1
QN1206,Hollis,Queens,9.24,177,8.41,70,15.32,88,-1405339.3898,4.0187,5,5,0,2,3,2023-04-30,QN12,1405.0,1.0,0.5411255411255411,0,1,High,0,1,1.791759469228055,0.4325130203302369,0.35873098228319417,0,1
QN1206,Hollis,Queens,9.24,177,8.41,70,15.32,88,-1405339.3898,4.0187,5,5,0,2,3,2023-05-31,QN12,1421.0,1.0,0.5411255411255411,0,1,High,0,1,1.791759469228055,0.4325130203302369,0.35873098228319417,0,1
QN1206,Hollis,Queens,9.24,177,8.41,70,15.32,88,-1405339.3898,4.0187,5,5,0,2,3,2023-06-30,QN12,1439.0,1.0,0.5411255411255411,0,1,High,0,1,1.791759469228055,0.4325130203302369,0.35873098228319417,0,1
QN1206,Hollis,Queens,9.24,177,8.41,70,15.32,88,-1405339.3898,4.0187,5,5,0,2,3,2023-07-31,QN12,1384.0,1.0,0.5411255411255411,0,1,High,0,1,1.791759469228055,0.4325130203302369,0.35873098228319417,0,1
QN1206,Hollis,Queens,9.24,177,8.41,70,15.32,88,-1405339.3898,4.0187,5,5,0,2,3,2023-08-31,QN12,1414.0,1.0,0.5411255411255411,0,1,High,0,1,1.791759469228055,0.4325130203302369,0.35873098228319417,0,1
QN1206,Hollis,Queens,9.24,177,8.41,70,15.32,88,-1405339.3898,4.0187,5,5,0,2,3,2023-09-30,QN12,1390.0,1.0,0.5411255411255411,0,1,High,0,1,1.791759469228055,0.4325130203302369,0.35873098228319417,0,1
QN1206,Hollis,Queens,9.24,177,8.41,70,15.32,88,-1405339.3898,4.0187,5,5,0,2,3,2023-10-31,QN12,1422.0,1.0,0.5411255411255411,0,1,High,0,1,1.791759469228055,0.4325130203302369,0.35873098228319417,0,1
QN1206,Hollis,Queens,9.24,177,8.41,70,15.32,88,-1405339.3898,4.0187,5,5,0,2,3,2023-11-30,QN12,1523.0,1.0,0.5411255411255411,0,1,High,0,1,1.791759469228055,0.4325130203302369,0.35873098228319417,0,1
QN1206,Hollis,Queens,9.24,177,8.41,70,15.32,88,-1405339.3898,4.0187,5,5,0,2,3,2023-12-31,QN12,2019.0,1.0,0.5411255411255411,0,1,High,0,1,1.791759469228055,0.4325130203302369,0.35873098228319417,0,1
QN1206,Hollis,Queens,9.24,177,8.41,70,15.32,88,-1405339.3898,4.0187,5,5,0,2,3,2024-01-31,QN12,2285.0,1.0,0.5411255411255411,0,1,High,0,1,1.791759469228055,0.4325130203302369,0.35873098228319417,0,1
QN1206,Hollis,Queens,9.24,177,8.41,70,15.32,88,-1405339.3898,4.0187,5,5,0,2,3,2024-02-29,QN12,2246.0,1.0,0.5411255411255411,0,1,High,0,1,1.791759469228055,0.4325130203302369,0.35873098228319417,0,1
QN1206,Hollis,Queens,9.24,177,8.41,70,15.32,88,-1405339.3898,4.0187,5,5,0,2,3,2024-03-31,QN12,2245.0,1.0,0.5411255411255411,0,1,High,0,1,1.791759469228055,0.4325130203302369,0.35873098228319417,0,1
QN1206,Hollis,Queens,9.24,177,8.41,70,15.32,88,-1405339.3898,4.0187,5,5,0,2,3,2024-04-30,QN12,2199.0,1.0,0.5411255411255411,0,1,High,0,1,1.791759469228055,0.4325130203302369,0.35873098228319417,0,1
QN1206,Hollis,Queens,9.24,177,8.41,70,15.32,88,-1405339.3898,4.0187,5,5,0,2,3,2024-05-31,QN12,2149.0,1.0,0.5411255411255411,0,1,High,0,1,1.791759469228055,0.4325130203302369,0.35873098228319417,0,1
QN1206,Hollis,Queens,9.24,177,8.41,70,15.32,88,-1405339.3898,4.0187,5,5,0,2,3,2024-06-30,QN12,1333.0,1.0,0.5411255411255411,0,1,High,0,1,1.791759469228055,0.4325130203302369,0.35873098228319417,0,1
QN1206,Hollis,Queens,9.24,177,8.41,70,15.32,88,-1405339.3898,4.0187,5,5,0,2,3,2024-07-31,QN12,1348.0,1.0,0.5411255411255411,0,1,High,0,1,1.791759469228055,0.4325130203302369,0.35873098228319417,0,1
QN1206,Hollis,Queens,9.24,177,8.41,70,15.32,88,-1405339.3898,4.0187,5,5,0,2,3,2024-08-31,QN12,1403.0,1.0,0.5411255411255411,0,1,High,0,1,1.791759469228055,0.4325130203302369,0.35873098228319417,0,1
QN1206,Hollis,Queens,9.24,177,8.41,70,15.32,88,-1405339.3898,4.0187,5,5,0,2,3,2024-09-30,QN12,1389.0,1.0,0.5411255411255411,0,1,High,0,1,1.791759469228055,0.4325130203302369,0.35873098228319417,0,1
QN1206,Hollis,Queens,9.24,177,8.41,70,15.32,88,-1405339.3898,4.0187,5,5,0,2,3,2024-10-31,QN12,1377.0,1.0,0.5411255411255411,0,1,High,0,1,1.791759469228055,0.4325130203302369,0.35873098228319417,0,1
QN1206,Hollis,Queens,9.24,177,8.41,70,15.32,88,-1405339.3898,4.0187,5,5,0,2,3,2024-11-30,QN12,1396.0,1.0,0.5411255411255411,0,1,High,0,1,1.791759469228055,0.4325130203302369,0.35873098228319417,0,1
QN1206,Hollis,Queens,9.24,177,8.41,70,15.32,88,-1405339.3898,4.0187,5,5,0,2,3,2024-12-31,QN12,1368.0,1.0,0.5411255411255411,0,1,High,0,1,1.791759469228055,0.4325130203302369,0.35873098228319417,0,1
QN0203,Woodside,Queens,14.78,105,4.95,169,33.14,4,-923457.0098,4.0001,2,2,0,2,0,2023-01-31,QN02,291.0,0.0,0.13531799729364005,0,1,High,0,0,1.0986122886681098,0.1269127855190044,0.3558926309685492,0,1
QN0203,Woodside,Queens,14.78,105,4.95,169,33.14,4,-923457.0098,4.0001,2,2,0,2,0,2023-02-28,QN02,307.0,0.0,0.13531799729364005,0,1,High,0,0,1.0986122886681098,0.1269127855190044,0.3558926309685492,0,1
QN0203,Woodside,Queens,14.78,105,4.95,169,33.14,4,-923457.0098,4.0001,2,2,0,2,0,2023-03-31,QN02,292.0,0.0,0.13531799729364005,0,1,High,0,0,1.0986122886681098,0.1269127855190044,0.3558926309685492,0,1
QN0203,Woodside,Queens,14.78,105,4.95,169,33.14,4,-923457.0098,4.0001,2,2,0,2,0,2023-04-30,QN02,295.0,0.0,0.13531799729364005,0,1,High,0,0,1.0986122886681098,0.1269127855190044,0.3558926309685492,0,1
QN0203,Woodside,Queens,14.78,105,4.95,169,33.14,4,-923457.0098,4.0001,2,2,0,2,0,2023-05-31,QN02,285.0,0.0,0.13531799729364005,0,1,High,0,0,1.0986122886681098,0.1269127855190044,0.3558926309685492,0,1
QN0203,Woodside,Queens,14.78,105,4.95,169,33.14,4,-923457.0098,4.0001,2,2,0,2,0,2023-06-30,QN02,291.0,0.0,0.13531799729364005,0,1,High,0,0,1.0986122886681098,0.1269127855190044,0.3558926309685492,0,1
QN0203,Woodside,Queens,14.78,105,4.95,169,33.14,4,-923457.0098,4.0001,2,2,0,2,0,2023-07-31,QN02,281.0,0.0,0.13531799729364005,0,1,High,0,0,1.0986122886681098,0.1269127855190044,0.3558926309685492,0,1
QN0203,Woodside,Queens,14.78,105,4.95,169,33.14,4,-923457.0098,4.0001,2,2,0,2,0,2023-08-31,QN02,297.0,0.0,0.13531799729364005,0,1,High,0,0,1.0986122886681098,0.1269127855190044,0.3558926309685492,0,1
QN0203,Woodside,Queens,14.78,105,4.95,169,33.14,4,-923457.0098,4.0001,2,2,0,2,0,2023-09-30,QN02,279.0,0.0,0.13531799729364005,0,1,High,0,0,1.0986122886681098,0.1269127855190044,0.3558926309685492,0,1
QN0203,Woodside,Queens,14.78,105,4.95,169,33.14,4,-923457.0098,4.0001,2,2,0,2,0,2023-10-31,QN02,304.0,0.0,0.13531799729364005,0,1,High,0,0,1.0986122886681098,0.1269127855190044,0.3558926309685492,0,1
QN0203,Woodside,Queens,14.78,105,4.95,169,33.14,4,-923457.0098,4.0001,2,2,0,2,0,2023-11-30,QN02,293.0,0.0,0.13531799729364005,0,1,High,0,0,1.0986122886681098,0.1269127855190044,0.3558926309685492,0,1
QN0203,Woodside,Queens,14.78,105,4.95,169,33.14,4,-923457.0098,4.0001,2,2,0,2,0,2023-12-31,QN02,285.0,0.0,0.13531799729364005,0,1,High,0,0,1.0986122886681098,0.1269127855190044,0.3558926309685492,0,1
QN0203,Woodside,Queens,14.78,105,4.95,169,33.14,4,-923457.0098,4.0001,2,2,0,2,0,2024-01-31,QN02,303.0,0.0,0.13531799729364005,0,1,High,0,0,1.0986122886681098,0.1269127855190044,0.3558926309685492,0,1
QN0203,Woodside,Queens,14.78,105,4.95,169,33.14,4,-923457.0098,4.0001,2,2,0,2,0,2024-02-29,QN02,312.0,0.0,0.13531799729364005,0,1,High,0,0,1.0986122886681098,0.1269127855190044,0.3558926309685492,0,1
QN0203,Woodside,Queens,14.78,105,4.95,169,33.14,4,-923457.0098,4.0001,2,2,0,2,0,2024-03-31,QN02,288.0,0.0,0.13531799729364005,0,1,High,0,0,1.0986122886681098,0.1269127855190044,0.3558926309685492,0,1
QN0203,Woodside,Queens,14.78,105,4.95,169,33.14,4,-923457.0098,4.0001,2,2,0,2,0,2024-04-30,QN02,300.0,0.0,0.13531799729364005,0,1,High,0,0,1.0986122886681098,0.1269127855190044,0.3558926309685492,0,1
QN0203,Woodside,Queens,14.78,105,4.95,169,33.14,4,-923457.0098,4.0001,2,2,0,2,0,2024-05-31,QN02,268.0,0.0,0.13531799729364005,0,1,High,0,0,1.0986122886681098,0.1269127855190044,0.3558926309685492,0,1
QN0203,Woodside,Queens,14.78,105,4.95,169,33.14,4,-923457.0098,4.0001,2,2,0,2,0,2024-06-30,QN02,292.0,0.0,0.13531799729364005,0,1,High,0,0,1.0986122886681098,0.1269127855190044,0.3558926309685492,0,1
QN0203,Woodside,Queens,14.78,105,4.95,169,33.14,4,-923457.0098,4.0001,2,2,0,2,0,2024-07-31,QN02,297.0,0.0,0.13531799729364005,0,1,High,0,0,1.0986122886681098,0.1269127855190044,0.3558926309685492,0,1
QN0203,Woodside,Queens,14.78,105,4.95,169,33.14,4,-923457.0098,4.0001,2,2,0,2,0,2024-08-31,QN02,291.0,0.0,0.13531799729364005,0,1,High,0,0,1.0986122886681098,0.1269127855190044,0.3558926309685492,0,1
QN0203,Woodside,Queens,14.78,105,4.95,169,33.14,4,-923457.0098,4.0001,2,2,0,2,0,2024-09-30,QN02,296.0,0.0,0.13531799729364005,0,1,High,0,0,1.0986122886681098,0.1269127855190044,0.3558926309685492,0,1
QN0203,Woodside,Queens,14.78,105,4.95,169,33.14,4,-923457.0098,4.0001,2,2,0,2,0,2024-10-31,QN02,281.0,0.0,0.13531799729364005,0,1,High,0,0,1.0986122886681098,0.1269127855190044,0.3558926309685492,0,1
QN0203,Woodside,Queens,14.78,105,4.95,169,33.14,4,-923457.0098,4.0001,2,2,0,2,0,2024-11-30,QN02,278.0,0.0,0.13531799729364005,0,1,High,0,0,1.0986122886681098,0.1269127855190044,0.3558926309685492,0,1
QN0203,Woodside,Queens,14.78,105,4.95,169,33.14,4,-923457.0098,4.0001,2,2,0,2,0,2024-12-31,QN02,280.0,0.0,0.13531799729364005,0,1,High,0,0,1.0986122886681098,0.1269127855190044,0.3558926309685492,0,1
BX0301,Morrisania,Bronx,29.56,13,15.62,4,13.36,123,-2560586.0877,3.9964,7,5,2,5,3,2023-01-31,BX03,1289.0,1.0,0.2368064952638701,0,1,High,1,1,2.0794415416798357,0.21253265050594825,0.3553280126962811,0,1
BX0301,Morrisania,Bronx,29.56,13,15.62,4,13.36,123,-2560586.0877,3.9964,7,5,2,5,3,2023-02-28,BX03,1242.0,1.0,0.2368064952638701,0,1,High,1,1,2.0794415416798357,0.21253265050594825,0.3553280126962811,0,1
BX0301,Morrisania,Bronx,29.56,13,15.62,4,13.36,123,-2560586.0877,3.9964,7,5,2,5,3,2023-03-31,BX03,1234.0,1.0,0.2368064952638701,0,1,High,1,1,2.0794415416798357,0.21253265050594825,0.3553280126962811,0,1
BX0301,Morrisania,Bronx,29.56,13,15.62,4,13.36,123,-2560586.0877,3.9964,7,5,2,5,3,2023-04-30,BX03,1229.0,1.0,0.2368064952638701,0,1,High,1,1,2.0794415416798357,0.21253265050594825,0.3553280126962811,0,1
BX0301,Morrisania,Bronx,29.56,13,15.62,4,13.36,123,-2560586.0877,3.9964,7,5,2,5,3,2023-05-31,BX03,1238.0,1.0,0.2368064952638701,0,1,High,1,1,2.0794415416798357,0.21253265050594825,0.3553280126962811,0,1
BX0301,Morrisania,Bronx,29.56,13,15.62,4,13.36,123,-2560586.0877,3.9964,7,5,2,5,3,2023-06-30,BX03,1223.0,1.0,0.2368064952638701,0,1,High,1,1,2.0794415416798357,0.21253265050594825,0.3553280126962811,0,1
BX0301,Morrisania,Bronx,29.56,13,15.62,4,13.36,123,-2560586.0877,3.9964,7,5,2,5,3,2023-07-31,BX03,1247.0,1.0,0.2368064952638701,0,1,High,1,1,2.0794415416798357,0.21253265050594825,0.3553280126962811,0,1
BX0301,Morrisania,Bronx,29.56,13,15.62,4,13.36,123,-2560586.0877,3.9964,7,5,2,5,3,2023-08-31,BX03,1246.0,1.0,0.2368064952638701,0,1,High,1,1,2.0794415416798357,0.21253265050594825,0.3553280126962811,0,1
BX0301,Morrisania,Bronx,29.56,13,15.62,4,13.36,123,-2560586.0877,3.9964,7,5,2,5,3,2023-09-30,BX03,1298.0,1.0,0.2368064952638701,0,1,High,1,1,2.0794415416798357,0.21253265050594825,0.3553280126962811,0,1
BX0301,Morrisania,Bronx,29.56,13,15.62,4,13.36,123,-2560586.0877,3.9964,7,5,2,5,3,2023-10-31,BX03,1286.0,1.0,0.2368064952638701,0,1,High,1,1,2.0794415416798357,0.21253265050594825,0.3553280126962811,0,1
BX0301,Morrisania,Bronx,29.56,13,15.62,4,13.36,123,-2560586.0877,3.9964,7,5,2,5,3,2023-11-30,BX03,1333.0,1.0,0.2368064952638701,0,1,High,1,1,2.0794415416798357,0.21253265050594825,0.3553280126962811,0,1
BX0301,Morrisania,Bronx,29.56,13,15.62,4,13.36,123,-2560586.0877,3.9964,7,5,2,5,3,2023-12-31,BX03,1334.0,1.0,0.2368064952638701,0,1,High,1,1,2.0794415416798357,0.21253265050594825,0.3553280126962811,0,1
BX0301,Morrisania,Bronx,29.56,13,15.62,4,13.36,123,-2560586.0877,3.9964,7,5,2,5,3,2024-01-31,BX03,1342.0,1.0,0.2368064952638701,0,1,High,1,1,2.0794415416798357,0.21253265050594825,0.3553280126962811,0,1
BX0301,Morrisania,Bronx,29.56,13,15.62,4,13.36,123,-2560586.0877,3.9964,7,5,2,5,3,2024-02-29,BX03,1383.0,1.0,0.2368064952638701,0,1,High,1,1,2.0794415416798357,0.21253265050594825,0.3553280126962811,0,1
BX0301,Morrisania,Bronx,29.56,13,15.62,4,13.36,123,-2560586.0877,3.9964,7,5,2,5,3,2024-03-31,BX03,1336.0,1.0,0.2368064952638701,0,1,High,1,1,2.0794415416798357,0.21253265050594825,0.3553280126962811,0,1
BX0301,Morrisania,Bronx,29.56,13,15.62,4,13.36,123,-2560586.0877,3.9964,7,5,2,5,3,2024-04-30,BX03,1275.0,1.0,0.2368064952638701,0,1,High,1,1,2.0794415416798357,0.21253265050594825,0.3553280126962811,0,1
BX0301,Morrisania,Bronx,29.56,13,15.62,4,13.36,123,-2560586.0877,3.9964,7,5,2,5,3,2024-05-31,BX03,1289.0,1.0,0.2368064952638701,0,1,High,1,1,2.0794415416798357,0.21253265050594825,0.3553280126962811,0,1
BX0301,Morrisania,Bronx,29.56,13,15.62,4,13.36,123,-2560586.0877,3.9964,7,5,2,5,3,2024-06-30,BX03,1335.0,1.0,0.2368064952638701,0,1,High,1,1,2.0794415416798357,0.21253265050594825,0.3553280126962811,0,1
BX0301,Morrisania,Bronx,29.56,13,15.62,4,13.36,123,-2560586.0877,3.9964,7,5,2,5,3,2024-07-31,BX03,1292.0,1.0,0.2368064952638701,0,1,High,1,1,2.0794415416798357,0.21253265050594825,0.3553280126962811,0,1
BX0301,Morrisania,Bronx,29.56,13,15.62,4,13.36,123,-2560586.0877,3.9964,7,5,2,5,3,2024-08-31,BX03,1356.0,1.0,0.2368064952638701,0,1,High,1,1,2.0794415416798357,0.21253265050594825,0.3553280126962811,0,1
BX0301,Morrisania,Bronx,29.56,13,15.62,4,13.36,123,-2560586.0877,3.9964,7,5,2,5,3,2024-09-30,BX03,1269.0,1.0,0.2368064952638701,0,1,High,1,1,2.0794415416798357,0.21253265050594825,0.3553280126962811,0,1
BX0301,Morrisania,Bronx,29.56,13,15.62,4,13.36,123,-2560586.0877,3.9964,7,5,2,5,3,2024-10-31,BX03,1285.0,1.0,0.2368064952638701,0,1,High,1,1,2.0794415416798357,0.21253265050594825,0.3553280126962811,0,1
BX0301,Morrisania,Bronx,29.56,13,15.62,4,13.36,123,-2560586.0877,3.9964,7,5,2,5,3,2024-11-30,BX03,1278.0,1.0,0.2368064952638701,0,1,High,1,1,2.0794415416798357,0.21253265050594825,0.3553280126962811,0,1
BX0301,Morrisania,Bronx,29.56,13,15.62,4,13.36,123,-2560586.0877,3.9964,7,5,2,5,3,2024-12-31,BX03,1249.0,1.0,0.2368064952638701,0,1,High,1,1,2.0794415416798357,0.21253265050594825,0.3553280126962811,0,1
QN0504,Middle Village,Queens,11.42,154,4.12,184,14.87,97,-684793.762,3.9625,1,1,0,1,1,2023-01-31,QN05,285.0,0.0,0.08756567425569177,0,0,Low,0,1,0.6931471805599453,0.08394187227746855,0.3501548885260411,1,0
QN0504,Middle Village,Queens,11.42,154,4.12,184,14.87,97,-684793.762,3.9625,1,1,0,1,1,2023-02-28,QN05,283.0,0.0,0.08756567425569177,0,0,Low,0,1,0.6931471805599453,0.08394187227746855,0.3501548885260411,1,0
QN0504,Middle Village,Queens,11.42,154,4.12,184,14.87,97,-684793.762,3.9625,1,1,0,1,1,2023-03-31,QN05,289.0,0.0,0.08756567425569177,0,0,Low,0,1,0.6931471805599453,0.08394187227746855,0.3501548885260411,1,0
QN0504,Middle Village,Queens,11.42,154,4.12,184,14.87,97,-684793.762,3.9625,1,1,0,1,1,2023-04-30,QN05,289.0,0.0,0.08756567425569177,0,0,Low,0,1,0.6931471805599453,0.08394187227746855,0.3501548885260411,1,0
QN0504,Middle Village,Queens,11.42,154,4.12,184,14.87,97,-684793.762,3.9625,1,1,0,1,1,2023-05-31,QN05,279.0,0.0,0.08756567425569177,0,0,Low,0,1,0.6931471805599453,0.08394187227746855,0.3501548885260411,1,0
QN0504,Middle Village,Queens,11.42,154,4.12,184,14.87,97,-684793.762,3.9625,1,1,0,1,1,2023-06-30,QN05,285.0,0.0,0.08756567425569177,0,0,Low,0,1,0.6931471805599453,0.08394187227746855,0.3501548885260411,1,0
QN0504,Middle Village,Queens,11.42,154,4.12,184,14.87,97,-684793.762,3.9625,1,1,0,1,1,2023-07-31,QN05,287.0,0.0,0.08756567425569177,0,0,Low,0,1,0.6931471805599453,0.08394187227746855,0.3501548885260411,1,0
QN0504,Middle Village,Queens,11.42,154,4.12,184,14.87,97,-684793.762,3.9625,1,1,0,1,1,2023-08-31,QN05,286.0,0.0,0.08756567425569177,0,0,Low,0,1,0.6931471805599453,0.08394187227746855,0.3501548885260411,1,0
QN0504,Middle Village,Queens,11.42,154,4.12,184,14.87,97,-684793.762,3.9625,1,1,0,1,1,2023-09-30,QN05,276.0,0.0,0.08756567425569177,0,0,Low,0,1,0.6931471805599453,0.08394187227746855,0.3501548885260411,1,0
QN0504,Middle Village,Queens,11.42,154,4.12,184,14.87,97,-684793.762,3.9625,1,1,0,1,1,2023-10-31,QN05,274.0,0.0,0.08756567425569177,0,0,Low,0,1,0.6931471805599453,0.08394187227746855,0.3501548885260411,1,0
QN0504,Middle Village,Queens,11.42,154,4.12,184,14.87,97,-684793.762,3.9625,1,1,0,1,1,2023-11-30,QN05,265.0,0.0,0.08756567425569177,0,0,Low,0,1,0.6931471805599453,0.08394187227746855,0.3501548885260411,1,0
QN0504,Middle Village,Queens,11.42,154,4.12,184,14.87,97,-684793.762,3.9625,1,1,0,1,1,2023-12-31,QN05,261.0,0.0,0.08756567425569177,0,0,Low,0,1,0.6931471805599453,0.08394187227746855,0.3501548885260411,1,0
QN0504,Middle Village,Queens,11.42,154,4.12,184,14.87,97,-684793.762,3.9625,1,1,0,1,1,2024-01-31,QN05,262.0,0.0,0.08756567425569177,0,0,Low,0,1,0.6931471805599453,0.08394187227746855,0.3501548885260411,1,0
QN0504,Middle Village,Queens,11.42,154,4.12,184,14.87,97,-684793.762,3.9625,1,1,0,1,1,2024-02-29,QN05,259.0,0.0,0.08756567425569177,0,0,Low,0,1,0.6931471805599453,0.08394187227746855,0.3501548885260411,1,0
QN0504,Middle Village,Queens,11.42,154,4.12,184,14.87,97,-684793.762,3.9625,1,1,0,1,1,2024-03-31,QN05,255.0,0.0,0.08756567425569177,0,0,Low,0,1,0.6931471805599453,0.08394187227746855,0.3501548885260411,1,0
QN0504,Middle Village,Queens,11.42,154,4.12,184,14.87,97,-684793.762,3.9625,1,1,0,1,1,2024-04-30,QN05,228.0,0.0,0.08756567425569177,0,0,Low,0,1,0.6931471805599453,0.08394187227746855,0.3501548885260411,1,0
QN0504,Middle Village,Queens,11.42,154,4.12,184,14.87,97,-684793.762,3.9625,1,1,0,1,1,2024-05-31,QN05,227.0,0.0,0.08756567425569177,0,0,Low,0,1,0.6931471805599453,0.08394187227746855,0.3501548885260411,1,0
QN0504,Middle Village,Queens,11.42,154,4.12,184,14.87,97,-684793.762,3.9625,1,1,0,1,1,2024-06-30,QN05,246.0,0.0,0.08756567425569177,0,0,Low,0,1,0.6931471805599453,0.08394187227746855,0.3501548885260411,1,0
QN0504,Middle Village,Queens,11.42,154,4.12,184,14.87,97,-684793.762,3.9625,1,1,0,1,1,2024-07-31,QN05,240.0,0.0,0.08756567425569177,0,0,Low,0,1,0.6931471805599453,0.08394187227746855,0.3501548885260411,1,0
QN0504,Middle Village,Queens,11.42,154,4.12,184,14.87,97,-684793.762,3.9625,1,1,0,1,1,2024-08-31,QN05,242.0,0.0,0.08756567425569177,0,0,Low,0,1,0.6931471805599453,0.08394187227746855,0.3501548885260411,1,0
QN0504,Middle Village,Queens,11.42,154,4.12,184,14.87,97,-684793.762,3.9625,1,1,0,1,1,2024-09-30,QN05,234.0,0.0,0.08756567425569177,0,0,Low,0,1,0.6931471805599453,0.08394187227746855,0.3501548885260411,1,0
QN0504,Middle Village,Queens,11.42,154,4.12,184,14.87,97,-684793.762,3.9625,1,1,0,1,1,2024-10-31,QN05,246.0,0.0,0.08756567425569177,0,0,Low,0,1,0.6931471805599453,0.08394187227746855,0.3501548885260411,1,0
QN0504,Middle Village,Queens,11.42,154,4.12,184,14.87,97,-684793.762,3.9625,1,1,0,1,1,2024-11-30,QN05,224.0,0.0,0.08756567425569177,0,0,Low,0,1,0.6931471805599453,0.08394187227746855,0.3501548885260411,1,0
QN0504,Middle Village,Queens,11.42,154,4.12,184,14.87,97,-684793.762,3.9625,1,1,0,1,1,2024-12-31,QN05,232.0,0.0,0.08756567425569177,0,0,Low,0,1,0.6931471805599453,0.08394187227746855,0.3501548885260411,1,0
QN1201,Jamaica,Queens,13.23,130,9.36,43,23.81,20,-2384216.4403,3.9281,12,10,2,10,3,2023-01-31,QN12,1410.0,1.0,0.9070294784580498,0,1,High,1,1,2.5649493574615367,0.645546784526102,0.34490546458927834,0,1
QN1201,Jamaica,Queens,13.23,130,9.36,43,23.81,20,-2384216.4403,3.9281,12,10,2,10,3,2023-02-28,QN12,1421.0,1.0,0.9070294784580498,0,1,High,1,1,2.5649493574615367,0.645546784526102,0.34490546458927834,0,1
QN1201,Jamaica,Queens,13.23,130,9.36,43,23.81,20,-2384216.4403,3.9281,12,10,2,10,3,2023-03-31,QN12,1354.0,1.0,0.9070294784580498,0,1,High,1,1,2.5649493574615367,0.645546784526102,0.34490546458927834,0,1
QN1201,Jamaica,Queens,13.23,130,9.36,43,23.81,20,-2384216.4403,3.9281,12,10,2,10,3,2023-04-30,QN12,1405.0,1.0,0.9070294784580498,0,1,High,1,1,2.5649493574615367,0.645546784526102,0.34490546458927834,0,1
QN1201,Jamaica,Queens,13.23,130,9.36,43,23.81,20,-2384216.4403,3.9281,12,10,2,10,3,2023-05-31,QN12,1421.0,1.0,0.9070294784580498,0,1,High,1,1,2.5649493574615367,0.645546784526102,0.34490546458927834,0,1
QN1201,Jamaica,Queens,13.23,130,9.36,43,23.81,20,-2384216.4403,3.9281,12,10,2,10,3,2023-06-30,QN12,1439.0,1.0,0.9070294784580498,0,1,High,1,1,2.5649493574615367,0.645546784526102,0.34490546458927834,0,1
QN1201,Jamaica,Queens,13.23,130,9.36,43,23.81,20,-2384216.4403,3.9281,12,10,2,10,3,2023-07-31,QN12,1384.0,1.0,0.9070294784580498,0,1,High,1,1,2.5649493574615367,0.645546784526102,0.34490546458927834,0,1
QN1201,Jamaica,Queens,13.23,130,9.36,43,23.81,20,-2384216.4403,3.9281,12,10,2,10,3,2023-08-31,QN12,1414.0,1.0,0.9070294784580498,0,1,High,1,1,2.5649493574615367,0.645546784526102,0.34490546458927834,0,1
QN1201,Jamaica,Queens,13.23,130,9.36,43,23.81,20,-2384216.4403,3.9281,12,10,2,10,3,2023-09-30,QN12,1390.0,1.0,0.9070294784580498,0,1,High,1,1,2.5649493574615367,0.645546784526102,0.34490546458927834,0,1
QN1201,Jamaica,Queens,13.23,130,9.36,43,23.81,20,-2384216.4403,3.9281,12,10,2,10,3,2023-10-31,QN12,1422.0,1.0,0.9070294784580498,0,1,High,1,1,2.5649493574615367,0.645546784526102,0.34490546458927834,0,1
QN1201,Jamaica,Queens,13.23,130,9.36,43,23.81,20,-2384216.4403,3.9281,12,10,2,10,3,2023-11-30,QN12,1523.0,1.0,0.9070294784580498,0,1,High,1,1,2.5649493574615367,0.645546784526102,0.34490546458927834,0,1
QN1201,Jamaica,Queens,13.23,130,9.36,43,23.81,20,-2384216.4403,3.9281,12,10,2,10,3,2023-12-31,QN12,2019.0,1.0,0.9070294784580498,0,1,High,1,1,2.5649493574615367,0.645546784526102,0.34490546458927834,0,1
QN1201,Jamaica,Queens,13.23,130,9.36,43,23.81,20,-2384216.4403,3.9281,12,10,2,10,3,2024-01-31,QN12,2285.0,1.0,0.9070294784580498,0,1,High,1,1,2.5649493574615367,0.645546784526102,0.34490546458927834,0,1
QN1201,Jamaica,Queens,13.23,130,9.36,43,23.81,20,-2384216.4403,3.9281,12,10,2,10,3,2024-02-29,QN12,2246.0,1.0,0.9070294784580498,0,1,High,1,1,2.5649493574615367,0.645546784526102,0.34490546458927834,0,1
QN1201,Jamaica,Queens,13.23,130,9.36,43,23.81,20,-2384216.4403,3.9281,12,10,2,10,3,2024-03-31,QN12,2245.0,1.0,0.9070294784580498,0,1,High,1,1,2.5649493574615367,0.645546784526102,0.34490546458927834,0,1
QN1201,Jamaica,Queens,13.23,130,9.36,43,23.81,20,-2384216.4403,3.9281,12,10,2,10,3,2024-04-30,QN12,2199.0,1.0,0.9070294784580498,0,1,High,1,1,2.5649493574615367,0.645546784526102,0.34490546458927834,0,1
QN1201,Jamaica,Queens,13.23,130,9.36,43,23.81,20,-2384216.4403,3.9281,12,10,2,10,3,2024-05-31,QN12,2149.0,1.0,0.9070294784580498,0,1,High,1,1,2.5649493574615367,0.645546784526102,0.34490546458927834,0,1
QN1201,Jamaica,Queens,13.23,130,9.36,43,23.81,20,-2384216.4403,3.9281,12,10,2,10,3,2024-06-30,QN12,1333.0,1.0,0.9070294784580498,0,1,High,1,1,2.5649493574615367,0.645546784526102,0.34490546458927834,0,1
QN1201,Jamaica,Queens,13.23,130,9.36,43,23.81,20,-2384216.4403,3.9281,12,10,2,10,3,2024-07-31,QN12,1348.0,1.0,0.9070294784580498,0,1,High,1,1,2.5649493574615367,0.645546784526102,0.34490546458927834,0,1
QN1201,Jamaica,Queens,13.23,130,9.36,43,23.81,20,-2384216.4403,3.9281,12,10,2,10,3,2024-08-31,QN12,1403.0,1.0,0.9070294784580498,0,1,High,1,1,2.5649493574615367,0.645546784526102,0.34490546458927834,0,1
QN1201,Jamaica,Queens,13.23,130,9.36,43,23.81,20,-2384216.4403,3.9281,12,10,2,10,3,2024-09-30,QN12,1389.0,1.0,0.9070294784580498,0,1,High,1,1,2.5649493574615367,0.645546784526102,0.34490546458927834,0,1
QN1201,Jamaica,Queens,13.23,130,9.36,43,23.81,20,-2384216.4403,3.9281,12,10,2,10,3,2024-10-31,QN12,1377.0,1.0,0.9070294784580498,0,1,High,1,1,2.5649493574615367,0.645546784526102,0.34490546458927834,0,1
QN1201,Jamaica,Queens,13.23,130,9.36,43,23.81,20,-2384216.4403,3.9281,12,10,2,10,3,2024-11-30,QN12,1396.0,1.0,0.9070294784580498,0,1,High,1,1,2.5649493574615367,0.645546784526102,0.34490546458927834,0,1
QN1201,Jamaica,Queens,13.23,130,9.36,43,23.81,20,-2384216.4403,3.9281,12,10,2,10,3,2024-12-31,QN12,1368.0,1.0,0.9070294784580498,0,1,High,1,1,2.5649493574615367,0.645546784526102,0.34490546458927834,0,1
QN1304,Cambria Heights,Queens,3.41,196,5.42,153,12.15,151,-882718.7291,3.9054,1,1,0,0,1,2023-01-31,QN13,830.0,1.0,0.29325513196480935,0,1,High,0,1,0.6931471805599453,0.2571623981633292,0.34144145518914715,0,1
QN1304,Cambria Heights,Queens,3.41,196,5.42,153,12.15,151,-882718.7291,3.9054,1,1,0,0,1,2023-02-28,QN13,854.0,1.0,0.29325513196480935,0,1,High,0,1,0.6931471805599453,0.2571623981633292,0.34144145518914715,0,1
QN1304,Cambria Heights,Queens,3.41,196,5.42,153,12.15,151,-882718.7291,3.9054,1,1,0,0,1,2023-03-31,QN13,832.0,1.0,0.29325513196480935,0,1,High,0,1,0.6931471805599453,0.2571623981633292,0.34144145518914715,0,1
QN1304,Cambria Heights,Queens,3.41,196,5.42,153,12.15,151,-882718.7291,3.9054,1,1,0,0,1,2023-04-30,QN13,857.0,1.0,0.29325513196480935,0,1,High,0,1,0.6931471805599453,0.2571623981633292,0.34144145518914715,0,1
QN1304,Cambria Heights,Queens,3.41,196,5.42,153,12.15,151,-882718.7291,3.9054,1,1,0,0,1,2023-05-31,QN13,859.0,1.0,0.29325513196480935,0,1,High,0,1,0.6931471805599453,0.2571623981633292,0.34144145518914715,0,1
QN1304,Cambria Heights,Queens,3.41,196,5.42,153,12.15,151,-882718.7291,3.9054,1,1,0,0,1,2023-06-30,QN13,867.0,1.0,0.29325513196480935,0,1,High,0,1,0.6931471805599453,0.2571623981633292,0.34144145518914715,0,1
QN1304,Cambria Heights,Queens,3.41,196,5.42,153,12.15,151,-882718.7291,3.9054,1,1,0,0,1,2023-07-31,QN13,847.0,1.0,0.29325513196480935,0,1,High,0,1,0.6931471805599453,0.2571623981633292,0.34144145518914715,0,1
QN1304,Cambria Heights,Queens,3.41,196,5.42,153,12.15,151,-882718.7291,3.9054,1,1,0,0,1,2023-08-31,QN13,854.0,1.0,0.29325513196480935,0,1,High,0,1,0.6931471805599453,0.2571623981633292,0.34144145518914715,0,1
QN1304,Cambria Heights,Queens,3.41,196,5.42,153,12.15,151,-882718.7291,3.9054,1,1,0,0,1,2023-09-30,QN13,854.0,1.0,0.29325513196480935,0,1,High,0,1,0.6931471805599453,0.2571623981633292,0.34144145518914715,0,1
QN1304,Cambria Heights,Queens,3.41,196,5.42,153,12.15,151,-882718.7291,3.9054,1,1,0,0,1,2023-10-31,QN13,856.0,1.0,0.29325513196480935,0,1,High,0,1,0.6931471805599453,0.2571623981633292,0.34144145518914715,0,1
QN1304,Cambria Heights,Queens,3.41,196,5.42,153,12.15,151,-882718.7291,3.9054,1,1,0,0,1,2023-11-30,QN13,866.0,1.0,0.29325513196480935,0,1,High,0,1,0.6931471805599453,0.2571623981633292,0.34144145518914715,0,1
QN1304,Cambria Heights,Queens,3.41,196,5.42,153,12.15,151,-882718.7291,3.9054,1,1,0,0,1,2023-12-31,QN13,864.0,1.0,0.29325513196480935,0,1,High,0,1,0.6931471805599453,0.2571623981633292,0.34144145518914715,0,1
QN1304,Cambria Heights,Queens,3.41,196,5.42,153,12.15,151,-882718.7291,3.9054,1,1,0,0,1,2024-01-31,QN13,853.0,1.0,0.29325513196480935,0,1,High,0,1,0.6931471805599453,0.2571623981633292,0.34144145518914715,0,1
QN1304,Cambria Heights,Queens,3.41,196,5.42,153,12.15,151,-882718.7291,3.9054,1,1,0,0,1,2024-02-29,QN13,847.0,1.0,0.29325513196480935,0,1,High,0,1,0.6931471805599453,0.2571623981633292,0.34144145518914715,0,1
QN1304,Cambria Heights,Queens,3.41,196,5.42,153,12.15,151,-882718.7291,3.9054,1,1,0,0,1,2024-03-31,QN13,837.0,1.0,0.29325513196480935,0,1,High,0,1,0.6931471805599453,0.2571623981633292,0.34144145518914715,0,1
QN1304,Cambria Heights,Queens,3.41,196,5.42,153,12.15,151,-882718.7291,3.9054,1,1,0,0,1,2024-04-30,QN13,817.0,1.0,0.29325513196480935,0,1,High,0,1,0.6931471805599453,0.2571623981633292,0.34144145518914715,0,1
QN1304,Cambria Heights,Queens,3.41,196,5.42,153,12.15,151,-882718.7291,3.9054,1,1,0,0,1,2024-05-31,QN13,801.0,1.0,0.29325513196480935,0,1,High,0,1,0.6931471805599453,0.2571623981633292,0.34144145518914715,0,1
QN1304,Cambria Heights,Queens,3.41,196,5.42,153,12.15,151,-882718.7291,3.9054,1,1,0,0,1,2024-06-30,QN13,803.0,1.0,0.29325513196480935,0,1,High,0,1,0.6931471805599453,0.2571623981633292,0.34144145518914715,0,1
QN1304,Cambria Heights,Queens,3.41,196,5.42,153,12.15,151,-882718.7291,3.9054,1,1,0,0,1,2024-07-31,QN13,793.0,1.0,0.29325513196480935,0,1,High,0,1,0.6931471805599453,0.2571623981633292,0.34144145518914715,0,1
QN1304,Cambria Heights,Queens,3.41,196,5.42,153,12.15,151,-882718.7291,3.9054,1,1,0,0,1,2024-08-31,QN13,876.0,1.0,0.29325513196480935,0,1,High,0,1,0.6931471805599453,0.2571623981633292,0.34144145518914715,0,1
QN1304,Cambria Heights,Queens,3.41,196,5.42,153,12.15,151,-882718.7291,3.9054,1,1,0,0,1,2024-09-30,QN13,836.0,1.0,0.29325513196480935,0,1,High,0,1,0.6931471805599453,0.2571623981633292,0.34144145518914715,0,1
QN1304,Cambria Heights,Queens,3.41,196,5.42,153,12.15,151,-882718.7291,3.9054,1,1,0,0,1,2024-10-31,QN13,854.0,1.0,0.29325513196480935,0,1,High,0,1,0.6931471805599453,0.2571623981633292,0.34144145518914715,0,1
QN1304,Cambria Heights,Queens,3.41,196,5.42,153,12.15,151,-882718.7291,3.9054,1,1,0,0,1,2024-11-30,QN13,802.0,1.0,0.29325513196480935,0,1,High,0,1,0.6931471805599453,0.2571623981633292,0.34144145518914715,0,1
QN1304,Cambria Heights,Queens,3.41,196,5.42,153,12.15,151,-882718.7291,3.9054,1,1,0,0,1,2024-12-31,QN13,765.0,0.0,0.29325513196480935,0,1,High,0,1,0.6931471805599453,0.2571623981633292,0.34144145518914715,0,1
MN1001,Harlem (South),Manhattan,15.12,101,6.92,110,11.88,156,-1608497.9919,3.8079,6,4,2,5,2,2023-01-31,MN10,682.0,0.0,0.39682539682539686,0,1,High,1,1,1.9459101490553132,0.3342020880866738,0.3265630007172178,0,1
MN1001,Harlem (South),Manhattan,15.12,101,6.92,110,11.88,156,-1608497.9919,3.8079,6,4,2,5,2,2023-02-28,MN10,671.0,0.0,0.39682539682539686,0,1,High,1,1,1.9459101490553132,0.3342020880866738,0.3265630007172178,0,1
MN1001,Harlem (South),Manhattan,15.12,101,6.92,110,11.88,156,-1608497.9919,3.8079,6,4,2,5,2,2023-03-31,MN10,681.0,0.0,0.39682539682539686,0,1,High,1,1,1.9459101490553132,0.3342020880866738,0.3265630007172178,0,1
MN1001,Harlem (South),Manhattan,15.12,101,6.92,110,11.88,156,-1608497.9919,3.8079,6,4,2,5,2,2023-04-30,MN10,697.0,0.0,0.39682539682539686,0,1,High,1,1,1.9459101490553132,0.3342020880866738,0.3265630007172178,0,1
MN1001,Harlem (South),Manhattan,15.12,101,6.92,110,11.88,156,-1608497.9919,3.8079,6,4,2,5,2,2023-05-31,MN10,661.0,0.0,0.39682539682539686,0,1,High,1,1,1.9459101490553132,0.3342020880866738,0.3265630007172178,0,1
MN1001,Harlem (South),Manhattan,15.12,101,6.92,110,11.88,156,-1608497.9919,3.8079,6,4,2,5,2,2023-06-30,MN10,630.0,0.0,0.39682539682539686,0,1,High,1,1,1.9459101490553132,0.3342020880866738,0.3265630007172178,0,1
MN1001,Harlem (South),Manhattan,15.12,101,6.92,110,11.88,156,-1608497.9919,3.8079,6,4,2,5,2,2023-07-31,MN10,619.0,0.0,0.39682539682539686,0,1,High,1,1,1.9459101490553132,0.3342020880866738,0.3265630007172178,0,1
MN1001,Harlem (South),Manhattan,15.12,101,6.92,110,11.88,156,-1608497.9919,3.8079,6,4,2,5,2,2023-08-31,MN10,613.0,0.0,0.39682539682539686,0,1,High,1,1,1.9459101490553132,0.3342020880866738,0.3265630007172178,0,1
MN1001,Harlem (South),Manhattan,15.12,101,6.92,110,11.88,156,-1608497.9919,3.8079,6,4,2,5,2,2023-09-30,MN10,612.0,0.0,0.39682539682539686,0,1,High,1,1,1.9459101490553132,0.3342020880866738,0.3265630007172178,0,1
MN1001,Harlem (South),Manhattan,15.12,101,6.92,110,11.88,156,-1608497.9919,3.8079,6,4,2,5,2,2023-10-31,MN10,602.0,0.0,0.39682539682539686,0,1,High,1,1,1.9459101490553132,0.3342020880866738,0.3265630007172178,0,1
MN1001,Harlem (South),Manhattan,15.12,101,6.92,110,11.88,156,-1608497.9919,3.8079,6,4,2,5,2,2023-11-30,MN10,600.0,0.0,0.39682539682539686,0,1,High,1,1,1.9459101490553132,0.3342020880866738,0.3265630007172178,0,1
MN1001,Harlem (South),Manhattan,15.12,101,6.92,110,11.88,156,-1608497.9919,3.8079,6,4,2,5,2,2023-12-31,MN10,575.0,0.0,0.39682539682539686,0,1,High,1,1,1.9459101490553132,0.3342020880866738,0.3265630007172178,0,1
MN1001,Harlem (South),Manhattan,15.12,101,6.92,110,11.88,156,-1608497.9919,3.8079,6,4,2,5,2,2024-01-31,MN10,581.0,0.0,0.39682539682539686,0,1,High,1,1,1.9459101490553132,0.3342020880866738,0.3265630007172178,0,1
MN1001,Harlem (South),Manhattan,15.12,101,6.92,110,11.88,156,-1608497.9919,3.8079,6,4,2,5,2,2024-02-29,MN10,565.0,0.0,0.39682539682539686,0,1,High,1,1,1.9459101490553132,0.3342020880866738,0.3265630007172178,0,1
MN1001,Harlem (South),Manhattan,15.12,101,6.92,110,11.88,156,-1608497.9919,3.8079,6,4,2,5,2,2024-03-31,MN10,569.0,0.0,0.39682539682539686,0,1,High,1,1,1.9459101490553132,0.3342020880866738,0.3265630007172178,0,1
MN1001,Harlem (South),Manhattan,15.12,101,6.92,110,11.88,156,-1608497.9919,3.8079,6,4,2,5,2,2024-04-30,MN10,578.0,0.0,0.39682539682539686,0,1,High,1,1,1.9459101490553132,0.3342020880866738,0.3265630007172178,0,1
MN1001,Harlem (South),Manhattan,15.12,101,6.92,110,11.88,156,-1608497.9919,3.8079,6,4,2,5,2,2024-05-31,MN10,589.0,0.0,0.39682539682539686,0,1,High,1,1,1.9459101490553132,0.3342020880866738,0.3265630007172178,0,1
MN1001,Harlem (South),Manhattan,15.12,101,6.92,110,11.88,156,-1608497.9919,3.8079,6,4,2,5,2,2024-06-30,MN10,588.0,0.0,0.39682539682539686,0,1,High,1,1,1.9459101490553132,0.3342020880866738,0.3265630007172178,0,1
MN1001,Harlem (South),Manhattan,15.12,101,6.92,110,11.88,156,-1608497.9919,3.8079,6,4,2,5,2,2024-07-31,MN10,592.0,0.0,0.39682539682539686,0,1,High,1,1,1.9459101490553132,0.3342020880866738,0.3265630007172178,0,1
MN1001,Harlem (South),Manhattan,15.12,101,6.92,110,11.88,156,-1608497.9919,3.8079,6,4,2,5,2,2024-08-31,MN10,622.0,0.0,0.39682539682539686,0,1,High,1,1,1.9459101490553132,0.3342020880866738,0.3265630007172178,0,1
MN1001,Harlem (South),Manhattan,15.12,101,6.92,110,11.88,156,-1608497.9919,3.8079,6,4,2,5,2,2024-09-30,MN10,582.0,0.0,0.39682539682539686,0,1,High,1,1,1.9459101490553132,0.3342020880866738,0.3265630007172178,0,1
MN1001,Harlem (South),Manhattan,15.12,101,6.92,110,11.88,156,-1608497.9919,3.8079,6,4,2,5,2,2024-10-31,MN10,581.0,0.0,0.39682539682539686,0,1,High,1,1,1.9459101490553132,0.3342020880866738,0.3265630007172178,0,1
MN1001,Harlem (South),Manhattan,15.12,101,6.92,110,11.88,156,-1608497.9919,3.8079,6,4,2,5,2,2024-11-30,MN10,618.0,0.0,0.39682539682539686,0,1,High,1,1,1.9459101490553132,0.3342020880866738,0.3265630007172178,0,1
MN1001,Harlem (South),Manhattan,15.12,101,6.92,110,11.88,156,-1608497.9919,3.8079,6,4,2,5,2,2024-12-31,MN10,616.0,0.0,0.39682539682539686,0,1,High,1,1,1.9459101490553132,0.3342020880866738,0.3265630007172178,0,1
QN1303,Queens Village,Queens,9.2,178,9.17,45,15.5,86,-1891016.6741,3.7446,5,5,0,4,1,2023-01-31,QN13,830.0,1.0,0.5434782608695653,0,1,High,0,1,1.791759469228055,0.4340384805522205,0.31690345027544214,0,1
QN1303,Queens Village,Queens,9.2,178,9.17,45,15.5,86,-1891016.6741,3.7446,5,5,0,4,1,2023-02-28,QN13,854.0,1.0,0.5434782608695653,0,1,High,0,1,1.791759469228055,0.4340384805522205,0.31690345027544214,0,1
QN1303,Queens Village,Queens,9.2,178,9.17,45,15.5,86,-1891016.6741,3.7446,5,5,0,4,1,2023-03-31,QN13,832.0,1.0,0.5434782608695653,0,1,High,0,1,1.791759469228055,0.4340384805522205,0.31690345027544214,0,1
QN1303,Queens Village,Queens,9.2,178,9.17,45,15.5,86,-1891016.6741,3.7446,5,5,0,4,1,2023-04-30,QN13,857.0,1.0,0.5434782608695653,0,1,High,0,1,1.791759469228055,0.4340384805522205,0.31690345027544214,0,1
QN1303,Queens Village,Queens,9.2,178,9.17,45,15.5,86,-1891016.6741,3.7446,5,5,0,4,1,2023-05-31,QN13,859.0,1.0,0.5434782608695653,0,1,High,0,1,1.791759469228055,0.4340384805522205,0.31690345027544214,0,1
QN1303,Queens Village,Queens,9.2,178,9.17,45,15.5,86,-1891016.6741,3.7446,5,5,0,4,1,2023-06-30,QN13,867.0,1.0,0.5434782608695653,0,1,High,0,1,1.791759469228055,0.4340384805522205,0.31690345027544214,0,1
QN1303,Queens Village,Queens,9.2,178,9.17,45,15.5,86,-1891016.6741,3.7446,5,5,0,4,1,2023-07-31,QN13,847.0,1.0,0.5434782608695653,0,1,High,0,1,1.791759469228055,0.4340384805522205,0.31690345027544214,0,1
QN1303,Queens Village,Queens,9.2,178,9.17,45,15.5,86,-1891016.6741,3.7446,5,5,0,4,1,2023-08-31,QN13,854.0,1.0,0.5434782608695653,0,1,High,0,1,1.791759469228055,0.4340384805522205,0.31690345027544214,0,1
QN1303,Queens Village,Queens,9.2,178,9.17,45,15.5,86,-1891016.6741,3.7446,5,5,0,4,1,2023-09-30,QN13,854.0,1.0,0.5434782608695653,0,1,High,0,1,1.791759469228055,0.4340384805522205,0.31690345027544214,0,1
QN1303,Queens Village,Queens,9.2,178,9.17,45,15.5,86,-1891016.6741,3.7446,5,5,0,4,1,2023-10-31,QN13,856.0,1.0,0.5434782608695653,0,1,High,0,1,1.791759469228055,0.4340384805522205,0.31690345027544214,0,1
QN1303,Queens Village,Queens,9.2,178,9.17,45,15.5,86,-1891016.6741,3.7446,5,5,0,4,1,2023-11-30,QN13,866.0,1.0,0.5434782608695653,0,1,High,0,1,1.791759469228055,0.4340384805522205,0.31690345027544214,0,1
QN1303,Queens Village,Queens,9.2,178,9.17,45,15.5,86,-1891016.6741,3.7446,5,5,0,4,1,2023-12-31,QN13,864.0,1.0,0.5434782608695653,0,1,High,0,1,1.791759469228055,0.4340384805522205,0.31690345027544214,0,1
QN1303,Queens Village,Queens,9.2,178,9.17,45,15.5,86,-1891016.6741,3.7446,5,5,0,4,1,2024-01-31,QN13,853.0,1.0,0.5434782608695653,0,1,High,0,1,1.791759469228055,0.4340384805522205,0.31690345027544214,0,1
QN1303,Queens Village,Queens,9.2,178,9.17,45,15.5,86,-1891016.6741,3.7446,5,5,0,4,1,2024-02-29,QN13,847.0,1.0,0.5434782608695653,0,1,High,0,1,1.791759469228055,0.4340384805522205,0.31690345027544214,0,1
QN1303,Queens Village,Queens,9.2,178,9.17,45,15.5,86,-1891016.6741,3.7446,5,5,0,4,1,2024-03-31,QN13,837.0,1.0,0.5434782608695653,0,1,High,0,1,1.791759469228055,0.4340384805522205,0.31690345027544214,0,1
QN1303,Queens Village,Queens,9.2,178,9.17,45,15.5,86,-1891016.6741,3.7446,5,5,0,4,1,2024-04-30,QN13,817.0,1.0,0.5434782608695653,0,1,High,0,1,1.791759469228055,0.4340384805522205,0.31690345027544214,0,1
QN1303,Queens Village,Queens,9.2,178,9.17,45,15.5,86,-1891016.6741,3.7446,5,5,0,4,1,2024-05-31,QN13,801.0,1.0,0.5434782608695653,0,1,High,0,1,1.791759469228055,0.4340384805522205,0.31690345027544214,0,1
QN1303,Queens Village,Queens,9.2,178,9.17,45,15.5,86,-1891016.6741,3.7446,5,5,0,4,1,2024-06-30,QN13,803.0,1.0,0.5434782608695653,0,1,High,0,1,1.791759469228055,0.4340384805522205,0.31690345027544214,0,1
QN1303,Queens Village,Queens,9.2,178,9.17,45,15.5,86,-1891016.6741,3.7446,5,5,0,4,1,2024-07-31,QN13,793.0,1.0,0.5434782608695653,0,1,High,0,1,1.791759469228055,0.4340384805522205,0.31690345027544214,0,1
QN1303,Queens Village,Queens,9.2,178,9.17,45,15.5,86,-1891016.6741,3.7446,5,5,0,4,1,2024-08-31,QN13,876.0,1.0,0.5434782608695653,0,1,High,0,1,1.791759469228055,0.4340384805522205,0.31690345027544214,0,1
QN1303,Queens Village,Queens,9.2,178,9.17,45,15.5,86,-1891016.6741,3.7446,5,5,0,4,1,2024-09-30,QN13,836.0,1.0,0.5434782608695653,0,1,High,0,1,1.791759469228055,0.4340384805522205,0.31690345027544214,0,1
QN1303,Queens Village,Queens,9.2,178,9.17,45,15.5,86,-1891016.6741,3.7446,5,5,0,4,1,2024-10-31,QN13,854.0,1.0,0.5434782608695653,0,1,High,0,1,1.791759469228055,0.4340384805522205,0.31690345027544214,0,1
QN1303,Queens Village,Queens,9.2,178,9.17,45,15.5,86,-1891016.6741,3.7446,5,5,0,4,1,2024-11-30,QN13,802.0,1.0,0.5434782608695653,0,1,High,0,1,1.791759469228055,0.4340384805522205,0.31690345027544214,0,1
QN1303,Queens Village,Queens,9.2,178,9.17,45,15.5,86,-1891016.6741,3.7446,5,5,0,4,1,2024-12-31,QN13,765.0,0.0,0.5434782608695653,0,1,High,0,1,1.791759469228055,0.4340384805522205,0.31690345027544214,0,1
BK1601,Ocean Hill,Brooklyn,16.73,79,7.99,79,12.39,148,-2598736.7898,3.5362,7,5,2,4,3,2023-01-31,BK16,2394.0,1.0,0.41841004184100417,0,1,High,1,1,2.0794415416798357,0.3495365554489396,0.2851017075887748,0,1
BK1601,Ocean Hill,Brooklyn,16.73,79,7.99,79,12.39,148,-2598736.7898,3.5362,7,5,2,4,3,2023-02-28,BK16,2398.0,1.0,0.41841004184100417,0,1,High,1,1,2.0794415416798357,0.3495365554489396,0.2851017075887748,0,1
BK1601,Ocean Hill,Brooklyn,16.73,79,7.99,79,12.39,148,-2598736.7898,3.5362,7,5,2,4,3,2023-03-31,BK16,2379.0,1.0,0.41841004184100417,0,1,High,1,1,2.0794415416798357,0.3495365554489396,0.2851017075887748,0,1
BK1601,Ocean Hill,Brooklyn,16.73,79,7.99,79,12.39,148,-2598736.7898,3.5362,7,5,2,4,3,2023-04-30,BK16,2441.0,1.0,0.41841004184100417,0,1,High,1,1,2.0794415416798357,0.3495365554489396,0.2851017075887748,0,1
BK1601,Ocean Hill,Brooklyn,16.73,79,7.99,79,12.39,148,-2598736.7898,3.5362,7,5,2,4,3,2023-05-31,BK16,2380.0,1.0,0.41841004184100417,0,1,High,1,1,2.0794415416798357,0.3495365554489396,0.2851017075887748,0,1
BK1601,Ocean Hill,Brooklyn,16.73,79,7.99,79,12.39,148,-2598736.7898,3.5362,7,5,2,4,3,2023-06-30,BK16,2444.0,1.0,0.41841004184100417,0,1,High,1,1,2.0794415416798357,0.3495365554489396,0.2851017075887748,0,1
BK1601,Ocean Hill,Brooklyn,16.73,79,7.99,79,12.39,148,-2598736.7898,3.5362,7,5,2,4,3,2023-07-31,BK16,2570.0,1.0,0.41841004184100417,0,1,High,1,1,2.0794415416798357,0.3495365554489396,0.2851017075887748,0,1
BK1601,Ocean Hill,Brooklyn,16.73,79,7.99,79,12.39,148,-2598736.7898,3.5362,7,5,2,4,3,2023-08-31,BK16,2580.0,1.0,0.41841004184100417,0,1,High,1,1,2.0794415416798357,0.3495365554489396,0.2851017075887748,0,1
BK1601,Ocean Hill,Brooklyn,16.73,79,7.99,79,12.39,148,-2598736.7898,3.5362,7,5,2,4,3,2023-09-30,BK16,2532.0,1.0,0.41841004184100417,0,1,High,1,1,2.0794415416798357,0.3495365554489396,0.2851017075887748,0,1
BK1601,Ocean Hill,Brooklyn,16.73,79,7.99,79,12.39,148,-2598736.7898,3.5362,7,5,2,4,3,2023-10-31,BK16,2472.0,1.0,0.41841004184100417,0,1,High,1,1,2.0794415416798357,0.3495365554489396,0.2851017075887748,0,1
BK1601,Ocean Hill,Brooklyn,16.73,79,7.99,79,12.39,148,-2598736.7898,3.5362,7,5,2,4,3,2023-11-30,BK16,2392.0,1.0,0.41841004184100417,0,1,High,1,1,2.0794415416798357,0.3495365554489396,0.2851017075887748,0,1
BK1601,Ocean Hill,Brooklyn,16.73,79,7.99,79,12.39,148,-2598736.7898,3.5362,7,5,2,4,3,2023-12-31,BK16,2324.0,1.0,0.41841004184100417,0,1,High,1,1,2.0794415416798357,0.3495365554489396,0.2851017075887748,0,1
BK1601,Ocean Hill,Brooklyn,16.73,79,7.99,79,12.39,148,-2598736.7898,3.5362,7,5,2,4,3,2024-01-31,BK16,2394.0,1.0,0.41841004184100417,0,1,High,1,1,2.0794415416798357,0.3495365554489396,0.2851017075887748,0,1
BK1601,Ocean Hill,Brooklyn,16.73,79,7.99,79,12.39,148,-2598736.7898,3.5362,7,5,2,4,3,2024-02-29,BK16,2455.0,1.0,0.41841004184100417,0,1,High,1,1,2.0794415416798357,0.3495365554489396,0.2851017075887748,0,1
BK1601,Ocean Hill,Brooklyn,16.73,79,7.99,79,12.39,148,-2598736.7898,3.5362,7,5,2,4,3,2024-03-31,BK16,2365.0,1.0,0.41841004184100417,0,1,High,1,1,2.0794415416798357,0.3495365554489396,0.2851017075887748,0,1
BK1601,Ocean Hill,Brooklyn,16.73,79,7.99,79,12.39,148,-2598736.7898,3.5362,7,5,2,4,3,2024-04-30,BK16,2331.0,1.0,0.41841004184100417,0,1,High,1,1,2.0794415416798357,0.3495365554489396,0.2851017075887748,0,1
BK1601,Ocean Hill,Brooklyn,16.73,79,7.99,79,12.39,148,-2598736.7898,3.5362,7,5,2,4,3,2024-05-31,BK16,2250.0,1.0,0.41841004184100417,0,1,High,1,1,2.0794415416798357,0.3495365554489396,0.2851017075887748,0,1
BK1601,Ocean Hill,Brooklyn,16.73,79,7.99,79,12.39,148,-2598736.7898,3.5362,7,5,2,4,3,2024-06-30,BK16,2341.0,1.0,0.41841004184100417,0,1,High,1,1,2.0794415416798357,0.3495365554489396,0.2851017075887748,0,1
BK1601,Ocean Hill,Brooklyn,16.73,79,7.99,79,12.39,148,-2598736.7898,3.5362,7,5,2,4,3,2024-07-31,BK16,2314.0,1.0,0.41841004184100417,0,1,High,1,1,2.0794415416798357,0.3495365554489396,0.2851017075887748,0,1
BK1601,Ocean Hill,Brooklyn,16.73,79,7.99,79,12.39,148,-2598736.7898,3.5362,7,5,2,4,3,2024-08-31,BK16,2370.0,1.0,0.41841004184100417,0,1,High,1,1,2.0794415416798357,0.3495365554489396,0.2851017075887748,0,1
BK1601,Ocean Hill,Brooklyn,16.73,79,7.99,79,12.39,148,-2598736.7898,3.5362,7,5,2,4,3,2024-09-30,BK16,2420.0,1.0,0.41841004184100417,0,1,High,1,1,2.0794415416798357,0.3495365554489396,0.2851017075887748,0,1
BK1601,Ocean Hill,Brooklyn,16.73,79,7.99,79,12.39,148,-2598736.7898,3.5362,7,5,2,4,3,2024-10-31,BK16,2397.0,1.0,0.41841004184100417,0,1,High,1,1,2.0794415416798357,0.3495365554489396,0.2851017075887748,0,1
BK1601,Ocean Hill,Brooklyn,16.73,79,7.99,79,12.39,148,-2598736.7898,3.5362,7,5,2,4,3,2024-11-30,BK16,2402.0,1.0,0.41841004184100417,0,1,High,1,1,2.0794415416798357,0.3495365554489396,0.2851017075887748,0,1
BK1601,Ocean Hill,Brooklyn,16.73,79,7.99,79,12.39,148,-2598736.7898,3.5362,7,5,2,4,3,2024-12-31,BK16,2376.0,1.0,0.41841004184100417,0,1,High,1,1,2.0794415416798357,0.3495365554489396,0.2851017075887748,0,1
QN1305,Laurelton,Queens,2.92,197,5.04,167,11.34,163,-1331391.6492,3.4683,6,6,0,2,4,2023-01-31,QN13,830.0,1.0,2.0547945205479454,0,1,High,0,1,1.9459101490553132,1.1167123303117277,0.27474019929499016,0,1
QN1305,Laurelton,Queens,2.92,197,5.04,167,11.34,163,-1331391.6492,3.4683,6,6,0,2,4,2023-02-28,QN13,854.0,1.0,2.0547945205479454,0,1,High,0,1,1.9459101490553132,1.1167123303117277,0.27474019929499016,0,1
QN1305,Laurelton,Queens,2.92,197,5.04,167,11.34,163,-1331391.6492,3.4683,6,6,0,2,4,2023-03-31,QN13,832.0,1.0,2.0547945205479454,0,1,High,0,1,1.9459101490553132,1.1167123303117277,0.27474019929499016,0,1
QN1305,Laurelton,Queens,2.92,197,5.04,167,11.34,163,-1331391.6492,3.4683,6,6,0,2,4,2023-04-30,QN13,857.0,1.0,2.0547945205479454,0,1,High,0,1,1.9459101490553132,1.1167123303117277,0.27474019929499016,0,1
QN1305,Laurelton,Queens,2.92,197,5.04,167,11.34,163,-1331391.6492,3.4683,6,6,0,2,4,2023-05-31,QN13,859.0,1.0,2.0547945205479454,0,1,High,0,1,1.9459101490553132,1.1167123303117277,0.27474019929499016,0,1
QN1305,Laurelton,Queens,2.92,197,5.04,167,11.34,163,-1331391.6492,3.4683,6,6,0,2,4,2023-06-30,QN13,867.0,1.0,2.0547945205479454,0,1,High,0,1,1.9459101490553132,1.1167123303117277,0.27474019929499016,0,1
QN1305,Laurelton,Queens,2.92,197,5.04,167,11.34,163,-1331391.6492,3.4683,6,6,0,2,4,2023-07-31,QN13,847.0,1.0,2.0547945205479454,0,1,High,0,1,1.9459101490553132,1.1167123303117277,0.27474019929499016,0,1
QN1305,Laurelton,Queens,2.92,197,5.04,167,11.34,163,-1331391.6492,3.4683,6,6,0,2,4,2023-08-31,QN13,854.0,1.0,2.0547945205479454,0,1,High,0,1,1.9459101490553132,1.1167123303117277,0.27474019929499016,0,1
QN1305,Laurelton,Queens,2.92,197,5.04,167,11.34,163,-1331391.6492,3.4683,6,6,0,2,4,2023-09-30,QN13,854.0,1.0,2.0547945205479454,0,1,High,0,1,1.9459101490553132,1.1167123303117277,0.27474019929499016,0,1
QN1305,Laurelton,Queens,2.92,197,5.04,167,11.34,163,-1331391.6492,3.4683,6,6,0,2,4,2023-10-31,QN13,856.0,1.0,2.0547945205479454,0,1,High,0,1,1.9459101490553132,1.1167123303117277,0.27474019929499016,0,1
QN1305,Laurelton,Queens,2.92,197,5.04,167,11.34,163,-1331391.6492,3.4683,6,6,0,2,4,2023-11-30,QN13,866.0,1.0,2.0547945205479454,0,1,High,0,1,1.9459101490553132,1.1167123303117277,0.27474019929499016,0,1
QN1305,Laurelton,Queens,2.92,197,5.04,167,11.34,163,-1331391.6492,3.4683,6,6,0,2,4,2023-12-31,QN13,864.0,1.0,2.0547945205479454,0,1,High,0,1,1.9459101490553132,1.1167123303117277,0.27474019929499016,0,1
QN1305,Laurelton,Queens,2.92,197,5.04,167,11.34,163,-1331391.6492,3.4683,6,6,0,2,4,2024-01-31,QN13,853.0,1.0,2.0547945205479454,0,1,High,0,1,1.9459101490553132,1.1167123303117277,0.27474019929499016,0,1
QN1305,Laurelton,Queens,2.92,197,5.04,167,11.34,163,-1331391.6492,3.4683,6,6,0,2,4,2024-02-29,QN13,847.0,1.0,2.0547945205479454,0,1,High,0,1,1.9459101490553132,1.1167123303117277,0.27474019929499016,0,1
QN1305,Laurelton,Queens,2.92,197,5.04,167,11.34,163,-1331391.6492,3.4683,6,6,0,2,4,2024-03-31,QN13,837.0,1.0,2.0547945205479454,0,1,High,0,1,1.9459101490553132,1.1167123303117277,0.27474019929499016,0,1
QN1305,Laurelton,Queens,2.92,197,5.04,167,11.34,163,-1331391.6492,3.4683,6,6,0,2,4,2024-04-30,QN13,817.0,1.0,2.0547945205479454,0,1,High,0,1,1.9459101490553132,1.1167123303117277,0.27474019929499016,0,1
QN1305,Laurelton,Queens,2.92,197,5.04,167,11.34,163,-1331391.6492,3.4683,6,6,0,2,4,2024-05-31,QN13,801.0,1.0,2.0547945205479454,0,1,High,0,1,1.9459101490553132,1.1167123303117277,0.27474019929499016,0,1
QN1305,Laurelton,Queens,2.92,197,5.04,167,11.34,163,-1331391.6492,3.4683,6,6,0,2,4,2024-06-30,QN13,803.0,1.0,2.0547945205479454,0,1,High,0,1,1.9459101490553132,1.1167123303117277,0.27474019929499016,0,1
QN1305,Laurelton,Queens,2.92,197,5.04,167,11.34,163,-1331391.6492,3.4683,6,6,0,2,4,2024-07-31,QN13,793.0,1.0,2.0547945205479454,0,1,High,0,1,1.9459101490553132,1.1167123303117277,0.27474019929499016,0,1
QN1305,Laurelton,Queens,2.92,197,5.04,167,11.34,163,-1331391.6492,3.4683,6,6,0,2,4,2024-08-31,QN13,876.0,1.0,2.0547945205479454,0,1,High,0,1,1.9459101490553132,1.1167123303117277,0.27474019929499016,0,1
QN1305,Laurelton,Queens,2.92,197,5.04,167,11.34,163,-1331391.6492,3.4683,6,6,0,2,4,2024-09-30,QN13,836.0,1.0,2.0547945205479454,0,1,High,0,1,1.9459101490553132,1.1167123303117277,0.27474019929499016,0,1
QN1305,Laurelton,Queens,2.92,197,5.04,167,11.34,163,-1331391.6492,3.4683,6,6,0,2,4,2024-10-31,QN13,854.0,1.0,2.0547945205479454,0,1,High,0,1,1.9459101490553132,1.1167123303117277,0.27474019929499016,0,1
QN1305,Laurelton,Queens,2.92,197,5.04,167,11.34,163,-1331391.6492,3.4683,6,6,0,2,4,2024-11-30,QN13,802.0,1.0,2.0547945205479454,0,1,High,0,1,1.9459101490553132,1.1167123303117277,0.27474019929499016,0,1
QN1305,Laurelton,Queens,2.92,197,5.04,167,11.34,163,-1331391.6492,3.4683,6,6,0,2,4,2024-12-31,QN13,765.0,0.0,2.0547945205479454,0,1,High,0,1,1.9459101490553132,1.1167123303117277,0.27474019929499016,0,1
SI0102,Tompkinsville-Stapleton-Clifton-Fox Hills,Staten Island,8.85,182,6.87,113,14.29,105,-1977610.2306,3.3294,10,6,4,8,4,2023-01-31,SI01,129.0,0.0,1.1299435028248588,0,1,High,1,1,2.3978952727983707,0.7560954548741816,0.25354412415498007,0,1
SI0102,Tompkinsville-Stapleton-Clifton-Fox Hills,Staten Island,8.85,182,6.87,113,14.29,105,-1977610.2306,3.3294,10,6,4,8,4,2023-02-28,SI01,109.0,0.0,1.1299435028248588,0,1,High,1,1,2.3978952727983707,0.7560954548741816,0.25354412415498007,0,1
SI0102,Tompkinsville-Stapleton-Clifton-Fox Hills,Staten Island,8.85,182,6.87,113,14.29,105,-1977610.2306,3.3294,10,6,4,8,4,2023-03-31,SI01,135.0,0.0,1.1299435028248588,0,1,High,1,1,2.3978952727983707,0.7560954548741816,0.25354412415498007,0,1
SI0102,Tompkinsville-Stapleton-Clifton-Fox Hills,Staten Island,8.85,182,6.87,113,14.29,105,-1977610.2306,3.3294,10,6,4,8,4,2023-04-30,SI01,138.0,0.0,1.1299435028248588,0,1,High,1,1,2.3978952727983707,0.7560954548741816,0.25354412415498007,0,1
SI0102,Tompkinsville-Stapleton-Clifton-Fox Hills,Staten Island,8.85,182,6.87,113,14.29,105,-1977610.2306,3.3294,10,6,4,8,4,2023-05-31,SI01,143.0,0.0,1.1299435028248588,0,1,High,1,1,2.3978952727983707,0.7560954548741816,0.25354412415498007,0,1
SI0102,Tompkinsville-Stapleton-Clifton-Fox Hills,Staten Island,8.85,182,6.87,113,14.29,105,-1977610.2306,3.3294,10,6,4,8,4,2023-06-30,SI01,139.0,0.0,1.1299435028248588,0,1,High,1,1,2.3978952727983707,0.7560954548741816,0.25354412415498007,0,1
SI0102,Tompkinsville-Stapleton-Clifton-Fox Hills,Staten Island,8.85,182,6.87,113,14.29,105,-1977610.2306,3.3294,10,6,4,8,4,2023-07-31,SI01,143.0,0.0,1.1299435028248588,0,1,High,1,1,2.3978952727983707,0.7560954548741816,0.25354412415498007,0,1
SI0102,Tompkinsville-Stapleton-Clifton-Fox Hills,Staten Island,8.85,182,6.87,113,14.29,105,-1977610.2306,3.3294,10,6,4,8,4,2023-08-31,SI01,151.0,0.0,1.1299435028248588,0,1,High,1,1,2.3978952727983707,0.7560954548741816,0.25354412415498007,0,1
SI0102,Tompkinsville-Stapleton-Clifton-Fox Hills,Staten Island,8.85,182,6.87,113,14.29,105,-1977610.2306,3.3294,10,6,4,8,4,2023-09-30,SI01,132.0,0.0,1.1299435028248588,0,1,High,1,1,2.3978952727983707,0.7560954548741816,0.25354412415498007,0,1
SI0102,Tompkinsville-Stapleton-Clifton-Fox Hills,Staten Island,8.85,182,6.87,113,14.29,105,-1977610.2306,3.3294,10,6,4,8,4,2023-10-31,SI01,153.0,0.0,1.1299435028248588,0,1,High,1,1,2.3978952727983707,0.7560954548741816,0.25354412415498007,0,1
SI0102,Tompkinsville-Stapleton-Clifton-Fox Hills,Staten Island,8.85,182,6.87,113,14.29,105,-1977610.2306,3.3294,10,6,4,8,4,2023-11-30,SI01,150.0,0.0,1.1299435028248588,0,1,High,1,1,2.3978952727983707,0.7560954548741816,0.25354412415498007,0,1
SI0102,Tompkinsville-Stapleton-Clifton-Fox Hills,Staten Island,8.85,182,6.87,113,14.29,105,-1977610.2306,3.3294,10,6,4,8,4,2023-12-31,SI01,213.0,0.0,1.1299435028248588,0,1,High,1,1,2.3978952727983707,0.7560954548741816,0.25354412415498007,0,1
SI0102,Tompkinsville-Stapleton-Clifton-Fox Hills,Staten Island,8.85,182,6.87,113,14.29,105,-1977610.2306,3.3294,10,6,4,8,4,2024-01-31,SI01,238.0,0.0,1.1299435028248588,0,1,High,1,1,2.3978952727983707,0.7560954548741816,0.25354412415498007,0,1
SI0102,Tompkinsville-Stapleton-Clifton-Fox Hills,Staten Island,8.85,182,6.87,113,14.29,105,-1977610.2306,3.3294,10,6,4,8,4,2024-02-29,SI01,285.0,0.0,1.1299435028248588,0,1,High,1,1,2.3978952727983707,0.7560954548741816,0.25354412415498007,0,1
SI0102,Tompkinsville-Stapleton-Clifton-Fox Hills,Staten Island,8.85,182,6.87,113,14.29,105,-1977610.2306,3.3294,10,6,4,8,4,2024-03-31,SI01,286.0,0.0,1.1299435028248588,0,1,High,1,1,2.3978952727983707,0.7560954548741816,0.25354412415498007,0,1
SI0102,Tompkinsville-Stapleton-Clifton-Fox Hills,Staten Island,8.85,182,6.87,113,14.29,105,-1977610.2306,3.3294,10,6,4,8,4,2024-04-30,SI01,316.0,0.0,1.1299435028248588,0,1,High,1,1,2.3978952727983707,0.7560954548741816,0.25354412415498007,0,1
SI0102,Tompkinsville-Stapleton-Clifton-Fox Hills,Staten Island,8.85,182,6.87,113,14.29,105,-1977610.2306,3.3294,10,6,4,8,4,2024-05-31,SI01,327.0,0.0,1.1299435028248588,0,1,High,1,1,2.3978952727983707,0.7560954548741816,0.25354412415498007,0,1
SI0102,Tompkinsville-Stapleton-Clifton-Fox Hills,Staten Island,8.85,182,6.87,113,14.29,105,-1977610.2306,3.3294,10,6,4,8,4,2024-06-30,SI01,339.0,0.0,1.1299435028248588,0,1,High,1,1,2.3978952727983707,0.7560954548741816,0.25354412415498007,0,1
SI0102,Tompkinsville-Stapleton-Clifton-Fox Hills,Staten Island,8.85,182,6.87,113,14.29,105,-1977610.2306,3.3294,10,6,4,8,4,2024-07-31,SI01,390.0,0.0,1.1299435028248588,0,1,High,1,1,2.3978952727983707,0.7560954548741816,0.25354412415498007,0,1
SI0102,Tompkinsville-Stapleton-Clifton-Fox Hills,Staten Island,8.85,182,6.87,113,14.29,105,-1977610.2306,3.3294,10,6,4,8,4,2024-08-31,SI01,443.0,0.0,1.1299435028248588,0,1,High,1,1,2.3978952727983707,0.7560954548741816,0.25354412415498007,0,1
SI0102,Tompkinsville-Stapleton-Clifton-Fox Hills,Staten Island,8.85,182,6.87,113,14.29,105,-1977610.2306,3.3294,10,6,4,8,4,2024-09-30,SI01,491.0,0.0,1.1299435028248588,0,1,High,1,1,2.3978952727983707,0.7560954548741816,0.25354412415498007,0,1
SI0102,Tompkinsville-Stapleton-Clifton-Fox Hills,Staten Island,8.85,182,6.87,113,14.29,105,-1977610.2306,3.3294,10,6,4,8,4,2024-10-31,SI01,552.0,0.0,1.1299435028248588,0,1,High,1,1,2.3978952727983707,0.7560954548741816,0.25354412415498007,0,1
SI0102,Tompkinsville-Stapleton-Clifton-Fox Hills,Staten Island,8.85,182,6.87,113,14.29,105,-1977610.2306,3.3294,10,6,4,8,4,2024-11-30,SI01,552.0,0.0,1.1299435028248588,0,1,High,1,1,2.3978952727983707,0.7560954548741816,0.25354412415498007,0,1
SI0102,Tompkinsville-Stapleton-Clifton-Fox Hills,Staten Island,8.85,182,6.87,113,14.29,105,-1977610.2306,3.3294,10,6,4,8,4,2024-12-31,SI01,532.0,0.0,1.1299435028248588,0,1,High,1,1,2.3978952727983707,0.7560954548741816,0.25354412415498007,0,1
BK0302,Bedford-Stuyvesant (East),Brooklyn,17.27,72,9.12,48,10.19,179,-3265226.3004,3.2973,8,6,2,5,3,2023-01-31,BK03,772.0,0.0,0.46323103647944414,0,1,High,1,1,2.1972245773362196,0.3806470292415156,0.24864567914422178,0,1
BK0302,Bedford-Stuyvesant (East),Brooklyn,17.27,72,9.12,48,10.19,179,-3265226.3004,3.2973,8,6,2,5,3,2023-02-28,BK03,453.0,0.0,0.46323103647944414,0,1,High,1,1,2.1972245773362196,0.3806470292415156,0.24864567914422178,0,1
BK0302,Bedford-Stuyvesant (East),Brooklyn,17.27,72,9.12,48,10.19,179,-3265226.3004,3.2973,8,6,2,5,3,2023-03-31,BK03,420.0,0.0,0.46323103647944414,0,1,High,1,1,2.1972245773362196,0.3806470292415156,0.24864567914422178,0,1
BK0302,Bedford-Stuyvesant (East),Brooklyn,17.27,72,9.12,48,10.19,179,-3265226.3004,3.2973,8,6,2,5,3,2023-04-30,BK03,425.0,0.0,0.46323103647944414,0,1,High,1,1,2.1972245773362196,0.3806470292415156,0.24864567914422178,0,1
BK0302,Bedford-Stuyvesant (East),Brooklyn,17.27,72,9.12,48,10.19,179,-3265226.3004,3.2973,8,6,2,5,3,2023-05-31,BK03,409.0,0.0,0.46323103647944414,0,1,High,1,1,2.1972245773362196,0.3806470292415156,0.24864567914422178,0,1
BK0302,Bedford-Stuyvesant (East),Brooklyn,17.27,72,9.12,48,10.19,179,-3265226.3004,3.2973,8,6,2,5,3,2023-06-30,BK03,420.0,0.0,0.46323103647944414,0,1,High,1,1,2.1972245773362196,0.3806470292415156,0.24864567914422178,0,1
BK0302,Bedford-Stuyvesant (East),Brooklyn,17.27,72,9.12,48,10.19,179,-3265226.3004,3.2973,8,6,2,5,3,2023-07-31,BK03,427.0,0.0,0.46323103647944414,0,1,High,1,1,2.1972245773362196,0.3806470292415156,0.24864567914422178,0,1
BK0302,Bedford-Stuyvesant (East),Brooklyn,17.27,72,9.12,48,10.19,179,-3265226.3004,3.2973,8,6,2,5,3,2023-08-31,BK03,348.0,0.0,0.46323103647944414,0,1,High,1,1,2.1972245773362196,0.3806470292415156,0.24864567914422178,0,1
BK0302,Bedford-Stuyvesant (East),Brooklyn,17.27,72,9.12,48,10.19,179,-3265226.3004,3.2973,8,6,2,5,3,2023-09-30,BK03,423.0,0.0,0.46323103647944414,0,1,High,1,1,2.1972245773362196,0.3806470292415156,0.24864567914422178,0,1
BK0302,Bedford-Stuyvesant (East),Brooklyn,17.27,72,9.12,48,10.19,179,-3265226.3004,3.2973,8,6,2,5,3,2023-10-31,BK03,422.0,0.0,0.46323103647944414,0,1,High,1,1,2.1972245773362196,0.3806470292415156,0.24864567914422178,0,1
BK0302,Bedford-Stuyvesant (East),Brooklyn,17.27,72,9.12,48,10.19,179,-3265226.3004,3.2973,8,6,2,5,3,2023-11-30,BK03,417.0,0.0,0.46323103647944414,0,1,High,1,1,2.1972245773362196,0.3806470292415156,0.24864567914422178,0,1
BK0302,Bedford-Stuyvesant (East),Brooklyn,17.27,72,9.12,48,10.19,179,-3265226.3004,3.2973,8,6,2,5,3,2023-12-31,BK03,397.0,0.0,0.46323103647944414,0,1,High,1,1,2.1972245773362196,0.3806470292415156,0.24864567914422178,0,1
BK0302,Bedford-Stuyvesant (East),Brooklyn,17.27,72,9.12,48,10.19,179,-3265226.3004,3.2973,8,6,2,5,3,2024-01-31,BK03,390.0,0.0,0.46323103647944414,0,1,High,1,1,2.1972245773362196,0.3806470292415156,0.24864567914422178,0,1
BK0302,Bedford-Stuyvesant (East),Brooklyn,17.27,72,9.12,48,10.19,179,-3265226.3004,3.2973,8,6,2,5,3,2024-02-29,BK03,416.0,0.0,0.46323103647944414,0,1,High,1,1,2.1972245773362196,0.3806470292415156,0.24864567914422178,0,1
BK0302,Bedford-Stuyvesant (East),Brooklyn,17.27,72,9.12,48,10.19,179,-3265226.3004,3.2973,8,6,2,5,3,2024-03-31,BK03,424.0,0.0,0.46323103647944414,0,1,High,1,1,2.1972245773362196,0.3806470292415156,0.24864567914422178,0,1
BK0302,Bedford-Stuyvesant (East),Brooklyn,17.27,72,9.12,48,10.19,179,-3265226.3004,3.2973,8,6,2,5,3,2024-04-30,BK03,439.0,0.0,0.46323103647944414,0,1,High,1,1,2.1972245773362196,0.3806470292415156,0.24864567914422178,0,1
BK0302,Bedford-Stuyvesant (East),Brooklyn,17.27,72,9.12,48,10.19,179,-3265226.3004,3.2973,8,6,2,5,3,2024-05-31,BK03,437.0,0.0,0.46323103647944414,0,1,High,1,1,2.1972245773362196,0.3806470292415156,0.24864567914422178,0,1
BK0302,Bedford-Stuyvesant (East),Brooklyn,17.27,72,9.12,48,10.19,179,-3265226.3004,3.2973,8,6,2,5,3,2024-06-30,BK03,421.0,0.0,0.46323103647944414,0,1,High,1,1,2.1972245773362196,0.3806470292415156,0.24864567914422178,0,1
BK0302,Bedford-Stuyvesant (East),Brooklyn,17.27,72,9.12,48,10.19,179,-3265226.3004,3.2973,8,6,2,5,3,2024-07-31,BK03,418.0,0.0,0.46323103647944414,0,1,High,1,1,2.1972245773362196,0.3806470292415156,0.24864567914422178,0,1
BK0302,Bedford-Stuyvesant (East),Brooklyn,17.27,72,9.12,48,10.19,179,-3265226.3004,3.2973,8,6,2,5,3,2024-08-31,BK03,407.0,0.0,0.46323103647944414,0,1,High,1,1,2.1972245773362196,0.3806470292415156,0.24864567914422178,0,1
BK0302,Bedford-Stuyvesant (East),Brooklyn,17.27,72,9.12,48,10.19,179,-3265226.3004,3.2973,8,6,2,5,3,2024-09-30,BK03,439.0,0.0,0.46323103647944414,0,1,High,1,1,2.1972245773362196,0.3806470292415156,0.24864567914422178,0,1
BK0302,Bedford-Stuyvesant (East),Brooklyn,17.27,72,9.12,48,10.19,179,-3265226.3004,3.2973,8,6,2,5,3,2024-10-31,BK03,429.0,0.0,0.46323103647944414,0,1,High,1,1,2.1972245773362196,0.3806470292415156,0.24864567914422178,0,1
BK0302,Bedford-Stuyvesant (East),Brooklyn,17.27,72,9.12,48,10.19,179,-3265226.3004,3.2973,8,6,2,5,3,2024-11-30,BK03,433.0,0.0,0.46323103647944414,0,1,High,1,1,2.1972245773362196,0.3806470292415156,0.24864567914422178,0,1
BK0302,Bedford-Stuyvesant (East),Brooklyn,17.27,72,9.12,48,10.19,179,-3265226.3004,3.2973,8,6,2,5,3,2024-12-31,BK03,415.0,0.0,0.46323103647944414,0,1,High,1,1,2.1972245773362196,0.3806470292415156,0.24864567914422178,0,1
QN1202,South Jamaica,Queens,13.66,123,15.62,3,16.73,63,-3923144.6392,3.1957,8,6,2,7,1,2023-01-31,QN12,1410.0,1.0,0.5856515373352855,0,1,High,1,1,2.1972245773362196,0.4609953874302006,0.23314156658680624,0,1
QN1202,South Jamaica,Queens,13.66,123,15.62,3,16.73,63,-3923144.6392,3.1957,8,6,2,7,1,2023-02-28,QN12,1421.0,1.0,0.5856515373352855,0,1,High,1,1,2.1972245773362196,0.4609953874302006,0.23314156658680624,0,1
QN1202,South Jamaica,Queens,13.66,123,15.62,3,16.73,63,-3923144.6392,3.1957,8,6,2,7,1,2023-03-31,QN12,1354.0,1.0,0.5856515373352855,0,1,High,1,1,2.1972245773362196,0.4609953874302006,0.23314156658680624,0,1
QN1202,South Jamaica,Queens,13.66,123,15.62,3,16.73,63,-3923144.6392,3.1957,8,6,2,7,1,2023-04-30,QN12,1405.0,1.0,0.5856515373352855,0,1,High,1,1,2.1972245773362196,0.4609953874302006,0.23314156658680624,0,1
QN1202,South Jamaica,Queens,13.66,123,15.62,3,16.73,63,-3923144.6392,3.1957,8,6,2,7,1,2023-05-31,QN12,1421.0,1.0,0.5856515373352855,0,1,High,1,1,2.1972245773362196,0.4609953874302006,0.23314156658680624,0,1
QN1202,South Jamaica,Queens,13.66,123,15.62,3,16.73,63,-3923144.6392,3.1957,8,6,2,7,1,2023-06-30,QN12,1439.0,1.0,0.5856515373352855,0,1,High,1,1,2.1972245773362196,0.4609953874302006,0.23314156658680624,0,1
QN1202,South Jamaica,Queens,13.66,123,15.62,3,16.73,63,-3923144.6392,3.1957,8,6,2,7,1,2023-07-31,QN12,1384.0,1.0,0.5856515373352855,0,1,High,1,1,2.1972245773362196,0.4609953874302006,0.23314156658680624,0,1
QN1202,South Jamaica,Queens,13.66,123,15.62,3,16.73,63,-3923144.6392,3.1957,8,6,2,7,1,2023-08-31,QN12,1414.0,1.0,0.5856515373352855,0,1,High,1,1,2.1972245773362196,0.4609953874302006,0.23314156658680624,0,1
QN1202,South Jamaica,Queens,13.66,123,15.62,3,16.73,63,-3923144.6392,3.1957,8,6,2,7,1,2023-09-30,QN12,1390.0,1.0,0.5856515373352855,0,1,High,1,1,2.1972245773362196,0.4609953874302006,0.23314156658680624,0,1
QN1202,South Jamaica,Queens,13.66,123,15.62,3,16.73,63,-3923144.6392,3.1957,8,6,2,7,1,2023-10-31,QN12,1422.0,1.0,0.5856515373352855,0,1,High,1,1,2.1972245773362196,0.4609953874302006,0.23314156658680624,0,1
QN1202,South Jamaica,Queens,13.66,123,15.62,3,16.73,63,-3923144.6392,3.1957,8,6,2,7,1,2023-11-30,QN12,1523.0,1.0,0.5856515373352855,0,1,High,1,1,2.1972245773362196,0.4609953874302006,0.23314156658680624,0,1
QN1202,South Jamaica,Queens,13.66,123,15.62,3,16.73,63,-3923144.6392,3.1957,8,6,2,7,1,2023-12-31,QN12,2019.0,1.0,0.5856515373352855,0,1,High,1,1,2.1972245773362196,0.4609953874302006,0.23314156658680624,0,1
QN1202,South Jamaica,Queens,13.66,123,15.62,3,16.73,63,-3923144.6392,3.1957,8,6,2,7,1,2024-01-31,QN12,2285.0,1.0,0.5856515373352855,0,1,High,1,1,2.1972245773362196,0.4609953874302006,0.23314156658680624,0,1
QN1202,South Jamaica,Queens,13.66,123,15.62,3,16.73,63,-3923144.6392,3.1957,8,6,2,7,1,2024-02-29,QN12,2246.0,1.0,0.5856515373352855,0,1,High,1,1,2.1972245773362196,0.4609953874302006,0.23314156658680624,0,1
QN1202,South Jamaica,Queens,13.66,123,15.62,3,16.73,63,-3923144.6392,3.1957,8,6,2,7,1,2024-03-31,QN12,2245.0,1.0,0.5856515373352855,0,1,High,1,1,2.1972245773362196,0.4609953874302006,0.23314156658680624,0,1
QN1202,South Jamaica,Queens,13.66,123,15.62,3,16.73,63,-3923144.6392,3.1957,8,6,2,7,1,2024-04-30,QN12,2199.0,1.0,0.5856515373352855,0,1,High,1,1,2.1972245773362196,0.4609953874302006,0.23314156658680624,0,1
QN1202,South Jamaica,Queens,13.66,123,15.62,3,16.73,63,-3923144.6392,3.1957,8,6,2,7,1,2024-05-31,QN12,2149.0,1.0,0.5856515373352855,0,1,High,1,1,2.1972245773362196,0.4609953874302006,0.23314156658680624,0,1
QN1202,South Jamaica,Queens,13.66,123,15.62,3,16.73,63,-3923144.6392,3.1957,8,6,2,7,1,2024-06-30,QN12,1333.0,1.0,0.5856515373352855,0,1,High,1,1,2.1972245773362196,0.4609953874302006,0.23314156658680624,0,1
QN1202,South Jamaica,Queens,13.66,123,15.62,3,16.73,63,-3923144.6392,3.1957,8,6,2,7,1,2024-07-31,QN12,1348.0,1.0,0.5856515373352855,0,1,High,1,1,2.1972245773362196,0.4609953874302006,0.23314156658680624,0,1
QN1202,South Jamaica,Queens,13.66,123,15.62,3,16.73,63,-3923144.6392,3.1957,8,6,2,7,1,2024-08-31,QN12,1403.0,1.0,0.5856515373352855,0,1,High,1,1,2.1972245773362196,0.4609953874302006,0.23314156658680624,0,1
QN1202,South Jamaica,Queens,13.66,123,15.62,3,16.73,63,-3923144.6392,3.1957,8,6,2,7,1,2024-09-30,QN12,1389.0,1.0,0.5856515373352855,0,1,High,1,1,2.1972245773362196,0.4609953874302006,0.23314156658680624,0,1
QN1202,South Jamaica,Queens,13.66,123,15.62,3,16.73,63,-3923144.6392,3.1957,8,6,2,7,1,2024-10-31,QN12,1377.0,1.0,0.5856515373352855,0,1,High,1,1,2.1972245773362196,0.4609953874302006,0.23314156658680624,0,1
QN1202,South Jamaica,Queens,13.66,123,15.62,3,16.73,63,-3923144.6392,3.1957,8,6,2,7,1,2024-11-30,QN12,1396.0,1.0,0.5856515373352855,0,1,High,1,1,2.1972245773362196,0.4609953874302006,0.23314156658680624,0,1
QN1202,South Jamaica,Queens,13.66,123,15.62,3,16.73,63,-3923144.6392,3.1957,8,6,2,7,1,2024-12-31,QN12,1368.0,1.0,0.5856515373352855,0,1,High,1,1,2.1972245773362196,0.4609953874302006,0.23314156658680624,0,1
BK1801,Flatlands,Brooklyn,7.72,189,7.44,88,13.18,130,-3444044.3797,2.4925,8,8,2,4,4,2023-01-31,BK18,763.0,0.0,1.0362694300518136,0,1,High,1,1,2.1972245773362196,0.7111194229643758,0.12583357494926067,0,1
BK1801,Flatlands,Brooklyn,7.72,189,7.44,88,13.18,130,-3444044.3797,2.4925,8,8,2,4,4,2023-02-28,BK18,795.0,1.0,1.0362694300518136,0,1,High,1,1,2.1972245773362196,0.7111194229643758,0.12583357494926067,0,1
BK1801,Flatlands,Brooklyn,7.72,189,7.44,88,13.18,130,-3444044.3797,2.4925,8,8,2,4,4,2023-03-31,BK18,847.0,1.0,1.0362694300518136,0,1,High,1,1,2.1972245773362196,0.7111194229643758,0.12583357494926067,0,1
BK1801,Flatlands,Brooklyn,7.72,189,7.44,88,13.18,130,-3444044.3797,2.4925,8,8,2,4,4,2023-04-30,BK18,844.0,1.0,1.0362694300518136,0,1,High,1,1,2.1972245773362196,0.7111194229643758,0.12583357494926067,0,1
BK1801,Flatlands,Brooklyn,7.72,189,7.44,88,13.18,130,-3444044.3797,2.4925,8,8,2,4,4,2023-05-31,BK18,974.0,1.0,1.0362694300518136,0,1,High,1,1,2.1972245773362196,0.7111194229643758,0.12583357494926067,0,1
BK1801,Flatlands,Brooklyn,7.72,189,7.44,88,13.18,130,-3444044.3797,2.4925,8,8,2,4,4,2023-06-30,BK18,983.0,1.0,1.0362694300518136,0,1,High,1,1,2.1972245773362196,0.7111194229643758,0.12583357494926067,0,1
BK1801,Flatlands,Brooklyn,7.72,189,7.44,88,13.18,130,-3444044.3797,2.4925,8,8,2,4,4,2023-07-31,BK18,993.0,1.0,1.0362694300518136,0,1,High,1,1,2.1972245773362196,0.7111194229643758,0.12583357494926067,0,1
BK1801,Flatlands,Brooklyn,7.72,189,7.44,88,13.18,130,-3444044.3797,2.4925,8,8,2,4,4,2023-08-31,BK18,985.0,1.0,1.0362694300518136,0,1,High,1,1,2.1972245773362196,0.7111194229643758,0.12583357494926067,0,1
BK1801,Flatlands,Brooklyn,7.72,189,7.44,88,13.18,130,-3444044.3797,2.4925,8,8,2,4,4,2023-09-30,BK18,1013.0,1.0,1.0362694300518136,0,1,High,1,1,2.1972245773362196,0.7111194229643758,0.12583357494926067,0,1
BK1801,Flatlands,Brooklyn,7.72,189,7.44,88,13.18,130,-3444044.3797,2.4925,8,8,2,4,4,2023-10-31,BK18,989.0,1.0,1.0362694300518136,0,1,High,1,1,2.1972245773362196,0.7111194229643758,0.12583357494926067,0,1
BK1801,Flatlands,Brooklyn,7.72,189,7.44,88,13.18,130,-3444044.3797,2.4925,8,8,2,4,4,2023-11-30,BK18,995.0,1.0,1.0362694300518136,0,1,High,1,1,2.1972245773362196,0.7111194229643758,0.12583357494926067,0,1
BK1801,Flatlands,Brooklyn,7.72,189,7.44,88,13.18,130,-3444044.3797,2.4925,8,8,2,4,4,2023-12-31,BK18,1007.0,1.0,1.0362694300518136,0,1,High,1,1,2.1972245773362196,0.7111194229643758,0.12583357494926067,0,1
BK1801,Flatlands,Brooklyn,7.72,189,7.44,88,13.18,130,-3444044.3797,2.4925,8,8,2,4,4,2024-01-31,BK18,989.0,1.0,1.0362694300518136,0,1,High,1,1,2.1972245773362196,0.7111194229643758,0.12583357494926067,0,1
BK1801,Flatlands,Brooklyn,7.72,189,7.44,88,13.18,130,-3444044.3797,2.4925,8,8,2,4,4,2024-02-29,BK18,1015.0,1.0,1.0362694300518136,0,1,High,1,1,2.1972245773362196,0.7111194229643758,0.12583357494926067,0,1
BK1801,Flatlands,Brooklyn,7.72,189,7.44,88,13.18,130,-3444044.3797,2.4925,8,8,2,4,4,2024-03-31,BK18,1005.0,1.0,1.0362694300518136,0,1,High,1,1,2.1972245773362196,0.7111194229643758,0.12583357494926067,0,1
BK1801,Flatlands,Brooklyn,7.72,189,7.44,88,13.18,130,-3444044.3797,2.4925,8,8,2,4,4,2024-04-30,BK18,1005.0,1.0,1.0362694300518136,0,1,High,1,1,2.1972245773362196,0.7111194229643758,0.12583357494926067,0,1
BK1801,Flatlands,Brooklyn,7.72,189,7.44,88,13.18,130,-3444044.3797,2.4925,8,8,2,4,4,2024-05-31,BK18,1001.0,1.0,1.0362694300518136,0,1,High,1,1,2.1972245773362196,0.7111194229643758,0.12583357494926067,0,1
BK1801,Flatlands,Brooklyn,7.72,189,7.44,88,13.18,130,-3444044.3797,2.4925,8,8,2,4,4,2024-06-30,BK18,842.0,1.0,1.0362694300518136,0,1,High,1,1,2.1972245773362196,0.7111194229643758,0.12583357494926067,0,1
BK1801,Flatlands,Brooklyn,7.72,189,7.44,88,13.18,130,-3444044.3797,2.4925,8,8,2,4,4,2024-07-31,BK18,843.0,1.0,1.0362694300518136,0,1,High,1,1,2.1972245773362196,0.7111194229643758,0.12583357494926067,0,1
BK1801,Flatlands,Brooklyn,7.72,189,7.44,88,13.18,130,-3444044.3797,2.4925,8,8,2,4,4,2024-08-31,BK18,860.0,1.0,1.0362694300518136,0,1,High,1,1,2.1972245773362196,0.7111194229643758,0.12583357494926067,0,1
BK1801,Flatlands,Brooklyn,7.72,189,7.44,88,13.18,130,-3444044.3797,2.4925,8,8,2,4,4,2024-09-30,BK18,828.0,1.0,1.0362694300518136,0,1,High,1,1,2.1972245773362196,0.7111194229643758,0.12583357494926067,0,1
BK1801,Flatlands,Brooklyn,7.72,189,7.44,88,13.18,130,-3444044.3797,2.4925,8,8,2,4,4,2024-10-31,BK18,801.0,1.0,1.0362694300518136,0,1,High,1,1,2.1972245773362196,0.7111194229643758,0.12583357494926067,0,1
BK1801,Flatlands,Brooklyn,7.72,189,7.44,88,13.18,130,-3444044.3797,2.4925,8,8,2,4,4,2024-11-30,BK18,857.0,1.0,1.0362694300518136,0,1,High,1,1,2.1972245773362196,0.7111194229643758,0.12583357494926067,0,1
BK1801,Flatlands,Brooklyn,7.72,189,7.44,88,13.18,130,-3444044.3797,2.4925,8,8,2,4,4,2024-12-31,BK18,819.0,1.0,1.0362694300518136,0,1,High,1,1,2.1972245773362196,0.7111194229643758,0.12583357494926067,0,1
QN1205,St. Albans,Queens,7.53,191,5.34,155,11.99,154,-3121732.8749,2.3549,9,9,0,7,4,2023-01-31,QN12,1410.0,1.0,1.1952191235059761,0,1,High,0,1,2.302585092994046,0.7862818700211306,0.10483587920220967,0,1
QN1205,St. Albans,Queens,7.53,191,5.34,155,11.99,154,-3121732.8749,2.3549,9,9,0,7,4,2023-02-28,QN12,1421.0,1.0,1.1952191235059761,0,1,High,0,1,2.302585092994046,0.7862818700211306,0.10483587920220967,0,1
QN1205,St. Albans,Queens,7.53,191,5.34,155,11.99,154,-3121732.8749,2.3549,9,9,0,7,4,2023-03-31,QN12,1354.0,1.0,1.1952191235059761,0,1,High,0,1,2.302585092994046,0.7862818700211306,0.10483587920220967,0,1
QN1205,St. Albans,Queens,7.53,191,5.34,155,11.99,154,-3121732.8749,2.3549,9,9,0,7,4,2023-04-30,QN12,1405.0,1.0,1.1952191235059761,0,1,High,0,1,2.302585092994046,0.7862818700211306,0.10483587920220967,0,1
QN1205,St. Albans,Queens,7.53,191,5.34,155,11.99,154,-3121732.8749,2.3549,9,9,0,7,4,2023-05-31,QN12,1421.0,1.0,1.1952191235059761,0,1,High,0,1,2.302585092994046,0.7862818700211306,0.10483587920220967,0,1
QN1205,St. Albans,Queens,7.53,191,5.34,155,11.99,154,-3121732.8749,2.3549,9,9,0,7,4,2023-06-30,QN12,1439.0,1.0,1.1952191235059761,0,1,High,0,1,2.302585092994046,0.7862818700211306,0.10483587920220967,0,1
QN1205,St. Albans,Queens,7.53,191,5.34,155,11.99,154,-3121732.8749,2.3549,9,9,0,7,4,2023-07-31,QN12,1384.0,1.0,1.1952191235059761,0,1,High,0,1,2.302585092994046,0.7862818700211306,0.10483587920220967,0,1
QN1205,St. Albans,Queens,7.53,191,5.34,155,11.99,154,-3121732.8749,2.3549,9,9,0,7,4,2023-08-31,QN12,1414.0,1.0,1.1952191235059761,0,1,High,0,1,2.302585092994046,0.7862818700211306,0.10483587920220967,0,1
QN1205,St. Albans,Queens,7.53,191,5.34,155,11.99,154,-3121732.8749,2.3549,9,9,0,7,4,2023-09-30,QN12,1390.0,1.0,1.1952191235059761,0,1,High,0,1,2.302585092994046,0.7862818700211306,0.10483587920220967,0,1
QN1205,St. Albans,Queens,7.53,191,5.34,155,11.99,154,-3121732.8749,2.3549,9,9,0,7,4,2023-10-31,QN12,1422.0,1.0,1.1952191235059761,0,1,High,0,1,2.302585092994046,0.7862818700211306,0.10483587920220967,0,1
QN1205,St. Albans,Queens,7.53,191,5.34,155,11.99,154,-3121732.8749,2.3549,9,9,0,7,4,2023-11-30,QN12,1523.0,1.0,1.1952191235059761,0,1,High,0,1,2.302585092994046,0.7862818700211306,0.10483587920220967,0,1
QN1205,St. Albans,Queens,7.53,191,5.34,155,11.99,154,-3121732.8749,2.3549,9,9,0,7,4,2023-12-31,QN12,2019.0,1.0,1.1952191235059761,0,1,High,0,1,2.302585092994046,0.7862818700211306,0.10483587920220967,0,1
QN1205,St. Albans,Queens,7.53,191,5.34,155,11.99,154,-3121732.8749,2.3549,9,9,0,7,4,2024-01-31,QN12,2285.0,1.0,1.1952191235059761,0,1,High,0,1,2.302585092994046,0.7862818700211306,0.10483587920220967,0,1
QN1205,St. Albans,Queens,7.53,191,5.34,155,11.99,154,-3121732.8749,2.3549,9,9,0,7,4,2024-02-29,QN12,2246.0,1.0,1.1952191235059761,0,1,High,0,1,2.302585092994046,0.7862818700211306,0.10483587920220967,0,1
QN1205,St. Albans,Queens,7.53,191,5.34,155,11.99,154,-3121732.8749,2.3549,9,9,0,7,4,2024-03-31,QN12,2245.0,1.0,1.1952191235059761,0,1,High,0,1,2.302585092994046,0.7862818700211306,0.10483587920220967,0,1
QN1205,St. Albans,Queens,7.53,191,5.34,155,11.99,154,-3121732.8749,2.3549,9,9,0,7,4,2024-04-30,QN12,2199.0,1.0,1.1952191235059761,0,1,High,0,1,2.302585092994046,0.7862818700211306,0.10483587920220967,0,1
QN1205,St. Albans,Queens,7.53,191,5.34,155,11.99,154,-3121732.8749,2.3549,9,9,0,7,4,2024-05-31,QN12,2149.0,1.0,1.1952191235059761,0,1,High,0,1,2.302585092994046,0.7862818700211306,0.10483587920220967,0,1
QN1205,St. Albans,Queens,7.53,191,5.34,155,11.99,154,-3121732.8749,2.3549,9,9,0,7,4,2024-06-30,QN12,1333.0,1.0,1.1952191235059761,0,1,High,0,1,2.302585092994046,0.7862818700211306,0.10483587920220967,0,1
QN1205,St. Albans,Queens,7.53,191,5.34,155,11.99,154,-3121732.8749,2.3549,9,9,0,7,4,2024-07-31,QN12,1348.0,1.0,1.1952191235059761,0,1,High,0,1,2.302585092994046,0.7862818700211306,0.10483587920220967,0,1
QN1205,St. Albans,Queens,7.53,191,5.34,155,11.99,154,-3121732.8749,2.3549,9,9,0,7,4,2024-08-31,QN12,1403.0,1.0,1.1952191235059761,0,1,High,0,1,2.302585092994046,0.7862818700211306,0.10483587920220967,0,1
QN1205,St. Albans,Queens,7.53,191,5.34,155,11.99,154,-3121732.8749,2.3549,9,9,0,7,4,2024-09-30,QN12,1389.0,1.0,1.1952191235059761,0,1,High,0,1,2.302585092994046,0.7862818700211306,0.10483587920220967,0,1
QN1205,St. Albans,Queens,7.53,191,5.34,155,11.99,154,-3121732.8749,2.3549,9,9,0,7,4,2024-10-31,QN12,1377.0,1.0,1.1952191235059761,0,1,High,0,1,2.302585092994046,0.7862818700211306,0.10483587920220967,0,1
QN1205,St. Albans,Queens,7.53,191,5.34,155,11.99,154,-3121732.8749,2.3549,9,9,0,7,4,2024-11-30,QN12,1396.0,1.0,1.1952191235059761,0,1,High,0,1,2.302585092994046,0.7862818700211306,0.10483587920220967,0,1
QN1205,St. Albans,Queens,7.53,191,5.34,155,11.99,154,-3121732.8749,2.3549,9,9,0,7,4,2024-12-31,QN12,1368.0,1.0,1.1952191235059761,0,1,High,0,1,2.302585092994046,0.7862818700211306,0.10483587920220967,0,1
QN0105,Queensbridge-Ravenswood-Dutch Kills,Queens,18.81,60,7.24,94,17.41,55,-3790742.5204,2.2455,4,4,0,4,2,2023-01-31,QN01,1356.0,1.0,0.21265284423179162,0,1,High,0,1,1.6094379124341003,0.19281039298335767,0.0881414902870397,0,1
QN0105,Queensbridge-Ravenswood-Dutch Kills,Queens,18.81,60,7.24,94,17.41,55,-3790742.5204,2.2455,4,4,0,4,2,2023-02-28,QN01,376.0,0.0,0.21265284423179162,0,1,High,0,1,1.6094379124341003,0.19281039298335767,0.0881414902870397,0,1
QN0105,Queensbridge-Ravenswood-Dutch Kills,Queens,18.81,60,7.24,94,17.41,55,-3790742.5204,2.2455,4,4,0,4,2,2023-03-31,QN01,596.0,0.0,0.21265284423179162,0,1,High,0,1,1.6094379124341003,0.19281039298335767,0.0881414902870397,0,1
QN0105,Queensbridge-Ravenswood-Dutch Kills,Queens,18.81,60,7.24,94,17.41,55,-3790742.5204,2.2455,4,4,0,4,2,2023-04-30,QN01,617.0,0.0,0.21265284423179162,0,1,High,0,1,1.6094379124341003,0.19281039298335767,0.0881414902870397,0,1
QN0105,Queensbridge-Ravenswood-Dutch Kills,Queens,18.81,60,7.24,94,17.41,55,-3790742.5204,2.2455,4,4,0,4,2,2023-05-31,QN01,581.0,0.0,0.21265284423179162,0,1,High,0,1,1.6094379124341003,0.19281039298335767,0.0881414902870397,0,1
QN0105,Queensbridge-Ravenswood-Dutch Kills,Queens,18.81,60,7.24,94,17.41,55,-3790742.5204,2.2455,4,4,0,4,2,2023-06-30,QN01,611.0,0.0,0.21265284423179162,0,1,High,0,1,1.6094379124341003,0.19281039298335767,0.0881414902870397,0,1
QN0105,Queensbridge-Ravenswood-Dutch Kills,Queens,18.81,60,7.24,94,17.41,55,-3790742.5204,2.2455,4,4,0,4,2,2023-07-31,QN01,597.0,0.0,0.21265284423179162,0,1,High,0,1,1.6094379124341003,0.19281039298335767,0.0881414902870397,0,1
QN0105,Queensbridge-Ravenswood-Dutch Kills,Queens,18.81,60,7.24,94,17.41,55,-3790742.5204,2.2455,4,4,0,4,2,2023-08-31,QN01,928.0,1.0,0.21265284423179162,0,1,High,0,1,1.6094379124341003,0.19281039298335767,0.0881414902870397,0,1
QN0105,Queensbridge-Ravenswood-Dutch Kills,Queens,18.81,60,7.24,94,17.41,55,-3790742.5204,2.2455,4,4,0,4,2,2023-09-30,QN01,961.0,1.0,0.21265284423179162,0,1,High,0,1,1.6094379124341003,0.19281039298335767,0.0881414902870397,0,1
QN0105,Queensbridge-Ravenswood-Dutch Kills,Queens,18.81,60,7.24,94,17.41,55,-3790742.5204,2.2455,4,4,0,4,2,2023-10-31,QN01,972.0,1.0,0.21265284423179162,0,1,High,0,1,1.6094379124341003,0.19281039298335767,0.0881414902870397,0,1
QN0105,Queensbridge-Ravenswood-Dutch Kills,Queens,18.81,60,7.24,94,17.41,55,-3790742.5204,2.2455,4,4,0,4,2,2023-11-30,QN01,982.0,1.0,0.21265284423179162,0,1,High,0,1,1.6094379124341003,0.19281039298335767,0.0881414902870397,0,1
QN0105,Queensbridge-Ravenswood-Dutch Kills,Queens,18.81,60,7.24,94,17.41,55,-3790742.5204,2.2455,4,4,0,4,2,2023-12-31,QN01,947.0,1.0,0.21265284423179162,0,1,High,0,1,1.6094379124341003,0.19281039298335767,0.0881414902870397,0,1
QN0105,Queensbridge-Ravenswood-Dutch Kills,Queens,18.81,60,7.24,94,17.41,55,-3790742.5204,2.2455,4,4,0,4,2,2024-01-31,QN01,739.0,0.0,0.21265284423179162,0,1,High,0,1,1.6094379124341003,0.19281039298335767,0.0881414902870397,0,1
QN0105,Queensbridge-Ravenswood-Dutch Kills,Queens,18.81,60,7.24,94,17.41,55,-3790742.5204,2.2455,4,4,0,4,2,2024-02-29,QN01,725.0,0.0,0.21265284423179162,0,1,High,0,1,1.6094379124341003,0.19281039298335767,0.0881414902870397,0,1
QN0105,Queensbridge-Ravenswood-Dutch Kills,Queens,18.81,60,7.24,94,17.41,55,-3790742.5204,2.2455,4,4,0,4,2,2024-03-31,QN01,727.0,0.0,0.21265284423179162,0,1,High,0,1,1.6094379124341003,0.19281039298335767,0.0881414902870397,0,1
QN0105,Queensbridge-Ravenswood-Dutch Kills,Queens,18.81,60,7.24,94,17.41,55,-3790742.5204,2.2455,4,4,0,4,2,2024-04-30,QN01,709.0,0.0,0.21265284423179162,0,1,High,0,1,1.6094379124341003,0.19281039298335767,0.0881414902870397,0,1
QN0105,Queensbridge-Ravenswood-Dutch Kills,Queens,18.81,60,7.24,94,17.41,55,-3790742.5204,2.2455,4,4,0,4,2,2024-05-31,QN01,665.0,0.0,0.21265284423179162,0,1,High,0,1,1.6094379124341003,0.19281039298335767,0.0881414902870397,0,1
QN0105,Queensbridge-Ravenswood-Dutch Kills,Queens,18.81,60,7.24,94,17.41,55,-3790742.5204,2.2455,4,4,0,4,2,2024-06-30,QN01,352.0,0.0,0.21265284423179162,0,1,High,0,1,1.6094379124341003,0.19281039298335767,0.0881414902870397,0,1
QN0105,Queensbridge-Ravenswood-Dutch Kills,Queens,18.81,60,7.24,94,17.41,55,-3790742.5204,2.2455,4,4,0,4,2,2024-07-31,QN01,344.0,0.0,0.21265284423179162,0,1,High,0,1,1.6094379124341003,0.19281039298335767,0.0881414902870397,0,1
QN0105,Queensbridge-Ravenswood-Dutch Kills,Queens,18.81,60,7.24,94,17.41,55,-3790742.5204,2.2455,4,4,0,4,2,2024-08-31,QN01,356.0,0.0,0.21265284423179162,0,1,High,0,1,1.6094379124341003,0.19281039298335767,0.0881414902870397,0,1
QN0105,Queensbridge-Ravenswood-Dutch Kills,Queens,18.81,60,7.24,94,17.41,55,-3790742.5204,2.2455,4,4,0,4,2,2024-09-30,QN01,362.0,0.0,0.21265284423179162,0,1,High,0,1,1.6094379124341003,0.19281039298335767,0.0881414902870397,0,1
QN0105,Queensbridge-Ravenswood-Dutch Kills,Queens,18.81,60,7.24,94,17.41,55,-3790742.5204,2.2455,4,4,0,4,2,2024-10-31,QN01,319.0,0.0,0.21265284423179162,0,1,High,0,1,1.6094379124341003,0.19281039298335767,0.0881414902870397,0,1
QN0105,Queensbridge-Ravenswood-Dutch Kills,Queens,18.81,60,7.24,94,17.41,55,-3790742.5204,2.2455,4,4,0,4,2,2024-11-30,QN01,320.0,0.0,0.21265284423179162,0,1,High,0,1,1.6094379124341003,0.19281039298335767,0.0881414902870397,0,1
QN0105,Queensbridge-Ravenswood-Dutch Kills,Queens,18.81,60,7.24,94,17.41,55,-3790742.5204,2.2455,4,4,0,4,2,2024-12-31,QN01,313.0,0.0,0.21265284423179162,0,1,High,0,1,1.6094379124341003,0.19281039298335767,0.0881414902870397,0,1
BK1803,Canarsie,Brooklyn,7.51,192,7.03,105,13.4,122,-4606011.5076,1.9331,5,5,1,2,4,2023-01-31,BK18,763.0,0.0,0.6657789613848203,0,1,High,1,1,1.791759469228055,0.5102928587027764,0.04046939616364775,0,1
BK1803,Canarsie,Brooklyn,7.51,192,7.03,105,13.4,122,-4606011.5076,1.9331,5,5,1,2,4,2023-02-28,BK18,795.0,1.0,0.6657789613848203,0,1,High,1,1,1.791759469228055,0.5102928587027764,0.04046939616364775,0,1
BK1803,Canarsie,Brooklyn,7.51,192,7.03,105,13.4,122,-4606011.5076,1.9331,5,5,1,2,4,2023-03-31,BK18,847.0,1.0,0.6657789613848203,0,1,High,1,1,1.791759469228055,0.5102928587027764,0.04046939616364775,0,1
BK1803,Canarsie,Brooklyn,7.51,192,7.03,105,13.4,122,-4606011.5076,1.9331,5,5,1,2,4,2023-04-30,BK18,844.0,1.0,0.6657789613848203,0,1,High,1,1,1.791759469228055,0.5102928587027764,0.04046939616364775,0,1
BK1803,Canarsie,Brooklyn,7.51,192,7.03,105,13.4,122,-4606011.5076,1.9331,5,5,1,2,4,2023-05-31,BK18,974.0,1.0,0.6657789613848203,0,1,High,1,1,1.791759469228055,0.5102928587027764,0.04046939616364775,0,1
BK1803,Canarsie,Brooklyn,7.51,192,7.03,105,13.4,122,-4606011.5076,1.9331,5,5,1,2,4,2023-06-30,BK18,983.0,1.0,0.6657789613848203,0,1,High,1,1,1.791759469228055,0.5102928587027764,0.04046939616364775,0,1
BK1803,Canarsie,Brooklyn,7.51,192,7.03,105,13.4,122,-4606011.5076,1.9331,5,5,1,2,4,2023-07-31,BK18,993.0,1.0,0.6657789613848203,0,1,High,1,1,1.791759469228055,0.5102928587027764,0.04046939616364775,0,1
BK1803,Canarsie,Brooklyn,7.51,192,7.03,105,13.4,122,-4606011.5076,1.9331,5,5,1,2,4,2023-08-31,BK18,985.0,1.0,0.6657789613848203,0,1,High,1,1,1.791759469228055,0.5102928587027764,0.04046939616364775,0,1
BK1803,Canarsie,Brooklyn,7.51,192,7.03,105,13.4,122,-4606011.5076,1.9331,5,5,1,2,4,2023-09-30,BK18,1013.0,1.0,0.6657789613848203,0,1,High,1,1,1.791759469228055,0.5102928587027764,0.04046939616364775,0,1
BK1803,Canarsie,Brooklyn,7.51,192,7.03,105,13.4,122,-4606011.5076,1.9331,5,5,1,2,4,2023-10-31,BK18,989.0,1.0,0.6657789613848203,0,1,High,1,1,1.791759469228055,0.5102928587027764,0.04046939616364775,0,1
BK1803,Canarsie,Brooklyn,7.51,192,7.03,105,13.4,122,-4606011.5076,1.9331,5,5,1,2,4,2023-11-30,BK18,995.0,1.0,0.6657789613848203,0,1,High,1,1,1.791759469228055,0.5102928587027764,0.04046939616364775,0,1
BK1803,Canarsie,Brooklyn,7.51,192,7.03,105,13.4,122,-4606011.5076,1.9331,5,5,1,2,4,2023-12-31,BK18,1007.0,1.0,0.6657789613848203,0,1,High,1,1,1.791759469228055,0.5102928587027764,0.04046939616364775,0,1
BK1803,Canarsie,Brooklyn,7.51,192,7.03,105,13.4,122,-4606011.5076,1.9331,5,5,1,2,4,2024-01-31,BK18,989.0,1.0,0.6657789613848203,0,1,High,1,1,1.791759469228055,0.5102928587027764,0.04046939616364775,0,1
BK1803,Canarsie,Brooklyn,7.51,192,7.03,105,13.4,122,-4606011.5076,1.9331,5,5,1,2,4,2024-02-29,BK18,1015.0,1.0,0.6657789613848203,0,1,High,1,1,1.791759469228055,0.5102928587027764,0.04046939616364775,0,1
BK1803,Canarsie,Brooklyn,7.51,192,7.03,105,13.4,122,-4606011.5076,1.9331,5,5,1,2,4,2024-03-31,BK18,1005.0,1.0,0.6657789613848203,0,1,High,1,1,1.791759469228055,0.5102928587027764,0.04046939616364775,0,1
BK1803,Canarsie,Brooklyn,7.51,192,7.03,105,13.4,122,-4606011.5076,1.9331,5,5,1,2,4,2024-04-30,BK18,1005.0,1.0,0.6657789613848203,0,1,High,1,1,1.791759469228055,0.5102928587027764,0.04046939616364775,0,1
BK1803,Canarsie,Brooklyn,7.51,192,7.03,105,13.4,122,-4606011.5076,1.9331,5,5,1,2,4,2024-05-31,BK18,1001.0,1.0,0.6657789613848203,0,1,High,1,1,1.791759469228055,0.5102928587027764,0.04046939616364775,0,1
BK1803,Canarsie,Brooklyn,7.51,192,7.03,105,13.4,122,-4606011.5076,1.9331,5,5,1,2,4,2024-06-30,BK18,842.0,1.0,0.6657789613848203,0,1,High,1,1,1.791759469228055,0.5102928587027764,0.04046939616364775,0,1
BK1803,Canarsie,Brooklyn,7.51,192,7.03,105,13.4,122,-4606011.5076,1.9331,5,5,1,2,4,2024-07-31,BK18,843.0,1.0,0.6657789613848203,0,1,High,1,1,1.791759469228055,0.5102928587027764,0.04046939616364775,0,1
BK1803,Canarsie,Brooklyn,7.51,192,7.03,105,13.4,122,-4606011.5076,1.9331,5,5,1,2,4,2024-08-31,BK18,860.0,1.0,0.6657789613848203,0,1,High,1,1,1.791759469228055,0.5102928587027764,0.04046939616364775,0,1
BK1803,Canarsie,Brooklyn,7.51,192,7.03,105,13.4,122,-4606011.5076,1.9331,5,5,1,2,4,2024-09-30,BK18,828.0,1.0,0.6657789613848203,0,1,High,1,1,1.791759469228055,0.5102928587027764,0.04046939616364775,0,1
BK1803,Canarsie,Brooklyn,7.51,192,7.03,105,13.4,122,-4606011.5076,1.9331,5,5,1,2,4,2024-10-31,BK18,801.0,1.0,0.6657789613848203,0,1,High,1,1,1.791759469228055,0.5102928587027764,0.04046939616364775,0,1
BK1803,Canarsie,Brooklyn,7.51,192,7.03,105,13.4,122,-4606011.5076,1.9331,5,5,1,2,4,2024-11-30,BK18,857.0,1.0,0.6657789613848203,0,1,High,1,1,1.791759469228055,0.5102928587027764,0.04046939616364775,0,1
BK1803,Canarsie,Brooklyn,7.51,192,7.03,105,13.4,122,-4606011.5076,1.9331,5,5,1,2,4,2024-12-31,BK18,819.0,1.0,0.6657789613848203,0,1,High,1,1,1.791759469228055,0.5102928587027764,0.04046939616364775,0,1
QN0902,Richmond Hill,Queens,13.6,124,6.53,119,19.58,35,-3674853.8866,1.6679,4,4,0,3,2,2023-01-31,QN09,0.0,0.0,0.29411764705882354,0,1,High,0,1,1.6094379124341003,0.2578291093020998,0.0,0,1
QN0902,Richmond Hill,Queens,13.6,124,6.53,119,19.58,35,-3674853.8866,1.6679,4,4,0,3,2,2023-02-28,QN09,0.0,0.0,0.29411764705882354,0,1,High,0,1,1.6094379124341003,0.2578291093020998,0.0,0,1
QN0902,Richmond Hill,Queens,13.6,124,6.53,119,19.58,35,-3674853.8866,1.6679,4,4,0,3,2,2023-03-31,QN09,0.0,0.0,0.29411764705882354,0,1,High,0,1,1.6094379124341003,0.2578291093020998,0.0,0,1
QN0902,Richmond Hill,Queens,13.6,124,6.53,119,19.58,35,-3674853.8866,1.6679,4,4,0,3,2,2023-04-30,QN09,0.0,0.0,0.29411764705882354,0,1,High,0,1,1.6094379124341003,0.2578291093020998,0.0,0,1
QN0902,Richmond Hill,Queens,13.6,124,6.53,119,19.58,35,-3674853.8866,1.6679,4,4,0,3,2,2023-05-31,QN09,0.0,0.0,0.29411764705882354,0,1,High,0,1,1.6094379124341003,0.2578291093020998,0.0,0,1
QN0902,Richmond Hill,Queens,13.6,124,6.53,119,19.58,35,-3674853.8866,1.6679,4,4,0,3,2,2023-06-30,QN09,0.0,0.0,0.29411764705882354,0,1,High,0,1,1.6094379124341003,0.2578291093020998,0.0,0,1
QN0902,Richmond Hill,Queens,13.6,124,6.53,119,19.58,35,-3674853.8866,1.6679,4,4,0,3,2,2023-07-31,QN09,0.0,0.0,0.29411764705882354,0,1,High,0,1,1.6094379124341003,0.2578291093020998,0.0,0,1
QN0902,Richmond Hill,Queens,13.6,124,6.53,119,19.58,35,-3674853.8866,1.6679,4,4,0,3,2,2023-08-31,QN09,0.0,0.0,0.29411764705882354,0,1,High,0,1,1.6094379124341003,0.2578291093020998,0.0,0,1
QN0902,Richmond Hill,Queens,13.6,124,6.53,119,19.58,35,-3674853.8866,1.6679,4,4,0,3,2,2023-09-30,QN09,0.0,0.0,0.29411764705882354,0,1,High,0,1,1.6094379124341003,0.2578291093020998,0.0,0,1
QN0902,Richmond Hill,Queens,13.6,124,6.53,119,19.58,35,-3674853.8866,1.6679,4,4,0,3,2,2023-10-31,QN09,0.0,0.0,0.29411764705882354,0,1,High,0,1,1.6094379124341003,0.2578291093020998,0.0,0,1
QN0902,Richmond Hill,Queens,13.6,124,6.53,119,19.58,35,-3674853.8866,1.6679,4,4,0,3,2,2023-11-30,QN09,0.0,0.0,0.29411764705882354,0,1,High,0,1,1.6094379124341003,0.2578291093020998,0.0,0,1
QN0902,Richmond Hill,Queens,13.6,124,6.53,119,19.58,35,-3674853.8866,1.6679,4,4,0,3,2,2023-12-31,QN09,0.0,0.0,0.29411764705882354,0,1,High,0,1,1.6094379124341003,0.2578291093020998,0.0,0,1
QN0902,Richmond Hill,Queens,13.6,124,6.53,119,19.58,35,-3674853.8866,1.6679,4,4,0,3,2,2024-01-31,QN09,0.0,0.0,0.29411764705882354,0,1,High,0,1,1.6094379124341003,0.2578291093020998,0.0,0,1
QN0902,Richmond Hill,Queens,13.6,124,6.53,119,19.58,35,-3674853.8866,1.6679,4,4,0,3,2,2024-02-29,QN09,0.0,0.0,0.29411764705882354,0,1,High,0,1,1.6094379124341003,0.2578291093020998,0.0,0,1
QN0902,Richmond Hill,Queens,13.6,124,6.53,119,19.58,35,-3674853.8866,1.6679,4,4,0,3,2,2024-03-31,QN09,0.0,0.0,0.29411764705882354,0,1,High,0,1,1.6094379124341003,0.2578291093020998,0.0,0,1
QN0902,Richmond Hill,Queens,13.6,124,6.53,119,19.58,35,-3674853.8866,1.6679,4,4,0,3,2,2024-04-30,QN09,0.0,0.0,0.29411764705882354,0,1,High,0,1,1.6094379124341003,0.2578291093020998,0.0,0,1
QN0902,Richmond Hill,Queens,13.6,124,6.53,119,19.58,35,-3674853.8866,1.6679,4,4,0,3,2,2024-05-31,QN09,0.0,0.0,0.29411764705882354,0,1,High,0,1,1.6094379124341003,0.2578291093020998,0.0,0,1
QN0902,Richmond Hill,Queens,13.6,124,6.53,119,19.58,35,-3674853.8866,1.6679,4,4,0,3,2,2024-06-30,QN09,0.0,0.0,0.29411764705882354,0,1,High,0,1,1.6094379124341003,0.2578291093020998,0.0,0,1
QN0902,Richmond Hill,Queens,13.6,124,6.53,119,19.58,35,-3674853.8866,1.6679,4,4,0,3,2,2024-07-31,QN09,0.0,0.0,0.29411764705882354,0,1,High,0,1,1.6094379124341003,0.2578291093020998,0.0,0,1
QN0902,Richmond Hill,Queens,13.6,124,6.53,119,19.58,35,-3674853.8866,1.6679,4,4,0,3,2,2024-08-31,QN09,0.0,0.0,0.29411764705882354,0,1,High,0,1,1.6094379124341003,0.2578291093020998,0.0,0,1
QN0902,Richmond Hill,Queens,13.6,124,6.53,119,19.58,35,-3674853.8866,1.6679,4,4,0,3,2,2024-09-30,QN09,0.0,0.0,0.29411764705882354,0,1,High,0,1,1.6094379124341003,0.2578291093020998,0.0,0,1
QN0902,Richmond Hill,Queens,13.6,124,6.53,119,19.58,35,-3674853.8866,1.6679,4,4,0,3,2,2024-10-31,QN09,0.0,0.0,0.29411764705882354,0,1,High,0,1,1.6094379124341003,0.2578291093020998,0.0,0,1
QN0902,Richmond Hill,Queens,13.6,124,6.53,119,19.58,35,-3674853.8866,1.6679,4,4,0,3,2,2024-11-30,QN09,0.0,0.0,0.29411764705882354,0,1,High,0,1,1.6094379124341003,0.2578291093020998,0.0,0,1
QN0902,Richmond Hill,Queens,13.6,124,6.53,119,19.58,35,-3674853.8866,1.6679,4,4,0,3,2,2024-12-31,QN09,0.0,0.0,0.29411764705882354,0,1,High,0,1,1.6094379124341003,0.2578291093020998,0.0,0,1
